Visit ID,BDM Code,BDM Name,Outlet Code,Outlet Name,Visit Date,Check In,Duration (mins),Purpose,Remarks
V00001,BDM012,Yuvaraj S,OA0152,Meenakshi Gadgets,05/05/2026,10:31,30,Collection,
V00002,BDM006,Jegan R,OA0662,Vinayaga Mobile,2026-07-04,14:11,,followup,owner not available
V00003,BDM007,Mohan Raj,OA0630,Anandha Telecom,2026-06-16,17:00,20,Routine visit,
V00004,BDM007,Mohan Raj,OA0452,Sri Balaji Enterprises,2026-05-28,13:02,25,Routine visit,discussed scheme
V00005,BDM011,Ilango M,OA0467,Devi Enterprises,15/05/2026,12:57,45,Routine visit,will order next week
V00006,BDM002,Prakash M,OA0528,Mobile World Infotech,2026-06-15,10:32,5,Complaint,
V00007,BDM011,Ilango M,OA0560,Sri Krishna Communications,2026-05-13,10:17,8,Follow up,discussed scheme
V00008,BDM008,Sathya N,OA0527,,2026-05-21,10:25,,New onboarding,shop closed
V00009,BDM004,Ashok Kumar,OA0490,Amman Mobiles,10/07/2026,10:55,20,Stock check,display not as per norms
V00010,BDM012,Yuvaraj S,OA0808,Sakthi Communications - Branch,06/06/2026,13:16,20,Collection,
V00011,BDM009,Gowtham S,OA0254,Vinayaga Infotech,15/05/2026,11:22,25,Follow up,stock displayed
V00012,BDM003,Vetri S,OA0050,Big C Electronics,18/05/2026,12:06,,Collection,
V00013,BDM008,Sathya N,OA0120,City Gadgets,25/05/2026,16:08,15,,stock displayed
V00014,BDM010,Praveen K,OA0818,Selvam Agencies ,2026-06-24,12:00,30,Routine visit,asked for better margin
V00015,BDM008,Sathya N,OA0014,Ganesh Cellpoint,23/07/2026,14:54,5,New onboarding,display not as per norms
V00016,BDM005,Dhanush P,OA0738,Selvam Mobiles,12/06/2026,16:04,15,Collection,
V00017,BDM006,Jegan R,OA0423,Bharath Electronics,21/05/2026,11:06,25,Complaint,stock displayed
V00018,BDM011,Ilango M,OA0587,Big C Communications,14/07/2026,11:18,25,Routine visit,will order next week
V00019,BDM012,Yuvaraj S,OA0026,Meenakshi Infotech,05/05/2026,15:18,,New onboarding,asked for better margin
V00020,BDM002,Prakash M,OA0664,New Star Traders,22/05/2026,11:20,25,Collection,asked for better margin
V00021,BDM012,Yuvaraj S,OA0208,Universal Mobile,20/05/2026,14:59,20,Collection,display not as per norms
V00022,BDM004,Ashok Kumar,OA0168,Jeyam Traders,2026-05-02,10:21,30,Stock check,shop closed
V00023,BDM001,Sundar R,OA0483,Ram Gadgets,13/07/2026,15:16,30,followup,
V00024,BDM005,Dhanush P,OA0816,MUTHU AGENCIES,2026-06-18,14:17,10,Order,discussed scheme
V00025,BDM004,Ashok Kumar,OA0814,Poorvika Traders ,02/07/2026,12:13,20,Order,asked for better margin
V00026,BDM004,Ashok Kumar,OA0286,Poorvika Telecom,26/06/2026,16:52,,Routine visit,collection pending
V00027,BDM005,Dhanush P,OA0757,Universal Enterprises,10/07/2026,15:46,5,New onboarding,discussed scheme
V00028,BDM003,Vetri S,OA0334,Bharath Electronics,18/07/2026,15:11,5,Routine visit,collection pending
V00029,BDM011,Ilango M,OA0172,iStore Electronics,02/07/2026,11:44,30,Routine visit,
V00030,BDM006,Jegan R,OA0124,,13/05/2026,13:23,20,New onboarding,owner not available
V00031,BDM006,Jegan R,OA0044,Muthu Mobiles,2026-06-09,11:24,,Follow up,
V00032,BDM004,Ashok Kumar,OA0545,Vasanth Agencies,24/05/2026,12:13,5,,discussed scheme
V00033,BDM004,Ashok Kumar,OA0032,Modern Cellpoint,28/07/2026,15:06,15,followup,display not as per norms
V00034,BDM004,Ashok Kumar,OA0066,Universal Traders,2026-05-22,15:15,45,Complaint,asked for better margin
V00035,BDM001,Sundar R,OA0029,Lakshmi Traders,23/06/2026,13:28,5,followup,discussed scheme
V00036,BDM004,Ashok Kumar,OA0269,Amman Cellpoint,08/06/2026,12:57,10,followup,display not as per norms
V00037,BDM009,Gowtham S,OA0223,Mobile World Traders,2026-06-18,13:23,25,followup,
V00038,BDM008,Sathya N,OA0566,Ganesh Gadgets,06/06/2026,11:02,45,New onboarding,will order next week
V00039,BDM006,Jegan R,OA0517,Sri Balaji Gadgets,22/07/2026,13:56,8,New onboarding,stock displayed
V00040,BDM012,Yuvaraj S,OA0290,iStore Communications,16/05/2026,14:08,10,New onboarding,display not as per norms
V00041,BDM012,Yuvaraj S,OA0152,Meenakshi Gadgets,08/06/2026,13:02,,Order,collection pending
V00042,BDM007,Mohan Raj,OA0103,New Star Enterprises,2026-06-03,10:03,25,New onboarding,shop closed
V00043,BDM004,Ashok Kumar,OA0681,Lakshmi Agencies,17/05/2026,11:06,30,followup,collection pending
V00044,BDM012,Yuvaraj S,OA0636,Poorvika Electronics,11/07/2026,15:54,45,routine,discussed scheme
V00045,BDM011,Ilango M,OA0700,Lakshmi Electronics,20/05/2026,14:01,15,Order,owner not available
V00046,BDM003,Vetri S,OA0779,Jeyam Agencies,2026-05-29,17:01,30,Collection,shop closed
V00047,BDM010,Praveen K,OA0606,Big C Electronics,19/05/2026,12:36,12,Routine visit,asked for better margin
V00048,BDM001,Sundar R,OA0055,Saravana Digital,22/05/2026,17:02,15,Follow up,
V00049,BDM008,Sathya N,OA0497,New Star Mobile,03/07/2026,14:58,5,Order,
V00050,BDM011,Ilango M,OA0346,Amman Communications,25/06/2026,12:00,25,Routine visit,
V00051,BDM008,Sathya N,OA0424,,22/05/2026,11:10,10,followup,stock displayed
V00052,BDM008,Sathya N,OA0143,Chennai Silks Communications,2026-05-07,13:52,15,Order,
V00053,BDM011,Ilango M,OA0661,Devi Cellpoint,18/05/2026,12:08,30,Stock check,asked for better margin
V00054,BDM003,Vetri S,OA0190,Sangeetha Agencies,30/05/2026,11:54,45,Stock check,asked for better margin
V00055,BDM001,Sundar R,OA0139,Galaxy Infotech,14/05/2026,10:30,25,followup,
V00056,BDM008,Sathya N,OA0227,Devi Cellpoint,08/06/2026,12:22,45,Order,
V00057,BDM006,Jegan R,OA0439,Sakthi Enterprises,19/05/2026,11:50,,routine,
V00058,BDM010,Praveen K,OA0375,,08/07/2026,14:32,,Follow up,
V00059,BDM003,Vetri S,OA0271,Amman Telecom,2026-05-13,12:13,,Routine visit,owner not available
V00060,BDM007,Mohan Raj,OA0117,Anandha Enterprises,14/07/2026,15:08,15,Order,shop closed
V00061,BDM010,Praveen K,OA0134,Jeyam Enterprises,13/05/2026,11:24,8,,stock displayed
V00062,BDM006,Jegan R,OA0439,Sakthi Enterprises,24/06/2026,14:23,8,routine,discussed scheme
V00063,BDM010,Praveen K,OA0806,Modern Communications ,07/07/2026,14:03,15,Follow up,shop closed
V00064,BDM010,Praveen K,OA0702,Sakthi Infotech,28/07/2026,11:16,,Order,collection pending
V00065,BDM007,Mohan Raj,OA0419,New Star Telecom,24/06/2026,13:59,8,routine,
V00066,BDM010,Praveen K,OA0324,Sri Balaji Traders,02/05/2026,14:02,30,,owner not available
V00067,BDM004,Ashok Kumar,OA0511,Thangam Telecom,2026-05-20,16:13,30,Complaint,collection pending
V00068,BDM012,Yuvaraj S,OA0733,New Star Mobile,2026-07-09,11:28,30,,stock displayed
V00069,BDM005,Dhanush P,OA0193,Ganesh Infotech,14/07/2026,12:30,,Routine visit,
V00070,BDM007,Mohan Raj,OA0787,Ram Mobiles,2026-06-24,10:30,25,,owner not available
V00071,BDM006,Jegan R,OA0440,Vasanth Telecom,2026-07-18,11:09,30,Collection,display not as per norms
V00072,BDM006,Jegan R,OA0178,Prime Communications,20/05/2026,11:37,45,,
V00073,BDM009,Gowtham S,OA0287,Royal Mobile,2026-06-25,10:11,10,followup,owner not available
V00074,BDM003,Vetri S,OA0333,City Communications,09/05/2026,10:55,45,Order,owner not available
V00075,BDM003,Vetri S,OA0222,Karpagam Cellpoint,16/07/2026,10:29,25,followup,
V00076,BDM008,Sathya N,OA0241,Muthu Digital,02/05/2026,10:18,30,Routine visit,
V00077,BDM004,Ashok Kumar,OA0564,Sakthi Mobile,04/05/2026,11:49,5,Collection,discussed scheme
V00078,BDM012,Yuvaraj S,OA0293,Mobile World Gadgets,16/07/2026,15:48,10,Stock check,display not as per norms
V00079,BDM008,Sathya N,OA0714,Karpagam Digital,20/07/2026,10:00,20,Routine visit,
V00080,BDM006,Jegan R,OA0364,Galaxy Electronics,17/06/2026,11:18,20,Routine visit,
V00081,BDM008,Sathya N,OA0108,Anandha Mobiles,11/05/2026,12:00,45,Complaint,owner not available
V00082,BDM009,Gowtham S,OA0458,Saravana Agencies,2026-07-03,12:42,,New onboarding,discussed scheme
V00083,BDM008,Sathya N,OA0399,Muthu Electronics,23/05/2026,10:10,10,New onboarding,shop closed
V00084,BDM011,Ilango M,OA0721,Devi Agencies,02/07/2026,14:46,5,New onboarding,stock displayed
V00085,BDM011,Ilango M,OA0309,Ganesh Cellpoint,07/07/2026,15:12,10,Order,will order next week
V00086,BDM004,Ashok Kumar,OA0249,Lakshmi Mobile,19/05/2026,11:01,10,Stock check,shop closed
V00087,BDM004,Ashok Kumar,OA0174,Universal Enterprises,01/07/2026,15:35,45,New onboarding,display not as per norms
V00088,BDM007,Mohan Raj,OA0004,Bharath Digital,2026-06-12,12:46,5,Routine visit,
V00089,BDM012,Yuvaraj S,OA0407,Meenakshi Enterprises,06/05/2026,11:04,12,Stock check,shop closed
V00090,BDM005,Dhanush P,OA0182,Devi Telecom,2026-07-02,14:09,5,Routine visit,stock displayed
V00091,BDM011,Ilango M,OA0811,Big C Agencies ,22/06/2026,11:09,20,Collection,will order next week
V00092,BDM005,Dhanush P,OA0450,Sangeetha Enterprises,03/07/2026,13:45,5,Stock check,
V00093,BDM004,Ashok Kumar,OA0745,Thangam Telecom,2026-07-28,11:12,8,Follow up,
V00094,BDM003,Vetri S,OA0341,Prime Electronics,05/07/2026,11:38,5,Routine visit,shop closed
V00095,BDM008,Sathya N,OA0519,Sakthi Cellpoint,08/07/2026,13:06,10,routine,
V00096,BDM002,Prakash M,OA0728,Thangam Telecom,2026-06-29,13:24,12,Collection,owner not available
V00097,BDM005,Dhanush P,OA0069,Mobile World Infotech,11/06/2026,13:49,45,Follow up,
V00098,BDM002,Prakash M,OA0420,Saravana Mobile,05/06/2026,14:13,15,routine,
V00099,BDM004,Ashok Kumar,OA0403,Mobile World Digital,2026-07-02,11:56,5,Stock check,shop closed
V00100,BDM012,Yuvaraj S,OA0405,Galaxy Digital,2026-07-03,12:07,30,followup,stock displayed
V00101,BDM003,Vetri S,OA0340,Devi Agencies,23/05/2026,11:33,5,followup,
V00102,BDM006,Jegan R,OA0332,Sri Krishna Gadgets,30/06/2026,13:51,5,followup,
V00103,BDM003,Vetri S,OA0107,Sri Krishna Traders,2026-05-21,16:00,20,Routine visit,stock displayed
V00104,BDM010,Praveen K,OA0717,Poorvika Traders,08/07/2026,13:17,45,routine,collection pending
V00105,BDM012,Yuvaraj S,OA0313,Chennai Silks Digital,2026-05-11,12:19,,routine,discussed scheme
V00106,BDM009,Gowtham S,OA0123,Muthu Mobiles,2026-05-13,14:23,8,routine,shop closed
V00107,BDM010,Praveen K,OA0314,Muthu Enterprises,18/07/2026,11:29,15,Routine visit,asked for better margin
V00108,BDM004,Ashok Kumar,OA0521,Meenakshi Mobile,05/07/2026,10:31,25,Complaint,
V00109,BDM001,Sundar R,OA0618,City Telecom,15/05/2026,12:12,,Stock check,asked for better margin
V00110,BDM001,Sundar R,OA0481,Muthu Traders,26/05/2026,11:49,45,followup,discussed scheme
V00111,BDM010,Praveen K,OA0245,Karpagam Infotech,2026-06-26,14:35,45,Routine visit,stock displayed
V00112,BDM012,Yuvaraj S,OA0197,Prime Digital,06/06/2026,13:05,,Complaint,stock displayed
V00113,BDM012,Yuvaraj S,OA0290,iStore Communications,2026-07-04,10:16,15,Follow up,stock displayed
V00114,BDM003,Vetri S,OA0002,Sakthi Telecom,06/07/2026,15:57,25,followup,collection pending
V00115,BDM002,Prakash M,OA0215,Sri Krishna Electronics,28/05/2026,13:27,5,Complaint,stock displayed
V00116,BDM001,Sundar R,OA0406,Saravana Communications,22/06/2026,11:14,20,followup,collection pending
V00117,BDM010,Praveen K,OA0090,Devi Traders,06/07/2026,13:40,15,routine,discussed scheme
V00118,BDM010,Praveen K,OA0638,Royal Enterprises,29/07/2026,11:19,12,Stock check,
V00119,BDM007,Mohan Raj,OA0056,City Communications,03/07/2026,11:43,25,Follow up,
V00120,BDM008,Sathya N,OA0566,Ganesh Gadgets,30/06/2026,15:42,45,New onboarding,asked for better margin
V00121,BDM004,Ashok Kumar,OA0716,Anandha Communications,27/05/2026,15:34,,Follow up,will order next week
V00122,BDM007,Mohan Raj,OA0081,Devi Communications,25/07/2026,14:22,20,New onboarding,display not as per norms
V00123,BDM008,Sathya N,OA0749,Thangam Digital,30/07/2026,13:40,5,Routine visit,
V00124,BDM010,Praveen K,OA0643,Sri Krishna Communications,2026-07-17,11:33,10,,
V00125,BDM011,Ilango M,OA0060,,2026-05-29,11:05,15,Order,collection pending
V00126,BDM002,Prakash M,OA0675,Jeyam Enterprises,02/07/2026,12:43,,Collection,shop closed
V00127,BDM006,Jegan R,OA0080,Chennai Silks Enterprises,12/05/2026,14:44,15,routine,display not as per norms
V00128,BDM011,Ilango M,OA0040,Modern Mobile,26/06/2026,10:25,25,routine,owner not available
V00129,BDM012,Yuvaraj S,OA0792,Devi Mobile,05/05/2026,14:23,,Follow up,
V00130,BDM010,Praveen K,OA0256,Muthu Gadgets,21/07/2026,11:38,30,Routine visit,stock displayed
V00131,BDM009,Gowtham S,OA0343,Galaxy Infotech,24/05/2026,17:07,20,Complaint,owner not available
V00132,BDM005,Dhanush P,OA0591,City Traders,2026-07-21,,5,Complaint,
V00133,BDM001,Sundar R,OA0009,Jeyam Enterprises,2026-05-06,12:50,,Stock check,
V00134,BDM006,Jegan R,OA0429,Sri Balaji Telecom,24/07/2026,11:37,12,Collection,collection pending
V00135,BDM003,Vetri S,OA0578,Sri Krishna Cellpoint,19/05/2026,12:03,5,Complaint,stock displayed
V00136,BDM007,Mohan Raj,OA0630,Anandha Telecom,2026-05-19,16:00,25,Routine visit,asked for better margin
V00137,BDM003,Vetri S,OA0583,Anandha Mobile,07/05/2026,10:05,15,Stock check,display not as per norms
V00138,BDM006,Jegan R,OA0070,Big C Digital,08/07/2026,12:05,30,New onboarding,will order next week
V00139,BDM010,Praveen K,OA0398,Chennai Silks Mobile,20/07/2026,12:25,10,,owner not available
V00140,BDM012,Yuvaraj S,OA0197,Prime Digital,11/05/2026,11:47,25,Follow up,will order next week
V00141,BDM010,Praveen K,OA0703,Thangam Telecom,29/07/2026,11:52,5,Routine visit,display not as per norms
V00142,BDM012,Yuvaraj S,OA0698,Sri Balaji Gadgets,2026-07-08,15:24,15,Follow up,collection pending
V00143,BDM008,Sathya N,OA0311,Mobile World Traders,13/06/2026,10:25,15,followup,
V00144,BDM001,Sundar R,OA0570,New Star Infotech,13/06/2026,15:10,,Order,
V00145,BDM007,Mohan Raj,OA0512,Universal Mobiles,2026-07-30,10:20,45,Routine visit,stock displayed
V00146,BDM003,Vetri S,OA0277,,23/06/2026,13:24,12,Stock check,discussed scheme
V00147,BDM003,Vetri S,OA0144,Modern Telecom,06/05/2026,14:38,25,followup,shop closed
V00148,BDM004,Ashok Kumar,OA0668,Bharath Mobiles,13/05/2026,13:11,30,Routine visit,display not as per norms
V00149,BDM001,Sundar R,OA0707,iStore Enterprises,01/06/2026,13:00,20,Routine visit,asked for better margin
V00150,BDM012,Yuvaraj S,OA0462,Royal Digital,08/05/2026,14:34,10,Follow up,will order next week
V00151,BDM009,Gowtham S,OA0459,Amman Mobiles,08/07/2026,10:27,5,New onboarding,
V00152,BDM012,Yuvaraj S,OA0659,Thangam Cellpoint,2026-06-18,13:15,12,Collection,shop closed
V00153,BDM012,Yuvaraj S,OA0770,Sri Krishna Agencies,13/06/2026,14:06,20,Collection,stock displayed
V00154,BDM010,Praveen K,OA0726,Sri Balaji Traders,26/05/2026,14:43,12,Follow up,
V00155,BDM008,Sathya N,OA0444,Meenakshi Mobile,26/07/2026,12:40,10,New onboarding,asked for better margin
V00156,BDM001,Sundar R,OA0326,Selvam Communications,07/07/2026,10:59,,Collection,owner not available
V00157,BDM006,Jegan R,OA0044,Muthu Mobiles,11/05/2026,12:29,15,Stock check,
V00158,BDM003,Vetri S,OA0786,Vasanth Electronics,2026-05-23,10:01,15,Complaint,discussed scheme
V00159,BDM010,Praveen K,OA0325,Meenakshi Telecom,2026-06-09,13:24,,New onboarding,will order next week
V00160,BDM010,Praveen K,OA0135,Selvam Mobiles,13/06/2026,12:07,12,New onboarding,stock displayed
V00161,BDM002,Prakash M,OA0758,Prime Mobile,2026-05-19,13:17,,,display not as per norms
V00162,BDM012,Yuvaraj S,OA0589,Sakthi Electronics,10/06/2026,10:45,30,followup,owner not available
V00163,BDM001,Sundar R,OA0441,Bharath Enterprises,2026-05-02,13:00,20,Routine visit,
V00164,BDM002,Prakash M,OA0531,Prime Cellpoint,2026-06-13,11:06,15,Routine visit,
V00165,BDM010,Praveen K,OA0783,iStore Telecom,2026-07-24,15:00,5,Complaint,
V00166,BDM005,Dhanush P,OA0573,Muthu Communications,22/07/2026,13:45,12,routine,asked for better margin
V00167,BDM011,Ilango M,OA0022,,09/05/2026,16:00,30,Routine visit,
V00168,BDM006,Jegan R,OA0178,Prime Communications,2026-06-01,10:05,15,Follow up,
V00169,BDM008,Sathya N,OA0629,Big C Traders,2026-06-18,15:48,,Collection,
V00170,BDM010,Praveen K,OA0767,Royal Communications,08/05/2026,10:42,,Follow up,
V00171,BDM006,Jegan R,OA0335,Amman Communications,2026-07-15,14:11,30,Stock check,
V00172,BDM010,Praveen K,OA0210,Mobile World Enterprises,22/05/2026,11:20,,Stock check,discussed scheme
V00173,BDM009,Gowtham S,OA0388,Galaxy Telecom,18/05/2026,10:21,,,will order next week
V00174,BDM005,Dhanush P,OA0816,MUTHU AGENCIES,02/07/2026,12:49,45,Complaint,display not as per norms
V00175,BDM007,Mohan Raj,OA0153,Galaxy Infotech,27/05/2026,12:05,12,Complaint,
V00176,BDM007,Mohan Raj,OA0549,Royal Gadgets,17/06/2026,12:13,12,Complaint,asked for better margin
V00177,BDM010,Praveen K,OA0726,Sri Balaji Traders,29/05/2026,14:05,20,Follow up,
V00178,BDM011,Ilango M,OA0544,Sri Balaji Telecom,2026-05-18,10:18,25,Routine visit,
V00179,BDM005,Dhanush P,OA0559,Karpagam Cellpoint,06/05/2026,12:36,,Routine visit,
V00180,BDM010,Praveen K,OA0076,Royal Agencies,03/06/2026,14:51,45,Collection,shop closed
V00181,BDM004,Ashok Kumar,OA0763,Kumaran Traders,2026-05-14,10:53,20,followup,asked for better margin
V00182,BDM010,Praveen K,OA0538,Royal Infotech,2026-05-16,11:34,,Stock check,
V00183,BDM001,Sundar R,OA0760,Sakthi Infotech,27/06/2026,10:28,30,Routine visit,owner not available
V00184,BDM009,Gowtham S,OA0308,Prime Cellpoint,23/06/2026,10:11,,New onboarding,
V00185,BDM011,Ilango M,OA0642,,09/05/2026,10:13,30,followup,display not as per norms
V00186,BDM006,Jegan R,OA0429,Sri Balaji Telecom,2026-06-19,11:08,25,New onboarding,asked for better margin
V00187,BDM011,Ilango M,OA0374,Karpagam Telecom,22/05/2026,13:59,25,Order,stock displayed
V00188,BDM006,Jegan R,OA0439,Sakthi Enterprises,26/05/2026,12:01,25,Routine visit,owner not available
V00189,BDM005,Dhanush P,OA0510,Prime Cellpoint,08/06/2026,10:16,45,New onboarding,
V00190,BDM004,Ashok Kumar,OA0545,Vasanth Agencies,17/05/2026,11:03,,routine,shop closed
V00191,BDM011,Ilango M,OA0374,Karpagam Telecom,2026-06-09,12:18,30,,
V00192,BDM006,Jegan R,OA0439,Sakthi Enterprises,29/06/2026,10:40,10,Routine visit,
V00193,BDM010,Praveen K,OA0314,Muthu Enterprises,11/06/2026,12:14,12,followup,
V00194,BDM012,Yuvaraj S,OA0405,Galaxy Digital,2026-05-31,14:00,20,Collection,stock displayed
V00195,BDM008,Sathya N,OA0584,iStore Electronics,22/07/2026,17:19,10,Order,collection pending
V00196,BDM002,Prakash M,OA0818,Selvam Agencies ,20/05/2026,16:49,30,Collection,
V00197,BDM005,Dhanush P,OA0492,Muthu Agencies,2026-06-15,14:11,,Complaint,
V00198,BDM004,Ashok Kumar,OA0478,Big C Mobile,01/06/2026,10:14,,Complaint,
V00199,BDM002,Prakash M,OA0724,New Star Communications,21/06/2026,11:47,15,Order,asked for better margin
V00200,BDM004,Ashok Kumar,OA0668,Bharath Mobiles,2026-07-28,01:10,5,followup,asked for better margin
V00201,BDM003,Vetri S,OA0762,Sakthi Electronics,2026-07-16,16:11,,Follow up,will order next week
V00202,BDM005,Dhanush P,OA0554,Modern Digital,06/05/2026,13:44,,Complaint,
V00203,BDM011,Ilango M,OA0309,Ganesh Cellpoint,2026-07-15,13:46,5,Routine visit,display not as per norms
V00204,BDM003,Vetri S,OA0188,Muthu Cellpoint,22/07/2026,10:27,12,,display not as per norms
V00205,BDM005,Dhanush P,OA0250,Ram Enterprises,26/05/2026,11:14,20,Complaint,
V00206,BDM008,Sathya N,OA0472,Big C Gadgets,2026-07-17,13:01,,Order,display not as per norms
V00207,BDM007,Mohan Raj,OA0710,Karpagam Agencies,01/06/2026,12:53,25,Complaint,shop closed
V00208,BDM006,Jegan R,OA0166,Big C Infotech,23/06/2026,11:38,12,routine,
V00209,BDM005,Dhanush P,OA0394,Prime Mobile,13/07/2026,10:54,12,,
V00210,BDM010,Praveen K,OA0134,Jeyam Enterprises,19/05/2026,15:02,15,Order,
V00211,BDM009,Gowtham S,OA0574,Amman Digital,14/07/2026,11:20,10,Follow up,
V00212,BDM008,Sathya N,OA0714,Karpagam Digital,25/05/2026,16:00,30,Routine visit,stock displayed
V00213,BDM004,Ashok Kumar,OA0357,Universal Mobile,07/05/2026,11:11,45,Routine visit,owner not available
V00214,BDM012,Yuvaraj S,OA0367,Devi Gadgets,19/06/2026,12:13,12,Collection,
V00215,BDM011,Ilango M,OA0620,Ganesh Infotech,2026-05-13,13:13,8,New onboarding,display not as per norms
V00216,BDM009,Gowtham S,OA0308,Prime Cellpoint,2026-05-09,15:45,15,Follow up,display not as per norms
V00217,BDM007,Mohan Raj,OA0231,Lakshmi Gadgets,15/06/2026,10:21,,Follow up,shop closed
V00218,BDM006,Jegan R,OA0166,Big C Infotech,2026-07-21,10:23,30,Collection,will order next week
V00219,BDM004,Ashok Kumar,OA0763,Kumaran Traders,2026-07-16,10:51,8,Order,owner not available
V00220,BDM005,Dhanush P,OA0753,Big C Traders,2026-06-08,13:18,45,,display not as per norms
V00221,BDM004,Ashok Kumar,OA0564,Sakthi Mobile,2026-06-06,11:29,10,Order,shop closed
V00222,BDM011,Ilango M,OA0024,Amman Electronics,2026-07-16,13:07,20,Stock check,
V00223,BDM002,Prakash M,OA0160,Jeyam Electronics,08/05/2026,15:07,15,Routine visit,will order next week
V00224,BDM001,Sundar R,OA0730,Saravana Communications,21/06/2026,11:10,20,followup,display not as per norms
V00225,BDM007,Mohan Raj,OA0056,,12/05/2026,16:36,25,routine,discussed scheme
V00226,BDM010,Praveen K,OA0213,Prime Electronics,08/07/2026,13:45,12,Order,display not as per norms
V00227,BDM002,Prakash M,OA0691,Royal Traders,2026-05-14,12:55,5,Collection,display not as per norms
V00228,BDM005,Dhanush P,OA0158,Ganesh Electronics,07/07/2026,10:37,30,Stock check,will order next week
V00229,BDM002,Prakash M,OA0169,Meenakshi Traders,16/07/2026,11:17,8,,collection pending
V00230,BDM002,Prakash M,OA0052,Kumaran Agencies,12/05/2026,11:47,20,New onboarding,
V00231,BDM002,Prakash M,OA0585,Meenakshi Cellpoint,29/05/2026,11:00,25,Routine visit,
V00232,BDM011,Ilango M,OA0781,City Gadgets,13/06/2026,10:36,12,Order,
V00233,BDM008,Sathya N,OA0714,Karpagam Digital,13/07/2026,12:00,25,Routine visit,owner not available
V00234,BDM004,Ashok Kumar,OA0225,Karpagam Cellpoint,28/07/2026,15:08,20,followup,
V00235,BDM004,Ashok Kumar,OA0211,Poorvika Gadgets,15/06/2026,15:26,,Stock check,
V00236,BDM004,Ashok Kumar,OA0025,Sangeetha Agencies,2026-06-29,10:08,25,Complaint,stock displayed
V00237,BDM007,Mohan Raj,OA0115,Bharath Electronics,14/07/2026,15:14,,Complaint,
V00238,BDM004,Ashok Kumar,OA0264,Thangam Enterprises,22/07/2026,11:15,10,Complaint,
V00239,BDM011,Ilango M,OA0327,Prime Digital,15/06/2026,14:00,,Order,
V00240,BDM008,Sathya N,OA0523,Mobile World Mobiles,09/06/2026,02:34,20,,
V00241,BDM004,Ashok Kumar,OA0685,Selvam Gadgets,2026-06-03,15:36,,Complaint,
V00242,BDM002,Prakash M,OA0147,Jeyam Enterprises,2026-07-09,11:18,,Order,
V00243,BDM009,Gowtham S,OA0596,Saravana Mobile,20/07/2026,11:39,15,New onboarding,owner not available
V00244,BDM005,Dhanush P,OA0672,Saravana Cellpoint,13/06/2026,16:24,25,,
V00245,BDM011,Ilango M,OA0619,Muthu Infotech,2026-05-28,10:14,30,Routine visit,discussed scheme
V00246,BDM003,Vetri S,OA0195,Prime Cellpoint,16/05/2026,10:36,5,routine,stock displayed
V00247,BDM004,Ashok Kumar,OA0116,Chennai Silks Communications,22/05/2026,16:54,12,Routine visit,collection pending
V00248,BDM007,Mohan Raj,OA0526,Galaxy Cellpoint,2026-06-05,11:32,20,routine,collection pending
V00249,BDM008,Sathya N,OA0169,Meenakshi Traders,2026-05-17,11:00,25,Routine visit,
V00250,BDM005,Dhanush P,OA0150,Universal Communications,13/06/2026,13:33,45,followup,discussed scheme
V00251,BDM004,Ashok Kumar,OA0490,Amman Mobiles,28/07/2026,10:18,12,followup,shop closed
V00252,BDM012,Yuvaraj S,OA0121,Devi Digital,31/05/2026,14:09,20,New onboarding,
V00253,BDM004,Ashok Kumar,OA0225,Karpagam Cellpoint,12/06/2026,13:03,45,Routine visit,shop closed
V00254,BDM011,Ilango M,OA0172,iStore Electronics,2026-06-08,17:12,25,Complaint,collection pending
V00255,BDM003,Vetri S,OA0074,,15/05/2026,15:05,12,Stock check,owner not available
V00256,BDM012,Yuvaraj S,OA0302,Saravana Telecom,25/06/2026,16:29,,,
V00257,BDM012,Yuvaraj S,OA0527,Devi Mobile,2026-05-05,14:00,30,Routine visit,display not as per norms
V00258,BDM011,Ilango M,OA0109,Bharath Infotech,2026-07-24,12:41,12,Stock check,asked for better margin
V00259,BDM010,Praveen K,OA0179,Ram Agencies,06/07/2026,11:41,45,,discussed scheme
V00260,BDM008,Sathya N,OA0588,Sri Balaji Electronics,27/07/2026,12:47,20,New onboarding,
V00261,BDM002,Prakash M,OA0585,Meenakshi Cellpoint,08/05/2026,10:00,25,Routine visit,
V00262,BDM006,Jegan R,OA0641,Bharath Enterprises,2026-06-12,11:32,8,New onboarding,
V00263,BDM001,Sundar R,OA0815,BIG C INFOTECH,27/05/2026,13:04,,Routine visit,
V00264,BDM007,Mohan Raj,OA0010,City Infotech,14/07/2026,15:06,20,Complaint,discussed scheme
V00265,BDM010,Praveen K,OA0402,Kumaran Digital,30/06/2026,15:28,45,routine,
V00266,BDM010,Praveen K,OA0380,Modern Traders,2026-07-11,11:43,25,Routine visit,asked for better margin
V00267,BDM006,Jegan R,OA0517,Sri Balaji Gadgets,2026-07-09,10:20,5,followup,
V00268,BDM005,Dhanush P,OA0095,iStore Traders,06/06/2026,10:45,20,routine,
V00269,BDM002,Prakash M,OA0569,,21/05/2026,10:09,8,Follow up,
V00270,BDM011,Ilango M,OA0572,Galaxy Traders,11/05/2026,14:18,,Order,discussed scheme
V00271,BDM008,Sathya N,OA0059,Selvam Cellpoint,21/05/2026,16:46,8,Follow up,
V00272,BDM006,Jegan R,OA0448,Devi Enterprises,04/07/2026,13:32,10,,owner not available
V00273,BDM002,Prakash M,OA0801,SANGEETHA DIGITAL,17/07/2026,15:12,30,Follow up,will order next week
V00274,BDM002,Prakash M,OA0428,Ganesh Communications,2026-05-29,16:09,30,followup,
V00275,BDM002,Prakash M,OA0772,Ganesh Cellpoint,20/07/2026,10:28,8,Follow up,asked for better margin
V00276,BDM012,Yuvaraj S,OA0316,Saravana Cellpoint,2026-06-04,10:37,5,Complaint,
V00277,BDM008,Sathya N,OA0023,Thangam Traders,08/05/2026,12:49,12,Routine visit,shop closed
V00278,BDM002,Prakash M,OA0552,Poorvika Mobile,20/05/2026,10:33,,Complaint,owner not available
V00279,BDM011,Ilango M,OA0544,Sri Balaji Telecom,2026-05-23,14:19,,Follow up,stock displayed
V00280,BDM002,Prakash M,OA0592,iStore Electronics,22/06/2026,10:34,20,Order,
V00281,BDM003,Vetri S,OA0125,Devi Communications,2026-06-27,10:55,10,Stock check,
V00282,BDM008,Sathya N,OA0566,Ganesh Gadgets,02/05/2026,12:31,45,followup,owner not available
V00283,BDM010,Praveen K,OA0463,Royal Cellpoint,16/07/2026,12:48,5,Collection,owner not available
V00284,BDM003,Vetri S,OA0072,Meenakshi Enterprises,2026-05-25,10:20,12,Collection,
V00285,BDM012,Yuvaraj S,OA0604,Meenakshi Enterprises,2026-05-07,13:38,,New onboarding,will order next week
V00286,BDM003,Vetri S,OA0222,Karpagam Cellpoint,05/05/2026,14:28,30,Complaint,collection pending
V00287,BDM003,Vetri S,OA0107,Sri Krishna Traders,02/07/2026,13:00,20,Routine visit,
V00288,BDM003,Vetri S,OA0568,Vinayaga Mobiles,2026-05-15,10:58,8,Follow up,will order next week
V00289,BDM012,Yuvaraj S,OA0367,Devi Gadgets,14/07/2026,03:47,5,Follow up,
V00290,BDM010,Praveen K,OA0375,,23/05/2026,12:40,,Stock check,will order next week
V00291,BDM010,Praveen K,OA0447,Devi Enterprises,29/06/2026,13:36,10,Routine visit,discussed scheme
V00292,BDM001,Sundar R,OA0157,Vasanth Gadgets,18/06/2026,10:24,45,,owner not available
V00293,BDM003,Vetri S,OA0731,Mobile World Gadgets,27/06/2026,10:16,,Complaint,discussed scheme
V00294,BDM009,Gowtham S,OA0650,Vinayaga Electronics,2026-05-04,14:04,25,New onboarding,asked for better margin
V00295,BDM004,Ashok Kumar,OA0292,,2026-05-20,10:12,5,Order,
V00296,BDM012,Yuvaraj S,OA0800,MEENAKSHI ENTERPRISES,04/06/2026,11:24,45,Follow up,asked for better margin
V00297,BDM006,Jegan R,OA0044,Muthu Mobiles,2026-06-04,16:11,10,,
V00298,BDM011,Ilango M,OA0246,,2026-05-22,14:34,30,New onboarding,shop closed
V00299,BDM004,Ashok Kumar,OA0279,Sangeetha Communications,15/06/2026,17:06,8,Stock check,
V00300,BDM005,Dhanush P,OA0281,iStore Communications,11/05/2026,13:34,12,,
V00301,BDM009,Gowtham S,OA0086,New Star Gadgets,26/06/2026,11:49,10,Routine visit,will order next week
V00302,BDM005,Dhanush P,OA0450,Sangeetha Enterprises,07/07/2026,14:33,25,Routine visit,shop closed
V00303,BDM004,Ashok Kumar,OA0137,Vasanth Enterprises,2026-07-05,12:03,15,Routine visit,owner not available
V00304,BDM007,Mohan Raj,OA0146,Kumaran Telecom,25/06/2026,14:13,25,Stock check,
V00305,BDM012,Yuvaraj S,OA0659,Thangam Cellpoint,02/06/2026,12:34,20,Order,
V00306,BDM002,Prakash M,OA0752,Thangam Electronics,2026-05-12,15:10,15,routine,will order next week
V00307,BDM006,Jegan R,OA0429,Sri Balaji Telecom,01/06/2026,15:15,12,followup,
V00308,BDM012,Yuvaraj S,OA0508,Saravana Mobile,13/06/2026,17:00,20,Routine visit,display not as per norms
V00309,BDM011,Ilango M,OA0381,Galaxy Mobile,02/05/2026,13:49,15,Collection,
V00310,BDM001,Sundar R,OA0618,City Telecom,21/05/2026,15:58,20,Routine visit,collection pending
V00311,BDM001,Sundar R,OA0141,Muthu Electronics,2026-07-29,14:51,12,followup,will order next week
V00312,BDM012,Yuvaraj S,OA0282,Big C Mobile,2026-06-22,16:39,45,Complaint,shop closed
V00313,BDM001,Sundar R,OA0483,Ram Gadgets,02/07/2026,13:24,8,,
V00314,BDM009,Gowtham S,OA0530,Selvam Agencies,2026-07-11,13:29,25,Follow up,asked for better margin
V00315,BDM007,Mohan Raj,OA0069,Mobile World Infotech,13/05/2026,15:00,30,Routine visit,
V00316,BDM002,Prakash M,OA0500,Karpagam Infotech,12/06/2026,14:20,10,routine,asked for better margin
V00317,BDM005,Dhanush P,OA0318,Ram Gadgets,18/05/2026,14:02,45,followup,discussed scheme
V00318,BDM012,Yuvaraj S,OA0442,Big C Telecom,25/05/2026,17:08,20,Stock check,
V00319,BDM009,Gowtham S,OA0344,Galaxy Electronics,29/07/2026,15:20,30,New onboarding,will order next week
V00320,BDM009,Gowtham S,OA0401,Sakthi Traders,30/07/2026,12:06,45,Complaint,stock displayed
V00321,BDM002,Prakash M,OA0422,Anandha Agencies,14/05/2026,14:38,12,Collection,
V00322,BDM004,Ashok Kumar,OA0363,Saravana Mobiles,04/07/2026,13:48,25,followup,collection pending
V00323,BDM004,Ashok Kumar,OA0745,Thangam Telecom,2026-07-22,14:01,45,Collection,collection pending
V00324,BDM003,Vetri S,OA0631,Chennai Silks Gadgets,30/06/2026,13:08,30,Follow up,
V00325,BDM006,Jegan R,OA0091,Bharath Mobile,2026-05-05,10:13,,routine,shop closed
V00326,BDM008,Sathya N,OA0263,Meenakshi Cellpoint,2026-06-11,14:30,5,Routine visit,will order next week
V00327,BDM007,Mohan Raj,OA0312,Meenakshi Traders,06/07/2026,14:00,20,Routine visit,collection pending
V00328,BDM012,Yuvaraj S,OA0365,Meenakshi Telecom,01/06/2026,15:49,,,collection pending
V00329,BDM003,Vetri S,OA0074,Poorvika Cellpoint,10/06/2026,13:50,5,New onboarding,collection pending
V00330,BDM001,Sundar R,OA0791,Modern Telecom,2026-07-06,11:38,15,followup,owner not available
V00331,BDM010,Praveen K,OA0643,,03/06/2026,12:17,45,followup,collection pending
V00332,BDM012,Yuvaraj S,OA0508,Saravana Mobile,11/07/2026,12:00,30,Routine visit,shop closed
V00333,BDM011,Ilango M,OA0280,Poorvika Cellpoint,21/05/2026,14:29,15,Follow up,
V00334,BDM010,Praveen K,OA0076,Royal Agencies,07/07/2026,12:06,30,Complaint,asked for better margin
V00335,BDM012,Yuvaraj S,OA0508,Saravana Mobile,27/06/2026,13:00,30,Routine visit,
V00336,BDM002,Prakash M,OA0705,Bharath Agencies,17/07/2026,13:38,25,Complaint,asked for better margin
V00337,BDM010,Praveen K,OA0602,Sangeetha Electronics,02/06/2026,13:32,45,Follow up,discussed scheme
V00338,BDM011,Ilango M,OA0172,iStore Electronics,2026-07-03,11:11,12,Collection,shop closed
V00339,BDM004,Ashok Kumar,OA0292,Saravana Digital,14/07/2026,11:31,20,,
V00340,BDM006,Jegan R,OA0390,Vasanth Enterprises,11/07/2026,10:33,12,Order,discussed scheme
V00341,BDM001,Sundar R,OA0396,Saravana Agencies,02/06/2026,16:05,25,Stock check,display not as per norms
V00342,BDM004,Ashok Kumar,OA0763,Kumaran Traders,06/05/2026,13:36,25,,
V00343,BDM012,Yuvaraj S,OA0442,Big C Telecom,2026-07-20,14:35,5,Routine visit,display not as per norms
V00344,BDM005,Dhanush P,OA0693,Poorvika Agencies,22/06/2026,13:28,20,Routine visit,owner not available
V00345,BDM001,Sundar R,OA0159,,20/06/2026,11:26,,New onboarding,
V00346,BDM011,Ilango M,OA0621,Mobile World Enterprises,13/06/2026,12:12,20,Follow up,shop closed
V00347,BDM012,Yuvaraj S,OA0293,Mobile World Gadgets,20/05/2026,16:56,30,Routine visit,
V00348,BDM008,Sathya N,OA0131,Thangam Digital,2026-05-15,13:55,12,Order,
V00349,BDM002,Prakash M,OA0428,Ganesh Communications,24/05/2026,14:35,12,,
V00350,BDM012,Yuvaraj S,OA0434,Galaxy Agencies,18/05/2026,14:36,5,routine,
V00351,BDM008,Sathya N,OA0171,Kumaran Traders,2026-05-30,12:47,30,followup,
V00352,BDM012,Yuvaraj S,OA0604,Meenakshi Enterprises,06/06/2026,16:42,15,Complaint,
V00353,BDM008,Sathya N,OA0270,Lakshmi Cellpoint,18/07/2026,16:06,30,Stock check,collection pending
V00354,BDM007,Mohan Raj,OA0630,Anandha Telecom,2026-06-09,10:00,25,Routine visit,will order next week
V00355,BDM001,Sundar R,OA0141,Muthu Electronics,11/05/2026,11:44,5,Complaint,display not as per norms
V00356,BDM003,Vetri S,OA0072,Meenakshi Enterprises,2026-05-02,12:57,30,Follow up,
V00357,BDM002,Prakash M,OA0474,Mobile World Electronics,31/05/2026,10:00,20,Collection,will order next week
V00358,BDM011,Ilango M,OA0094,Vinayaga Mobiles,03/07/2026,12:46,30,Order,will order next week
V00359,BDM010,Praveen K,OA0717,Poorvika Traders,04/06/2026,13:00,25,Routine visit,collection pending
V00360,BDM008,Sathya N,OA0740,New Star Agencies,06/07/2026,12:52,10,Complaint,display not as per norms
V00361,BDM009,Gowtham S,OA0006,Bharath Telecom,24/05/2026,17:05,20,Order,
V00362,BDM012,Yuvaraj S,OA0316,Saravana Cellpoint,31/05/2026,14:03,30,Follow up,collection pending
V00363,BDM011,Ilango M,OA0504,Karpagam Traders,13/06/2026,15:19,,followup,display not as per norms
V00364,BDM008,Sathya N,OA0527,Devi Mobile,08/05/2026,13:35,10,Stock check,will order next week
V00365,BDM008,Sathya N,OA0489,Anandha Telecom,05/06/2026,12:00,45,Complaint,will order next week
V00366,BDM003,Vetri S,OA0810,Amman Cellpoint,19/05/2026,13:33,15,Routine visit,owner not available
V00367,BDM010,Praveen K,OA0325,Meenakshi Telecom,08/05/2026,15:07,15,New onboarding,discussed scheme
V00368,BDM004,Ashok Kumar,OA0357,Universal Mobile,2026-06-17,10:13,45,routine,stock displayed
V00369,BDM012,Yuvaraj S,OA0768,City Telecom,2026-05-15,11:04,45,Follow up,
V00370,BDM005,Dhanush P,OA0021,Ram Cellpoint,01/06/2026,14:40,,Collection,will order next week
V00371,BDM002,Prakash M,OA0500,Karpagam Infotech,06/05/2026,10:02,12,Follow up,
V00372,BDM004,Ashok Kumar,OA0249,Lakshmi Mobile,2026-05-13,10:21,10,followup,
V00373,BDM001,Sundar R,OA0784,,05/05/2026,14:24,10,routine,collection pending
V00374,BDM012,Yuvaraj S,OA0387,Ganesh Electronics,23/06/2026,11:00,20,Routine visit,owner not available
V00375,BDM007,Mohan Raj,OA0535,Ram Traders,20/06/2026,11:04,12,Stock check,owner not available
V00376,BDM005,Dhanush P,OA0250,Ram Enterprises,2026-05-23,10:23,10,Follow up,
V00377,BDM001,Sundar R,OA0054,Lakshmi Gadgets,04/07/2026,11:13,20,Complaint,
V00378,BDM001,Sundar R,OA0214,Sri Krishna Telecom,30/05/2026,10:40,10,Order,owner not available
V00379,BDM002,Prakash M,OA0160,Jeyam Electronics,29/05/2026,11:54,,Stock check,will order next week
V00380,BDM007,Mohan Raj,OA0092,Poorvika Enterprises,2026-06-20,14:48,12,Order,display not as per norms
V00381,BDM007,Mohan Raj,OA0778,Vasanth Infotech,11/07/2026,13:00,25,Routine visit,stock displayed
V00382,BDM004,Ashok Kumar,OA0473,Ganesh Cellpoint,28/07/2026,15:03,15,Routine visit,
V00383,BDM011,Ilango M,OA0605,Sri Krishna Infotech,18/07/2026,12:40,45,followup,
V00384,BDM006,Jegan R,OA0091,Bharath Mobile,2026-06-23,12:20,12,New onboarding,asked for better margin
V00385,BDM003,Vetri S,OA0064,Sakthi Cellpoint,09/06/2026,13:36,10,Complaint,stock displayed
V00386,BDM001,Sundar R,OA0617,Bharath Agencies,27/06/2026,11:31,25,followup,
V00387,BDM010,Praveen K,OA0633,Chennai Silks Cellpoint,2026-07-23,15:15,15,Order,
V00388,BDM007,Mohan Raj,OA0582,Vasanth Digital,2026-07-23,10:01,8,Order,shop closed
V00389,BDM003,Vetri S,OA0072,Meenakshi Enterprises,19/05/2026,16:11,8,Follow up,stock displayed
V00390,BDM002,Prakash M,OA0664,,04/05/2026,10:32,20,,
V00391,BDM004,Ashok Kumar,OA0521,Meenakshi Mobile,20/05/2026,11:42,8,Routine visit,
V00392,BDM007,Mohan Raj,OA0127,Sangeetha Agencies,12/05/2026,10:25,25,routine,
V00393,BDM008,Sathya N,OA0687,Bharath Communications,29/07/2026,11:50,,routine,
V00394,BDM008,Sathya N,OA0389,Lakshmi Enterprises,08/06/2026,15:56,12,New onboarding,stock displayed
V00395,BDM004,Ashok Kumar,OA0679,Vasanth Gadgets,2026-07-15,11:08,,followup,collection pending
V00396,BDM011,Ilango M,OA0781,City Gadgets,2026-05-26,11:31,,Collection,collection pending
V00397,BDM009,Gowtham S,OA0418,Prime Digital,02/07/2026,13:00,20,followup,asked for better margin
V00398,BDM004,Ashok Kumar,OA0137,Vasanth Enterprises,2026-07-24,11:08,15,followup,
V00399,BDM008,Sathya N,OA0754,Thangam Enterprises,09/07/2026,12:01,,Order,
V00400,BDM002,Prakash M,OA0378,Universal Telecom,27/07/2026,14:19,12,Routine visit,asked for better margin
V00401,BDM011,Ilango M,OA0555,Big C Infotech,27/07/2026,12:07,30,routine,stock displayed
V00402,BDM001,Sundar R,OA0570,New Star Infotech,06/07/2026,12:07,12,Stock check,
V00403,BDM012,Yuvaraj S,OA0803,Royal Enterprises - Branch,08/07/2026,01:24,,Collection,owner not available
V00404,BDM001,Sundar R,OA0003,Anandha Enterprises,24/06/2026,16:32,15,Order,asked for better margin
V00405,BDM007,Mohan Raj,OA0061,Sri Balaji Communications,25/07/2026,16:04,20,Order,
V00406,BDM007,Mohan Raj,OA0027,Universal Cellpoint,25/07/2026,11:58,25,routine,
V00407,BDM003,Vetri S,OA0341,Prime Electronics,2026-05-08,13:50,20,Order,shop closed
V00408,BDM012,Yuvaraj S,OA0799,Thangam Cellpoint,08/06/2026,10:27,25,Collection,
V00409,BDM002,Prakash M,OA0351,Devi Infotech,29/07/2026,14:20,,,
V00410,BDM005,Dhanush P,OA0591,City Traders,09/05/2026,13:25,15,routine,display not as per norms
V00411,BDM007,Mohan Raj,OA0549,Royal Gadgets,13/06/2026,10:31,,Routine visit,
V00412,BDM004,Ashok Kumar,OA0239,Selvam Traders,12/05/2026,17:05,30,Follow up,
V00413,BDM008,Sathya N,OA0701,City Infotech,23/05/2026,13:01,10,New onboarding,display not as per norms
V00414,BDM004,Ashok Kumar,OA0286,Poorvika Telecom,11/06/2026,10:17,8,Complaint,will order next week
V00415,BDM003,Vetri S,OA0676,Prime Cellpoint,2026-05-27,12:06,15,New onboarding,asked for better margin
V00416,BDM001,Sundar R,OA0029,Lakshmi Traders,2026-05-20,10:34,12,Routine visit,will order next week
V00417,BDM009,Gowtham S,OA0086,New Star Gadgets,18/06/2026,16:11,25,Collection,
V00418,BDM008,Sathya N,OA0131,Thangam Digital,07/07/2026,14:09,,Follow up,shop closed
V00419,BDM007,Mohan Raj,OA0377,New Star Mobiles,2026-06-10,13:20,15,New onboarding,display not as per norms
V00420,BDM008,Sathya N,OA0456,Lakshmi Digital,06/06/2026,13:47,45,routine,asked for better margin
V00421,BDM002,Prakash M,OA0724,New Star Communications,2026-06-05,14:03,30,Follow up,
V00422,BDM012,Yuvaraj S,OA0636,Poorvika Electronics,24/06/2026,11:01,10,followup,
V00423,BDM003,Vetri S,OA0568,Vinayaga Mobiles,2026-07-25,12:12,25,New onboarding,collection pending
V00424,BDM002,Prakash M,OA0562,Big C Gadgets,13/07/2026,10:58,10,Complaint,
V00425,BDM005,Dhanush P,OA0069,Mobile World Infotech,01/05/2026,13:13,30,,
V00426,BDM007,Mohan Raj,OA0625,Karpagam Agencies,07/05/2026,11:32,20,Collection,shop closed
V00427,BDM010,Praveen K,OA0126,iStore Electronics,03/06/2026,17:00,15,,asked for better margin
V00428,BDM001,Sundar R,OA0455,Ram Mobiles,18/07/2026,10:54,20,Order,owner not available
V00429,BDM011,Ilango M,OA0735,Royal Digital,14/05/2026,13:19,45,,
V00430,BDM008,Sathya N,OA0169,Meenakshi Traders,2026-06-14,17:00,30,Routine visit,collection pending
V00431,BDM012,Yuvaraj S,OA0181,Mobile World Telecom,2026-06-01,14:03,15,routine,collection pending
V00432,BDM001,Sundar R,OA0065,Anandha Traders,02/05/2026,13:48,20,,
V00433,BDM006,Jegan R,OA0662,Vinayaga Mobile,01/06/2026,10:38,5,Complaint,shop closed
V00434,BDM003,Vetri S,OA0601,Prime Agencies,2026-06-27,13:54,30,Follow up,
V00435,BDM008,Sathya N,OA0749,Thangam Digital,28/05/2026,12:37,45,Complaint,
V00436,BDM010,Praveen K,OA0496,,29/06/2026,14:10,45,,asked for better margin
V00437,BDM004,Ashok Kumar,OA0615,Selvam Electronics,24/07/2026,12:10,12,Order,
V00438,BDM005,Dhanush P,OA0573,Muthu Communications,26/06/2026,14:52,45,Stock check,
V00439,BDM007,Mohan Raj,OA0092,Poorvika Enterprises,2026-06-19,10:09,20,Collection,collection pending
V00440,BDM002,Prakash M,OA0500,Karpagam Infotech,2026-05-20,15:49,15,Stock check,
V00441,BDM002,Prakash M,OA0503,Sri Balaji Infotech,2026-06-21,14:11,20,Routine visit,
V00442,BDM010,Praveen K,OA0702,Sakthi Infotech,22/07/2026,11:44,8,,display not as per norms
V00443,BDM011,Ilango M,OA0346,Amman Communications,2026-06-04,17:00,20,Routine visit,collection pending
V00444,BDM011,Ilango M,OA0191,Devi Mobile,05/05/2026,11:47,20,Follow up,discussed scheme
V00445,BDM008,Sathya N,OA0169,Meenakshi Traders,2026-06-21,16:00,25,Routine visit,
V00446,BDM001,Sundar R,OA0382,iStore Traders,22/05/2026,11:05,,Stock check,shop closed
V00447,BDM007,Mohan Raj,OA0512,Universal Mobiles,25/05/2026,10:33,20,Routine visit,asked for better margin
V00448,BDM005,Dhanush P,OA0470,Sangeetha Mobiles,11/05/2026,10:04,10,Follow up,
V00449,BDM005,Dhanush P,OA0095,iStore Traders,01/06/2026,11:30,15,New onboarding,display not as per norms
V00450,BDM009,Gowtham S,OA0118,Selvam Mobile,23/06/2026,17:12,20,New onboarding,discussed scheme
V00451,BDM003,Vetri S,OA0791,Modern Telecom,29/07/2026,13:12,,followup,
V00452,BDM006,Jegan R,OA0335,Amman Communications,2026-06-04,15:09,,Stock check,display not as per norms
V00453,BDM005,Dhanush P,OA0393,Sangeetha Electronics,03/07/2026,12:06,45,routine,
V00454,BDM010,Praveen K,OA0524,Vasanth Electronics,2026-07-16,13:26,8,followup,asked for better margin
V00455,BDM005,Dhanush P,OA0233,Galaxy Agencies,05/05/2026,13:24,30,Stock check,
V00456,BDM004,Ashok Kumar,OA0264,,27/06/2026,11:00,45,Collection,
V00457,BDM012,Yuvaraj S,OA0114,Selvam Electronics,2026-05-02,17:49,30,routine,
V00458,BDM012,Yuvaraj S,OA0799,Thangam Cellpoint,14/05/2026,10:44,,Stock check,
V00459,BDM002,Prakash M,OA0758,Prime Mobile,08/05/2026,15:15,30,,owner not available
V00460,BDM001,Sundar R,OA0613,Devi Infotech,03/07/2026,10:02,15,Follow up,discussed scheme
V00461,BDM007,Mohan Raj,OA0106,Sri Krishna Mobile,2026-06-19,11:21,15,Order,asked for better margin
V00462,BDM002,Prakash M,OA0528,Mobile World Infotech,2026-05-02,11:17,12,routine,
V00463,BDM010,Praveen K,OA0726,Sri Balaji Traders,2026-07-16,11:06,8,followup,stock displayed
V00464,BDM007,Mohan Raj,OA0625,Karpagam Agencies,18/06/2026,11:09,5,Order,discussed scheme
V00465,BDM004,Ashok Kumar,OA0564,Sakthi Mobile,2026-05-22,17:28,10,Complaint,collection pending
V00466,BDM002,Prakash M,OA0351,Devi Infotech,2026-07-07,12:46,15,Complaint,stock displayed
V00467,BDM001,Sundar R,OA0613,Devi Infotech,15/06/2026,11:13,25,Stock check,
V00468,BDM002,Prakash M,OA0812,Meenakshi Traders - Branch,29/05/2026,16:06,20,followup,display not as per norms
V00469,BDM010,Praveen K,OA0414,iStore Agencies,02/07/2026,11:23,,Routine visit,shop closed
V00470,BDM011,Ilango M,OA0721,Devi Agencies,18/05/2026,11:17,12,followup,collection pending
V00471,BDM007,Mohan Raj,OA0262,Muthu Enterprises,25/05/2026,11:43,15,Follow up,
V00472,BDM008,Sathya N,OA0140,Thangam Mobile,28/05/2026,11:54,,followup,collection pending
V00473,BDM011,Ilango M,OA0721,Devi Agencies,2026-06-09,10:51,8,Routine visit,asked for better margin
V00474,BDM011,Ilango M,OA0094,Vinayaga Mobiles,2026-07-20,13:29,30,Follow up,
V00475,BDM006,Jegan R,OA0439,Sakthi Enterprises,2026-06-27,11:56,8,Follow up,stock displayed
V00476,BDM001,Sundar R,OA0139,Galaxy Infotech,2026-06-03,11:34,20,New onboarding,
V00477,BDM012,Yuvaraj S,OA0208,Universal Mobile,2026-06-25,12:56,10,Routine visit,shop closed
V00478,BDM001,Sundar R,OA0741,Lakshmi Enterprises,20/07/2026,11:04,12,routine,
V00479,BDM010,Praveen K,OA0210,Mobile World Enterprises,05/06/2026,13:18,8,routine,shop closed
V00480,BDM005,Dhanush P,OA0011,Universal Electronics,09/07/2026,14:55,15,Routine visit,shop closed
V00481,BDM003,Vetri S,OA0532,City Communications,07/07/2026,12:03,25,Stock check,
V00482,BDM008,Sathya N,OA0622,Ganesh Enterprises,30/07/2026,14:15,20,Routine visit,
V00483,BDM006,Jegan R,OA0335,Amman Communications,2026-06-15,11:26,30,Routine visit,will order next week
V00484,BDM011,Ilango M,OA0781,City Gadgets,16/07/2026,13:56,8,Follow up,owner not available
V00485,BDM011,Ilango M,OA0022,Chennai Silks Mobiles,02/05/2026,11:00,30,Routine visit,
V00486,BDM003,Vetri S,OA0198,Devi Mobile,20/07/2026,13:51,25,New onboarding,
V00487,BDM006,Jegan R,OA0178,Prime Communications,2026-07-22,11:30,45,Complaint,
V00488,BDM003,Vetri S,OA0557,Modern Mobiles,2026-07-21,16:33,8,routine,
V00489,BDM002,Prakash M,OA0657,City Cellpoint,2026-06-12,11:28,45,New onboarding,asked for better margin
V00490,BDM011,Ilango M,OA0593,New Star Digital,19/05/2026,10:18,12,Order,stock displayed
V00491,BDM009,Gowtham S,OA0006,Bharath Telecom,2026-06-13,12:30,15,Routine visit,display not as per norms
V00492,BDM006,Jegan R,OA0299,Vinayaga Gadgets,30/06/2026,12:27,,,display not as per norms
V00493,BDM006,Jegan R,OA0628,Selvam Infotech,09/05/2026,14:07,5,followup,
V00494,BDM008,Sathya N,OA0424,Sri Krishna Cellpoint,01/05/2026,10:45,20,Routine visit,display not as per norms
V00495,BDM001,Sundar R,OA0640,Chennai Silks Agencies,19/05/2026,11:18,30,Order,shop closed
V00496,BDM010,Praveen K,OA0007,Modern Communications,11/05/2026,12:12,5,Routine visit,owner not available
V00497,BDM009,Gowtham S,OA0068,Saravana Mobile,18/06/2026,15:27,,Complaint,discussed scheme
V00498,BDM003,Vetri S,OA0130,iStore Electronics,2026-06-22,10:13,30,routine,discussed scheme
V00499,BDM001,Sundar R,OA0154,Karpagam Enterprises,04/07/2026,13:28,12,Complaint,will order next week
V00500,BDM004,Ashok Kumar,OA0780,Devi Infotech,05/06/2026,10:02,10,Complaint,stock displayed
V00501,BDM004,Ashok Kumar,OA0269,Amman Cellpoint,23/06/2026,12:05,15,New onboarding,
V00502,BDM011,Ilango M,OA0040,Modern Mobile,26/05/2026,13:31,,routine,discussed scheme
V00503,BDM005,Dhanush P,OA0233,Galaxy Agencies,29/06/2026,12:07,,Complaint,shop closed
V00504,BDM003,Vetri S,OA0125,Devi Communications,2026-05-25,17:35,8,Collection,shop closed
V00505,BDM007,Mohan Raj,OA0092,Poorvika Enterprises,22/07/2026,11:34,20,Follow up,
V00506,BDM012,Yuvaraj S,OA0462,Royal Digital,24/06/2026,15:30,15,Collection,
V00507,BDM007,Mohan Raj,OA0756,Modern Telecom,20/06/2026,10:24,30,Stock check,
V00508,BDM008,Sathya N,OA0692,Sri Balaji Infotech,09/07/2026,17:07,20,Follow up,shop closed
V00509,BDM011,Ilango M,OA0278,Big C Mobiles,06/07/2026,11:04,12,Stock check,display not as per norms
V00510,BDM002,Prakash M,OA0022,Chennai Silks Mobiles,08/07/2026,11:20,8,followup,display not as per norms
V00511,BDM008,Sathya N,OA0323,Vinayaga Traders,15/06/2026,10:35,30,Follow up,
V00512,BDM005,Dhanush P,OA0318,Ram Gadgets,2026-07-02,13:35,15,followup,collection pending
V00513,BDM002,Prakash M,OA0705,Bharath Agencies,22/07/2026,13:14,,Complaint,owner not available
V00514,BDM011,Ilango M,OA0619,Muthu Infotech,19/05/2026,13:07,8,Routine visit,
V00515,BDM009,Gowtham S,OA0013,Ganesh Digital,17/07/2026,10:04,20,routine,asked for better margin
V00516,BDM009,Gowtham S,OA0530,Selvam Agencies,2026-05-02,12:10,45,followup,
V00517,BDM012,Yuvaraj S,OA0367,Devi Gadgets,13/05/2026,11:49,45,New onboarding,asked for better margin
V00518,BDM005,Dhanush P,OA0193,Ganesh Infotech,08/05/2026,14:17,10,Collection,stock displayed
V00519,BDM011,Ilango M,OA0077,City Enterprises,2026-06-25,14:05,,Collection,
V00520,BDM006,Jegan R,OA0415,Jeyam Electronics,26/05/2026,10:56,20,routine,
V00521,BDM009,Gowtham S,OA0401,,15/07/2026,12:55,,,
V00522,BDM003,Vetri S,OA0557,Modern Mobiles,20/05/2026,15:27,10,Routine visit,will order next week
V00523,BDM012,Yuvaraj S,OA0365,Meenakshi Telecom,27/05/2026,10:50,12,,
V00524,BDM008,Sathya N,OA0236,Galaxy Mobiles,2026-05-18,14:01,,followup,discussed scheme
V00525,BDM010,Praveen K,OA0404,Saravana Gadgets,2026-05-30,11:38,25,Routine visit,stock displayed
V00526,BDM001,Sundar R,OA0618,City Telecom,2026-05-08,10:22,10,Order,
V00527,BDM006,Jegan R,OA0058,New Star Telecom,22/05/2026,11:26,5,New onboarding,discussed scheme
V00528,BDM008,Sathya N,OA0017,Mobile World Infotech,04/05/2026,10:33,10,Stock check,will order next week
V00529,BDM007,Mohan Raj,OA0048,Thangam Communications,2026-07-18,10:27,20,Stock check,asked for better margin
V00530,BDM006,Jegan R,OA0166,Big C Infotech,15/07/2026,10:16,,Order,display not as per norms
V00531,BDM004,Ashok Kumar,OA0521,Meenakshi Mobile,17/05/2026,11:00,15,Collection,collection pending
V00532,BDM004,Ashok Kumar,OA0745,Thangam Telecom,18/07/2026,11:22,20,Complaint,display not as per norms
V00533,BDM006,Jegan R,OA0646,Vinayaga Cellpoint,13/06/2026,11:47,20,followup,
V00534,BDM010,Praveen K,OA0463,Royal Cellpoint,2026-07-29,12:46,20,New onboarding,shop closed
V00535,BDM011,Ilango M,OA0495,iStore Gadgets,16/06/2026,16:34,20,Collection,collection pending
V00536,BDM007,Mohan Raj,OA0081,Devi Communications,18/07/2026,11:08,5,Routine visit,will order next week
V00537,BDM003,Vetri S,OA0222,Karpagam Cellpoint,17/06/2026,10:58,10,,
V00538,BDM008,Sathya N,OA0164,Ganesh Electronics,18/06/2026,13:04,30,routine,stock displayed
V00539,BDM008,Sathya N,OA0523,Mobile World Mobiles,20/07/2026,12:05,12,Collection,
V00540,BDM006,Jegan R,OA0304,Chennai Silks Enterprises,2026-07-28,11:07,20,Order,collection pending
V00541,BDM002,Prakash M,OA0695,Ram Cellpoint,13/05/2026,14:08,20,New onboarding,
V00542,BDM001,Sundar R,OA0791,,26/06/2026,15:21,20,routine,display not as per norms
V00543,BDM005,Dhanush P,OA0318,Ram Gadgets,25/06/2026,11:29,,Follow up,
V00544,BDM010,Praveen K,OA0767,Royal Communications,09/06/2026,14:43,15,Collection,asked for better margin
V00545,BDM010,Praveen K,OA0524,Vasanth Electronics,2026-06-10,12:20,25,New onboarding,
V00546,BDM012,Yuvaraj S,OA0508,Saravana Mobile,30/05/2026,16:00,,Routine visit,stock displayed
V00547,BDM004,Ashok Kumar,OA0019,Poorvika Gadgets,05/07/2026,10:01,,Complaint,stock displayed
V00548,BDM011,Ilango M,OA0409,Amman Mobile,2026-07-18,10:15,10,Collection,collection pending
V00549,BDM009,Gowtham S,OA0549,Royal Gadgets,2026-06-07,15:00,25,Routine visit,asked for better margin
V00550,BDM005,Dhanush P,OA0738,Selvam Mobiles,04/07/2026,11:09,,Stock check,
V00551,BDM011,Ilango M,OA0560,Sri Krishna Communications,25/06/2026,11:35,30,Stock check,discussed scheme
V00552,BDM012,Yuvaraj S,OA0616,,11/05/2026,10:38,25,routine,collection pending
V00553,BDM004,Ashok Kumar,OA0211,Poorvika Gadgets,06/07/2026,15:14,20,Follow up,
V00554,BDM010,Praveen K,OA0702,Sakthi Infotech,26/05/2026,13:32,30,Follow up,
V00555,BDM012,Yuvaraj S,OA0729,Amman Gadgets,27/05/2026,10:08,25,Complaint,
V00556,BDM004,Ashok Kumar,OA0615,Selvam Electronics,2026-05-13,12:02,20,Follow up,
V00557,BDM012,Yuvaraj S,OA0026,Meenakshi Infotech,2026-05-14,11:41,20,routine,collection pending
V00558,BDM008,Sathya N,OA0432,Ram Electronics,18/06/2026,10:45,45,Collection,
V00559,BDM003,Vetri S,OA0271,Amman Telecom,07/07/2026,10:00,30,routine,
V00560,BDM011,Ilango M,OA0620,Ganesh Infotech,2026-06-12,17:19,5,Complaint,
V00561,BDM009,Gowtham S,OA0006,Bharath Telecom,2026-06-05,11:10,30,routine,display not as per norms
V00562,BDM011,Ilango M,OA0781,City Gadgets,02/07/2026,11:09,10,followup,will order next week
V00563,BDM011,Ilango M,OA0661,Devi Cellpoint,07/05/2026,10:36,15,Collection,collection pending
V00564,BDM012,Yuvaraj S,OA0359,Amman Mobiles,20/07/2026,13:55,45,Collection,collection pending
V00565,BDM006,Jegan R,OA0611,Royal Traders,24/07/2026,14:12,25,routine,
V00566,BDM011,Ilango M,OA0280,Poorvika Cellpoint,27/07/2026,13:38,45,Collection,display not as per norms
V00567,BDM004,Ashok Kumar,OA0066,Universal Traders,2026-07-08,10:47,25,routine,discussed scheme
V00568,BDM004,Ashok Kumar,OA0763,Kumaran Traders,23/06/2026,10:29,12,Complaint,stock displayed
V00569,BDM010,Praveen K,OA0703,Thangam Telecom,30/07/2026,11:01,25,Routine visit,
V00570,BDM010,Praveen K,OA0726,Sri Balaji Traders,2026-06-03,17:17,20,Collection,
V00571,BDM009,Gowtham S,OA0199,Muthu Enterprises,2026-06-24,11:58,,followup,discussed scheme
V00572,BDM011,Ilango M,OA0778,Vasanth Infotech,02/05/2026,12:32,30,Order,asked for better margin
V00573,BDM012,Yuvaraj S,OA0290,iStore Communications,2026-07-15,11:26,15,Routine visit,stock displayed
V00574,BDM010,Praveen K,OA0703,Thangam Telecom,2026-07-01,15:56,15,Follow up,stock displayed
V00575,BDM003,Vetri S,OA0820,Amman Agencies ,08/06/2026,11:21,8,Routine visit,owner not available
V00576,BDM011,Ilango M,OA0300,Sri Krishna Gadgets,08/06/2026,14:23,,New onboarding,discussed scheme
V00577,BDM003,Vetri S,OA0601,Prime Agencies,2026-06-15,15:53,,Follow up,display not as per norms
V00578,BDM001,Sundar R,OA0154,Karpagam Enterprises,2026-06-19,14:36,12,Stock check,
V00579,BDM012,Yuvaraj S,OA0358,Royal Enterprises,2026-07-27,15:39,20,followup,
V00580,BDM012,Yuvaraj S,OA0302,Saravana Telecom,30/06/2026,10:36,,Routine visit,
V00581,BDM002,Prakash M,OA0242,Mobile World Electronics,13/05/2026,14:35,20,routine,
V00582,BDM004,Ashok Kumar,OA0075,Ram Electronics,04/05/2026,10:30,10,Collection,will order next week
V00583,BDM012,Yuvaraj S,OA0290,iStore Communications,13/05/2026,15:17,10,Follow up,
V00584,BDM009,Gowtham S,OA0183,Anandha Communications,2026-06-09,10:40,15,routine,
V00585,BDM012,Yuvaraj S,OA0206,City Digital,16/07/2026,10:36,15,Order,collection pending
V00586,BDM002,Prakash M,OA0242,Mobile World Electronics,18/06/2026,14:03,10,followup,
V00587,BDM009,Gowtham S,OA0013,Ganesh Digital,23/05/2026,15:25,20,Stock check,owner not available
V00588,BDM009,Gowtham S,OA0118,Selvam Mobile,28/07/2026,10:31,8,Follow up,owner not available
V00589,BDM008,Sathya N,OA0244,Sri Balaji Mobile,02/05/2026,11:08,15,New onboarding,owner not available
V00590,BDM007,Mohan Raj,OA0739,Sangeetha Communications,2026-07-18,13:27,45,Collection,shop closed
V00591,BDM009,Gowtham S,OA0404,Saravana Gadgets,08/07/2026,15:00,30,Routine visit,discussed scheme
V00592,BDM003,Vetri S,OA0502,Lakshmi Gadgets,2026-06-15,13:18,30,,
V00593,BDM007,Mohan Raj,OA0004,Bharath Digital,2026-06-24,15:58,,,
V00594,BDM010,Praveen K,OA0402,Kumaran Digital,19/06/2026,11:28,25,Collection,
V00595,BDM004,Ashok Kumar,OA0149,New Star Telecom,2026-07-27,10:43,8,Follow up,will order next week
V00596,BDM012,Yuvaraj S,OA0405,Galaxy Digital,2026-05-20,15:55,12,Complaint,shop closed
V00597,BDM006,Jegan R,OA0734,Lakshmi Traders,01/07/2026,11:07,8,routine,stock displayed
V00598,BDM012,Yuvaraj S,OA0417,Muthu Enterprises,2026-05-27,13:55,10,Order,discussed scheme
V00599,BDM008,Sathya N,OA0312,Meenakshi Traders,2026-07-20,10:40,45,Routine visit,
V00600,BDM004,Ashok Kumar,OA0763,Kumaran Traders,2026-06-16,13:37,45,New onboarding,
V00601,BDM011,Ilango M,OA0730,Saravana Communications,28/07/2026,12:00,20,Routine visit,asked for better margin
V00602,BDM011,Ilango M,OA0040,Modern Mobile,21/07/2026,11:49,25,Order,stock displayed
V00603,BDM001,Sundar R,OA0009,Jeyam Enterprises,07/05/2026,13:41,20,Complaint,
V00604,BDM007,Mohan Raj,OA0630,Anandha Telecom,2026-05-05,14:00,20,Routine visit,collection pending
V00605,BDM007,Mohan Raj,OA0117,Anandha Enterprises,08/05/2026,11:33,25,Collection,
V00606,BDM007,Mohan Raj,OA0563,Anandha Traders,21/05/2026,12:51,8,Complaint,
V00607,BDM002,Prakash M,OA0242,Mobile World Electronics,07/07/2026,13:23,25,Complaint,
V00608,BDM004,Ashok Kumar,OA0119,City Communications,18/05/2026,11:24,,Routine visit,discussed scheme
V00609,BDM007,Mohan Raj,OA0746,Poorvika Mobiles,08/07/2026,12:49,30,Collection,discussed scheme
V00610,BDM001,Sundar R,OA0224,Selvam Electronics,19/05/2026,14:42,8,Routine visit,owner not available
V00611,BDM004,Ashok Kumar,OA0475,Ganesh Infotech,09/07/2026,11:12,45,Complaint,
V00612,BDM005,Dhanush P,OA0450,Sangeetha Enterprises,11/07/2026,11:13,30,followup,asked for better margin
V00613,BDM012,Yuvaraj S,OA0114,Selvam Electronics,02/05/2026,16:55,30,,
V00614,BDM005,Dhanush P,OA0626,Galaxy Cellpoint,06/05/2026,11:44,20,Collection,
V00615,BDM010,Praveen K,OA0128,Prime Infotech,30/05/2026,13:11,20,Collection,collection pending
V00616,BDM010,Praveen K,OA0219,Vinayaga Communications,2026-05-30,11:00,15,routine,
V00617,BDM006,Jegan R,OA0415,Jeyam Electronics,27/07/2026,14:38,10,Order,shop closed
V00618,BDM011,Ilango M,OA0587,Big C Communications,2026-06-10,12:09,30,routine,shop closed
V00619,BDM008,Sathya N,OA0514,Jeyam Digital,08/06/2026,15:12,,Order,stock displayed
V00620,BDM011,Ilango M,OA0598,Devi Gadgets,2026-06-08,12:23,30,Stock check,display not as per norms
V00621,BDM002,Prakash M,OA0728,Thangam Telecom,22/07/2026,11:16,8,followup,shop closed
V00622,BDM002,Prakash M,OA0474,Mobile World Electronics,24/06/2026,12:17,25,,shop closed
V00623,BDM001,Sundar R,OA0689,Ram Communications,13/07/2026,10:03,12,Order,shop closed
V00624,BDM002,Prakash M,OA0433,Vinayaga Cellpoint,08/05/2026,10:16,5,Routine visit,shop closed
V00625,BDM002,Prakash M,OA0431,Amman Communications,2026-07-09,10:33,8,routine,will order next week
V00626,BDM003,Vetri S,OA0645,Karpagam Telecom,06/06/2026,11:38,45,Order,shop closed
V00627,BDM003,Vetri S,OA0502,Lakshmi Gadgets,19/05/2026,15:03,25,Follow up,shop closed
V00628,BDM007,Mohan Raj,OA0180,Vinayaga Telecom,16/05/2026,12:58,5,Complaint,owner not available
V00629,BDM004,Ashok Kumar,OA0486,Jeyam Infotech,20/07/2026,10:14,15,Routine visit,shop closed
V00630,BDM010,Praveen K,OA0134,Jeyam Enterprises,18/05/2026,12:35,5,Complaint,collection pending
V00631,BDM011,Ilango M,OA0560,Sri Krishna Communications,04/06/2026,12:42,,followup,stock displayed
V00632,BDM011,Ilango M,OA0024,Amman Electronics,2026-05-20,11:47,12,Complaint,asked for better margin
V00633,BDM010,Praveen K,OA0798,Anandha Digital ,2026-05-07,10:13,12,routine,owner not available
V00634,BDM001,Sundar R,OA0707,iStore Enterprises,20/07/2026,11:00,20,Routine visit,discussed scheme
V00635,BDM005,Dhanush P,OA0275,Poorvika Electronics,08/05/2026,10:35,12,Stock check,
V00636,BDM009,Gowtham S,OA0183,Anandha Communications,25/07/2026,12:52,,routine,display not as per norms
V00637,BDM010,Praveen K,OA0520,Sangeetha Agencies,08/06/2026,11:29,,Order,collection pending
V00638,BDM007,Mohan Raj,OA0127,Sangeetha Agencies,2026-07-23,11:42,8,,owner not available
V00639,BDM002,Prakash M,OA0667,Bharath Communications,09/07/2026,14:02,15,Complaint,shop closed
V00640,BDM011,Ilango M,OA0327,Prime Digital,2026-07-22,11:45,5,New onboarding,display not as per norms
V00641,BDM011,Ilango M,OA0495,iStore Gadgets,24/07/2026,11:01,30,Collection,collection pending
V00642,BDM004,Ashok Kumar,OA0038,Royal Communications,24/05/2026,13:22,8,Order,shop closed
V00643,BDM011,Ilango M,OA0397,Vasanth Traders,01/05/2026,14:00,25,Routine visit,
V00644,BDM004,Ashok Kumar,OA0780,Devi Infotech,19/05/2026,13:10,8,Collection,discussed scheme
V00645,BDM003,Vetri S,OA0266,Anandha Cellpoint,2026-07-21,11:15,10,Complaint,collection pending
V00646,BDM001,Sundar R,OA0098,Vasanth Enterprises,10/07/2026,10:32,25,New onboarding,
V00647,BDM011,Ilango M,OA0700,Lakshmi Electronics,2026-07-30,11:02,25,New onboarding,
V00648,BDM007,Mohan Raj,OA0683,Lakshmi Telecom,2026-05-18,11:09,15,followup,
V00649,BDM010,Praveen K,OA0491,Royal Communications,14/07/2026,10:32,45,Collection,
V00650,BDM010,Praveen K,OA0325,Meenakshi Telecom,2026-07-04,14:58,15,Follow up,
V00651,BDM004,Ashok Kumar,OA0745,Thangam Telecom,06/06/2026,14:51,25,Routine visit,stock displayed
V00652,BDM004,Ashok Kumar,OA0357,Universal Mobile,2026-05-13,11:22,30,Order,collection pending
V00653,BDM001,Sundar R,OA0539,Ram Infotech,2026-06-23,10:20,30,Complaint,will order next week
V00654,BDM010,Praveen K,OA0725,Lakshmi Communications,22/05/2026,10:35,15,Stock check,collection pending
V00655,BDM008,Sathya N,OA0385,Ganesh Mobile,01/06/2026,10:53,8,Collection,
V00656,BDM012,Yuvaraj S,OA0417,Muthu Enterprises,25/06/2026,14:03,12,Stock check,will order next week
V00657,BDM009,Gowtham S,OA0714,Karpagam Digital,23/07/2026,12:00,10,,owner not available
V00658,BDM012,Yuvaraj S,OA0434,Galaxy Agencies,07/07/2026,12:46,25,New onboarding,stock displayed
V00659,BDM005,Dhanush P,OA0753,Big C Traders,29/06/2026,12:36,10,Stock check,
V00660,BDM011,Ilango M,OA0653,City Communications,01/05/2026,10:27,30,New onboarding,
V00661,BDM002,Prakash M,OA0677,Chennai Silks Electronics,23/07/2026,10:42,25,,discussed scheme
V00662,BDM001,Sundar R,OA0326,Selvam Communications,25/06/2026,10:54,25,Stock check,owner not available
V00663,BDM006,Jegan R,OA0658,Thangam Traders,09/06/2026,10:40,20,Complaint,will order next week
V00664,BDM001,Sundar R,OA0055,Saravana Digital,14/07/2026,16:16,30,Follow up,
V00665,BDM006,Jegan R,OA0440,Vasanth Telecom,15/07/2026,14:02,30,followup,discussed scheme
V00666,BDM002,Prakash M,OA0724,New Star Communications,2026-06-10,14:00,12,Collection,
V00667,BDM010,Praveen K,OA0404,Saravana Gadgets,08/05/2026,15:11,20,Routine visit,
V00668,BDM001,Sundar R,OA0224,Selvam Electronics,17/07/2026,15:51,15,Follow up,
V00669,BDM005,Dhanush P,OA0805,Mobile World Infotech ,04/07/2026,10:40,15,Collection,will order next week
V00670,BDM002,Prakash M,OA0428,Ganesh Communications,2026-06-21,14:14,30,New onboarding,will order next week
V00671,BDM009,Gowtham S,OA0209,Anandha Traders,14/07/2026,10:49,5,Order,discussed scheme
V00672,BDM009,Gowtham S,OA0404,Saravana Gadgets,22/07/2026,10:00,20,Routine visit,
V00673,BDM008,Sathya N,OA0489,Anandha Telecom,2026-06-11,12:59,25,Order,asked for better margin
V00674,BDM002,Prakash M,OA0812,Meenakshi Traders - Branch,2026-07-12,12:00,10,Complaint,will order next week
V00675,BDM008,Sathya N,OA0514,Jeyam Digital,13/07/2026,13:23,25,,will order next week
V00676,BDM005,Dhanush P,OA0259,Karpagam Mobiles,01/07/2026,14:06,30,Collection,discussed scheme
V00677,BDM010,Praveen K,OA0179,Ram Agencies,05/05/2026,16:22,5,Order,will order next week
V00678,BDM008,Sathya N,OA0519,Sakthi Cellpoint,25/05/2026,15:29,45,Complaint,will order next week
V00679,BDM003,Vetri S,OA0430,Amman Digital,06/05/2026,12:24,15,Follow up,
V00680,BDM002,Prakash M,OA0705,Bharath Agencies,05/06/2026,16:34,45,New onboarding,
V00681,BDM005,Dhanush P,OA0573,Muthu Communications,13/06/2026,17:04,15,followup,
V00682,BDM004,Ashok Kumar,OA0363,Saravana Mobiles,09/07/2026,12:10,30,Follow up,
V00683,BDM001,Sundar R,OA0154,Karpagam Enterprises,2026-07-04,11:02,15,Collection,display not as per norms
V00684,BDM011,Ilango M,OA0191,Devi Mobile,10/06/2026,14:59,30,Order,
V00685,BDM006,Jegan R,OA0044,Muthu Mobiles,2026-06-01,12:36,45,Routine visit,
V00686,BDM010,Praveen K,OA0496,Saravana Communications,06/07/2026,10:36,8,New onboarding,owner not available
V00687,BDM009,Gowtham S,OA0537,Selvam Digital,07/05/2026,17:08,30,Order,will order next week
V00688,BDM008,Sathya N,OA0740,New Star Agencies,02/07/2026,10:33,20,Follow up,stock displayed
V00689,BDM009,Gowtham S,OA0418,Prime Digital,27/06/2026,11:30,,New onboarding,discussed scheme
V00690,BDM001,Sundar R,OA0112,Karpagam Infotech,28/05/2026,11:39,30,Complaint,discussed scheme
V00691,BDM004,Ashok Kumar,OA0486,Jeyam Infotech,21/05/2026,13:55,8,New onboarding,
V00692,BDM006,Jegan R,OA0440,Vasanth Telecom,06/06/2026,12:03,25,Collection,stock displayed
V00693,BDM004,Ashok Kumar,OA0475,Ganesh Infotech,01/05/2026,10:26,20,Routine visit,discussed scheme
V00694,BDM011,Ilango M,OA0495,iStore Gadgets,28/05/2026,13:02,10,Order,collection pending
V00695,BDM004,Ashok Kumar,OA0168,Jeyam Traders,25/05/2026,10:27,5,New onboarding,display not as per norms
V00696,BDM003,Vetri S,OA0064,Sakthi Cellpoint,2026-06-05,13:12,20,Routine visit,owner not available
V00697,BDM009,Gowtham S,OA0118,Selvam Mobile,27/05/2026,14:17,25,Stock check,will order next week
V00698,BDM004,Ashok Kumar,OA0066,Universal Traders,2026-05-07,10:02,,,
V00699,BDM011,Ilango M,OA0409,Amman Mobile,13/07/2026,13:19,5,Follow up,asked for better margin
V00700,BDM011,Ilango M,OA0327,Prime Digital,2026-06-20,11:48,10,Order,
V00701,BDM010,Praveen K,OA0348,Poorvika Mobile,2026-06-15,13:39,,Routine visit,will order next week
V00702,BDM012,Yuvaraj S,OA0062,Jeyam Telecom,16/05/2026,15:00,45,Collection,
V00703,BDM009,Gowtham S,OA0548,Lakshmi Gadgets,08/07/2026,16:00,20,Routine visit,stock displayed
V00704,BDM009,Gowtham S,OA0086,New Star Gadgets,18/07/2026,11:35,12,,
V00705,BDM002,Prakash M,OA0592,iStore Electronics,20/05/2026,14:13,25,Routine visit,stock displayed
V00706,BDM001,Sundar R,OA0163,Sri Krishna Communications,2026-05-20,15:25,,Stock check,owner not available
V00707,BDM006,Jegan R,OA0439,Sakthi Enterprises,20/05/2026,14:00,,Routine visit,display not as per norms
V00708,BDM003,Vetri S,OA0750,Vasanth Cellpoint,2026-06-18,14:27,30,Order,asked for better margin
V00709,BDM009,Gowtham S,OA0366,Jeyam Agencies,02/05/2026,16:12,20,,asked for better margin
V00710,BDM001,Sundar R,OA0234,Big C Infotech,30/05/2026,10:05,30,followup,
V00711,BDM003,Vetri S,OA0188,Muthu Cellpoint,27/05/2026,12:08,,Stock check,
V00712,BDM004,Ashok Kumar,OA0264,Thangam Enterprises,03/07/2026,12:50,5,Stock check,
V00713,BDM009,Gowtham S,OA0086,New Star Gadgets,16/07/2026,12:58,30,Collection,asked for better margin
V00714,BDM008,Sathya N,OA0424,Sri Krishna Cellpoint,2026-07-08,10:40,25,routine,
V00715,BDM005,Dhanush P,OA0182,Devi Telecom,20/06/2026,13:49,5,,
V00716,BDM009,Gowtham S,OA0782,City Mobiles,2026-05-22,13:58,,Complaint,stock displayed
V00717,BDM002,Prakash M,OA0428,Ganesh Communications,05/06/2026,10:17,30,Order,display not as per norms
V00718,BDM012,Yuvaraj S,OA0442,Big C Telecom,13/06/2026,13:03,,Order,
V00719,BDM001,Sundar R,OA0003,Anandha Enterprises,19/06/2026,10:56,25,,
V00720,BDM010,Praveen K,OA0538,Royal Infotech,15/06/2026,12:34,25,New onboarding,
V00721,BDM010,Praveen K,OA0538,Royal Infotech,21/07/2026,11:09,30,New onboarding,collection pending
V00722,BDM009,Gowtham S,OA0388,Galaxy Telecom,10/07/2026,16:00,20,routine,display not as per norms
V00723,BDM006,Jegan R,OA0047,Sakthi Infotech,2026-07-25,13:57,15,Collection,
V00724,BDM005,Dhanush P,OA0554,Modern Digital,13/06/2026,10:10,20,Follow up,shop closed
V00725,BDM006,Jegan R,OA0586,Lakshmi Infotech,2026-05-13,10:35,10,Collection,stock displayed
V00726,BDM006,Jegan R,OA0080,Chennai Silks Enterprises,2026-05-20,13:25,20,followup,
V00727,BDM003,Vetri S,OA0341,Prime Electronics,2026-06-30,11:46,5,routine,asked for better margin
V00728,BDM011,Ilango M,OA0587,Big C Communications,2026-06-05,12:08,30,,
V00729,BDM010,Praveen K,OA0633,Chennai Silks Cellpoint,2026-06-02,12:07,20,,owner not available
V00730,BDM011,Ilango M,OA0565,Ram Traders,20/06/2026,14:21,12,routine,stock displayed
V00731,BDM005,Dhanush P,OA0193,Ganesh Infotech,2026-05-25,14:55,12,Order,will order next week
V00732,BDM004,Ashok Kumar,OA0732,Selvam Agencies,2026-05-13,13:06,15,Order,owner not available
V00733,BDM004,Ashok Kumar,OA0363,Saravana Mobiles,2026-06-30,11:03,12,Follow up,owner not available
V00734,BDM008,Sathya N,OA0196,Universal Gadgets,09/05/2026,10:42,,Collection,stock displayed
V00735,BDM006,Jegan R,OA0089,iStore Enterprises,28/06/2026,12:16,15,followup,display not as per norms
V00736,BDM011,Ilango M,OA0661,Devi Cellpoint,11/06/2026,12:28,15,Follow up,display not as per norms
V00737,BDM008,Sathya N,OA0230,Ram Digital,2026-07-20,10:01,30,routine,
V00738,BDM005,Dhanush P,OA0573,Muthu Communications,19/05/2026,11:42,25,New onboarding,
V00739,BDM010,Praveen K,OA0404,Saravana Gadgets,2026-06-25,11:32,8,followup,will order next week
V00740,BDM010,Praveen K,OA0520,Sangeetha Agencies,26/05/2026,14:16,,Complaint,will order next week
V00741,BDM001,Sundar R,OA0481,Muthu Traders,06/07/2026,14:31,12,Collection,shop closed
V00742,BDM011,Ilango M,OA0666,Anandha Gadgets,04/06/2026,11:40,30,followup,will order next week
V00743,BDM012,Yuvaraj S,OA0493,Bharath Traders,22/07/2026,13:09,30,Stock check,collection pending
V00744,BDM012,Yuvaraj S,OA0644,Karpagam Enterprises,07/05/2026,11:10,10,followup,
V00745,BDM008,Sathya N,OA0567,City Gadgets,04/06/2026,15:53,10,Routine visit,shop closed
V00746,BDM001,Sundar R,OA0441,Bharath Enterprises,25/07/2026,12:00,30,Routine visit,owner not available
V00747,BDM001,Sundar R,OA0608,Devi Gadgets,27/07/2026,12:29,,New onboarding,discussed scheme
V00748,BDM005,Dhanush P,OA0547,Vinayaga Gadgets,18/05/2026,10:14,20,Stock check,
V00749,BDM009,Gowtham S,OA0574,Amman Digital,26/05/2026,15:09,12,Stock check,
V00750,BDM006,Jegan R,OA0469,Sri Balaji Infotech,08/05/2026,11:54,,Routine visit,collection pending
V00751,BDM008,Sathya N,OA0590,Selvam Electronics,2026-07-17,12:26,,Complaint,stock displayed
V00752,BDM008,Sathya N,OA0169,Meenakshi Traders,2026-06-07,14:00,30,Routine visit,owner not available
V00753,BDM008,Sathya N,OA0567,City Gadgets,16/05/2026,13:23,20,,
V00754,BDM004,Ashok Kumar,OA0716,Anandha Communications,17/05/2026,11:05,20,routine,
V00755,BDM010,Praveen K,OA0324,Sri Balaji Traders,11/05/2026,10:09,30,routine,stock displayed
V00756,BDM009,Gowtham S,OA0548,Lakshmi Gadgets,25/06/2026,13:06,25,Routine visit,display not as per norms
V00757,BDM006,Jegan R,OA0536,Bharath Traders,2026-06-12,10:24,5,followup,shop closed
V00758,BDM005,Dhanush P,OA0533,Universal Mobile,06/07/2026,13:02,15,,asked for better margin
V00759,BDM005,Dhanush P,OA0744,Jeyam Communications,2026-05-13,10:23,10,routine,
V00760,BDM003,Vetri S,OA0176,Sri Krishna Cellpoint,23/05/2026,12:58,5,Routine visit,collection pending
V00761,BDM004,Ashok Kumar,OA0036,Jeyam Digital,2026-06-10,12:09,15,,collection pending
V00762,BDM004,Ashok Kumar,OA0478,Big C Mobile,22/07/2026,12:00,,New onboarding,
V00763,BDM002,Prakash M,OA0167,Meenakshi Telecom,05/06/2026,14:14,15,Collection,
V00764,BDM011,Ilango M,OA0274,Muthu Electronics,16/07/2026,11:54,,Complaint,
V00765,BDM001,Sundar R,OA0141,Muthu Electronics,05/05/2026,13:50,,followup,display not as per norms
V00766,BDM011,Ilango M,OA0040,Modern Mobile,20/06/2026,12:54,30,New onboarding,
V00767,BDM004,Ashok Kumar,OA0564,Sakthi Mobile,01/06/2026,12:29,5,Complaint,will order next week
V00768,BDM008,Sathya N,OA0016,Universal Infotech,25/05/2026,10:35,,,
V00769,BDM006,Jegan R,OA0448,,21/07/2026,13:03,20,Stock check,discussed scheme
V00770,BDM010,Praveen K,OA0571,Amman Telecom,2026-07-29,13:32,12,Collection,
V00771,BDM011,Ilango M,OA0730,Saravana Communications,23/06/2026,12:00,25,Routine visit,
V00772,BDM008,Sathya N,OA0749,Thangam Digital,05/05/2026,13:24,8,New onboarding,
V00773,BDM006,Jegan R,OA0247,iStore Infotech,19/06/2026,10:05,20,Routine visit,owner not available
V00774,BDM008,Sathya N,OA0727,Royal Electronics,17/07/2026,14:53,45,Routine visit,asked for better margin
V00775,BDM001,Sundar R,OA0298,Sri Krishna Electronics,25/07/2026,14:13,,Collection,discussed scheme
V00776,BDM011,Ilango M,OA0022,Chennai Silks Mobiles,11/07/2026,17:00,30,Routine visit,
V00777,BDM011,Ilango M,OA0593,New Star Digital,2026-07-07,10:33,45,New onboarding,discussed scheme
V00778,BDM009,Gowtham S,OA0276,,2026-06-23,17:00,20,Follow up,will order next week
V00779,BDM007,Mohan Raj,OA0048,Thangam Communications,01/06/2026,12:07,15,Complaint,will order next week
V00780,BDM007,Mohan Raj,OA0426,Modern Digital,2026-06-07,03:08,30,Stock check,stock displayed
V00781,BDM012,Yuvaraj S,OA0434,Galaxy Agencies,26/05/2026,10:07,8,,
V00782,BDM012,Yuvaraj S,OA0302,Saravana Telecom,06/07/2026,11:16,12,Follow up,stock displayed
V00783,BDM009,Gowtham S,OA0287,Royal Mobile,2026-07-03,13:41,8,Order,discussed scheme
V00784,BDM003,Vetri S,OA0198,Devi Mobile,21/07/2026,12:20,30,Order,stock displayed
V00785,BDM007,Mohan Raj,OA0625,Karpagam Agencies,21/05/2026,10:51,8,Complaint,discussed scheme
V00786,BDM009,Gowtham S,OA0013,,10/07/2026,14:09,,New onboarding,collection pending
V00787,BDM011,Ilango M,OA0024,Amman Electronics,03/07/2026,10:33,8,routine,
V00788,BDM001,Sundar R,OA0441,Bharath Enterprises,13/06/2026,15:00,25,Routine visit,
V00789,BDM011,Ilango M,OA0322,Saravana Enterprises,08/07/2026,12:20,45,Routine visit,stock displayed
V00790,BDM006,Jegan R,OA0518,Thangam Mobile,2026-06-04,14:26,,followup,collection pending
V00791,BDM002,Prakash M,OA0528,Mobile World Infotech,2026-07-11,15:15,20,Routine visit,shop closed
V00792,BDM007,Mohan Raj,OA0441,Bharath Enterprises,29/05/2026,12:20,10,Collection,asked for better margin
V00793,BDM001,Sundar R,OA0122,Big C Digital,22/05/2026,12:42,20,followup,
V00794,BDM006,Jegan R,OA0364,Galaxy Electronics,2026-05-08,14:17,10,Complaint,
V00795,BDM004,Ashok Kumar,OA0478,Big C Mobile,25/05/2026,12:41,,Routine visit,will order next week
V00796,BDM009,Gowtham S,OA0595,Sangeetha Cellpoint,2026-05-01,12:18,12,New onboarding,display not as per norms
V00797,BDM006,Jegan R,OA0070,Big C Digital,10/07/2026,14:43,,Routine visit,discussed scheme
V00798,BDM007,Mohan Raj,OA0262,Muthu Enterprises,18/07/2026,15:56,45,Collection,display not as per norms
V00799,BDM002,Prakash M,OA0151,Chennai Silks Communications,2026-05-28,11:16,15,Order,collection pending
V00800,BDM003,Vetri S,OA0568,Vinayaga Mobiles,03/07/2026,13:07,30,Collection,owner not available
V00801,BDM002,Prakash M,OA0378,Universal Telecom,05/05/2026,11:33,20,,asked for better margin
V00802,BDM005,Dhanush P,OA0349,iStore Enterprises,29/07/2026,14:04,30,Complaint,asked for better margin
V00803,BDM007,Mohan Raj,OA0817,ISTORE TELECOM,2026-05-02,11:22,45,Order,stock displayed
V00804,BDM012,Yuvaraj S,OA0368,Anandha Telecom,08/05/2026,12:59,10,routine,
V00805,BDM007,Mohan Raj,OA0261,City Mobile,2026-06-22,10:02,8,Collection,will order next week
V00806,BDM010,Praveen K,OA0713,Ganesh Traders,16/06/2026,15:51,12,Stock check,shop closed
V00807,BDM009,Gowtham S,OA0257,Vinayaga Mobiles,2026-05-18,15:52,25,Collection,asked for better margin
V00808,BDM003,Vetri S,OA0515,New Star Infotech,03/06/2026,13:48,20,Stock check,
V00809,BDM010,Praveen K,OA0126,iStore Electronics,04/06/2026,10:18,5,Order,discussed scheme
V00810,BDM010,Praveen K,OA0310,Devi Digital,31/07/2026,16:09,30,,shop closed
V00811,BDM003,Vetri S,OA0557,Modern Mobiles,13/07/2026,17:12,15,routine,
V00812,BDM011,Ilango M,OA0218,Meenakshi Communications,30/05/2026,10:52,8,Order,shop closed
V00813,BDM010,Praveen K,OA0518,,16/07/2026,17:00,20,Routine visit,display not as per norms
V00814,BDM003,Vetri S,OA0676,Prime Cellpoint,25/06/2026,10:40,15,,
V00815,BDM011,Ilango M,OA0172,iStore Electronics,14/07/2026,10:01,45,Stock check,
V00816,BDM003,Vetri S,OA0515,New Star Infotech,2026-07-15,16:06,12,Complaint,
V00817,BDM001,Sundar R,OA0618,City Telecom,09/05/2026,13:59,30,Collection,
V00818,BDM006,Jegan R,OA0748,Ganesh Electronics,11/07/2026,15:17,20,,stock displayed
V00819,BDM006,Jegan R,OA0299,Vinayaga Gadgets,07/05/2026,10:28,10,Collection,
V00820,BDM006,Jegan R,OA0662,Vinayaga Mobile,30/06/2026,10:37,30,Collection,collection pending
V00821,BDM010,Praveen K,OA0435,Muthu Mobile,2026-05-15,15:04,20,Complaint,
V00822,BDM009,Gowtham S,OA0123,Muthu Mobiles,23/05/2026,11:09,8,Routine visit,
V00823,BDM007,Mohan Raj,OA0452,,28/05/2026,13:32,15,routine,asked for better margin
V00824,BDM001,Sundar R,OA0163,Sri Krishna Communications,20/07/2026,13:44,15,Collection,stock displayed
V00825,BDM001,Sundar R,OA0481,Muthu Traders,25/07/2026,14:45,30,Collection,
V00826,BDM008,Sathya N,OA0105,Chennai Silks Agencies,09/07/2026,17:13,15,Routine visit,asked for better margin
V00827,BDM002,Prakash M,OA0562,Big C Gadgets,29/05/2026,16:12,20,Follow up,stock displayed
V00828,BDM008,Sathya N,OA0488,Karpagam Gadgets,18/07/2026,12:27,10,followup,will order next week
V00829,BDM006,Jegan R,OA0392,Karpagam Communications,10/06/2026,10:46,,Follow up,owner not available
V00830,BDM006,Jegan R,OA0542,Kumaran Traders,2026-07-23,10:17,30,Order,discussed scheme
V00831,BDM011,Ilango M,OA0735,Royal Digital,21/07/2026,15:31,45,New onboarding,
V00832,BDM003,Vetri S,OA0471,Amman Cellpoint,29/05/2026,15:25,,routine,asked for better margin
V00833,BDM003,Vetri S,OA0779,Jeyam Agencies,06/06/2026,12:50,25,New onboarding,collection pending
V00834,BDM011,Ilango M,OA0620,Ganesh Infotech,30/07/2026,13:36,10,Stock check,
V00835,BDM002,Prakash M,OA0422,Anandha Agencies,29/05/2026,16:03,15,routine,
V00836,BDM011,Ilango M,OA0191,Devi Mobile,07/05/2026,11:05,5,Complaint,
V00837,BDM004,Ashok Kumar,OA0239,Selvam Traders,12/05/2026,13:11,,Follow up,stock displayed
V00838,BDM007,Mohan Raj,OA0630,Anandha Telecom,07/07/2026,15:00,20,Routine visit,
V00839,BDM003,Vetri S,OA0766,Vasanth Enterprises,20/05/2026,11:33,20,followup,owner not available
V00840,BDM005,Dhanush P,OA0494,New Star Telecom,23/06/2026,11:27,15,Order,
V00841,BDM004,Ashok Kumar,OA0116,Chennai Silks Communications,01/07/2026,14:29,25,Stock check,will order next week
V00842,BDM006,Jegan R,OA0089,iStore Enterprises,27/05/2026,13:50,5,routine,owner not available
V00843,BDM002,Prakash M,OA0664,New Star Traders,22/06/2026,11:38,10,Routine visit,
V00844,BDM004,Ashok Kumar,OA0075,Ram Electronics,2026-05-26,11:06,12,followup,asked for better margin
V00845,BDM010,Praveen K,OA0100,Ram Agencies,2026-05-23,12:11,,Follow up,stock displayed
V00846,BDM004,Ashok Kumar,OA0681,Lakshmi Agencies,2026-06-29,11:58,45,,will order next week
V00847,BDM010,Praveen K,OA0076,Royal Agencies,29/06/2026,11:06,8,Follow up,will order next week
V00848,BDM001,Sundar R,OA0441,Bharath Enterprises,20/06/2026,16:00,20,Routine visit,
V00849,BDM011,Ilango M,OA0597,Selvam Electronics,25/05/2026,11:35,10,followup,owner not available
V00850,BDM012,Yuvaraj S,OA0008,Sri Krishna Communications,17/06/2026,16:45,15,New onboarding,owner not available
V00851,BDM012,Yuvaraj S,OA0062,Jeyam Telecom,13/07/2026,16:05,,Order,shop closed
V00852,BDM004,Ashok Kumar,OA0019,Poorvika Gadgets,2026-06-21,13:46,,Collection,stock displayed
V00853,BDM002,Prakash M,OA0546,Ganesh Agencies,2026-05-04,11:45,25,Follow up,
V00854,BDM006,Jegan R,OA0047,Sakthi Infotech,2026-05-13,12:47,,Order,discussed scheme
V00855,BDM004,Ashok Kumar,OA0279,Sangeetha Communications,06/05/2026,10:12,45,Collection,
V00856,BDM009,Gowtham S,OA0132,Big C Agencies,2026-06-23,17:11,,routine,
V00857,BDM006,Jegan R,OA0058,New Star Telecom,25/07/2026,14:42,,followup,will order next week
V00858,BDM005,Dhanush P,OA0554,Modern Digital,2026-06-15,15:13,5,followup,
V00859,BDM002,Prakash M,OA0719,Sakthi Infotech,27/07/2026,12:48,15,routine,
V00860,BDM004,Ashok Kumar,OA0475,Ganesh Infotech,17/07/2026,14:50,20,followup,
V00861,BDM003,Vetri S,OA0766,Vasanth Enterprises,2026-07-08,13:12,5,routine,will order next week
V00862,BDM007,Mohan Raj,OA0563,Anandha Traders,02/07/2026,14:29,12,,owner not available
V00863,BDM008,Sathya N,OA0140,Thangam Mobile,2026-07-28,11:11,10,routine,
V00864,BDM011,Ilango M,OA0721,Devi Agencies,2026-07-11,13:29,45,,asked for better margin
V00865,BDM008,Sathya N,OA0489,Anandha Telecom,13/07/2026,13:48,25,Order,
V00866,BDM011,Ilango M,OA0495,iStore Gadgets,06/07/2026,16:00,20,Complaint,stock displayed
V00867,BDM004,Ashok Kumar,OA0511,Thangam Telecom,2026-07-03,11:41,5,followup,
V00868,BDM004,Ashok Kumar,OA0521,Meenakshi Mobile,2026-05-25,16:04,5,routine,will order next week
V00869,BDM001,Sundar R,OA0396,Saravana Agencies,13/07/2026,15:13,20,Follow up,owner not available
V00870,BDM011,Ilango M,OA0300,Sri Krishna Gadgets,11/06/2026,10:08,12,Order,stock displayed
V00871,BDM005,Dhanush P,OA0150,Universal Communications,2026-07-18,10:40,12,,display not as per norms
V00872,BDM002,Prakash M,OA0664,New Star Traders,29/06/2026,10:17,45,Complaint,
V00873,BDM007,Mohan Raj,OA0426,Modern Digital,08/07/2026,10:46,20,,shop closed
V00874,BDM003,Vetri S,OA0243,Jeyam Digital,05/07/2026,10:39,,followup,owner not available
V00875,BDM011,Ilango M,OA0303,Sangeetha Enterprises,28/05/2026,14:30,45,Collection,asked for better margin
V00876,BDM009,Gowtham S,OA0123,Muthu Mobiles,14/07/2026,10:07,45,Stock check,
V00877,BDM010,Praveen K,OA0767,Royal Communications,2026-06-05,10:31,,Complaint,
V00878,BDM009,Gowtham S,OA0063,Amman Mobile,03/06/2026,13:33,30,Stock check,collection pending
V00879,BDM002,Prakash M,OA0719,Sakthi Infotech,2026-05-07,11:56,,routine,
V00880,BDM008,Sathya N,OA0113,Sakthi Infotech,18/05/2026,12:53,20,followup,
V00881,BDM005,Dhanush P,OA0347,Thangam Mobiles,16/07/2026,15:30,25,,discussed scheme
V00882,BDM011,Ilango M,OA0346,Amman Communications,16/07/2026,10:00,25,Routine visit,will order next week
V00883,BDM003,Vetri S,OA0810,Amman Cellpoint,20/05/2026,13:58,20,Order,stock displayed
V00884,BDM001,Sundar R,OA0539,Ram Infotech,25/05/2026,15:56,10,Order,collection pending
V00885,BDM010,Praveen K,OA0725,Lakshmi Communications,26/06/2026,17:25,10,Order,discussed scheme
V00886,BDM001,Sundar R,OA0436,Vinayaga Agencies,14/07/2026,15:13,45,Collection,shop closed
V00887,BDM009,Gowtham S,OA0331,Kumaran Electronics,2026-07-11,12:01,5,Order,shop closed
V00888,BDM008,Sathya N,OA0588,Sri Balaji Electronics,2026-07-25,10:37,25,Follow up,
V00889,BDM002,Prakash M,OA0684,City Digital,2026-06-24,15:43,15,Order,owner not available
V00890,BDM012,Yuvaraj S,OA0282,Big C Mobile,2026-05-25,15:00,15,Complaint,display not as per norms
V00891,BDM001,Sundar R,OA0029,Lakshmi Traders,29/06/2026,12:14,5,Collection,
V00892,BDM012,Yuvaraj S,OA0114,Selvam Electronics,2026-06-02,11:31,12,routine,collection pending
V00893,BDM002,Prakash M,OA0052,Kumaran Agencies,01/06/2026,11:52,12,Order,stock displayed
V00894,BDM009,Gowtham S,OA0782,City Mobiles,12/06/2026,13:43,20,,will order next week
V00895,BDM010,Praveen K,OA0380,Modern Traders,14/07/2026,13:57,10,followup,shop closed
V00896,BDM007,Mohan Raj,OA0253,Amman Gadgets,2026-05-21,11:57,25,Stock check,discussed scheme
V00897,BDM001,Sundar R,OA0029,Lakshmi Traders,27/07/2026,14:06,30,Routine visit,collection pending
V00898,BDM009,Gowtham S,OA0782,City Mobiles,27/05/2026,10:48,20,Order,
V00899,BDM003,Vetri S,OA0579,Saravana Telecom,02/07/2026,14:11,30,Complaint,
V00900,BDM005,Dhanush P,OA0738,Selvam Mobiles,17/06/2026,10:58,,Follow up,
V00901,BDM002,Prakash M,OA0528,Mobile World Infotech,12/06/2026,10:00,25,Complaint,
V00902,BDM010,Praveen K,OA0717,Poorvika Traders,11/06/2026,11:00,20,Routine visit,collection pending
V00903,BDM003,Vetri S,OA0201,Sakthi Mobile,07/05/2026,10:47,12,Collection,
V00904,BDM009,Gowtham S,OA0650,Vinayaga Electronics,24/06/2026,23:12,12,New onboarding,stock displayed
V00905,BDM004,Ashok Kumar,OA0745,Thangam Telecom,23/06/2026,14:41,20,New onboarding,display not as per norms
V00906,BDM004,Ashok Kumar,OA0485,Ram Traders,26/06/2026,13:53,5,Complaint,
V00907,BDM011,Ilango M,OA0797,Amman Gadgets,02/05/2026,16:44,20,routine,
V00908,BDM009,Gowtham S,OA0404,Saravana Gadgets,2026-07-15,15:00,25,Routine visit,
V00909,BDM006,Jegan R,OA0662,Vinayaga Mobile,2026-05-04,11:32,25,Routine visit,
V00910,BDM002,Prakash M,OA0772,Ganesh Cellpoint,2026-07-06,10:28,,Collection,
V00911,BDM008,Sathya N,OA0687,Bharath Communications,27/06/2026,14:21,15,Routine visit,
V00912,BDM012,Yuvaraj S,OA0729,Amman Gadgets,19/06/2026,11:09,8,New onboarding,display not as per norms
V00913,BDM004,Ashok Kumar,OA0475,Ganesh Infotech,04/06/2026,12:10,45,Follow up,
V00914,BDM005,Dhanush P,OA0083,Amman Digital,2026-06-03,10:11,5,followup,stock displayed
V00915,BDM006,Jegan R,OA0662,Vinayaga Mobile,13/05/2026,14:32,5,Order,collection pending
V00916,BDM005,Dhanush P,OA0084,Galaxy Mobile,07/07/2026,11:48,15,routine,
V00917,BDM008,Sathya N,OA0105,Chennai Silks Agencies,29/07/2026,10:55,12,Order,
V00918,BDM012,Yuvaraj S,OA0709,New Star Mobile,2026-06-02,14:08,30,routine,will order next week
V00919,BDM010,Praveen K,OA0524,Vasanth Electronics,2026-06-04,13:28,25,followup,
V00920,BDM001,Sundar R,OA0437,Thangam Mobile,11/06/2026,11:09,15,,owner not available
V00921,BDM011,Ilango M,OA0642,Anandha Telecom,28/06/2026,15:33,25,Routine visit,
V00922,BDM005,Dhanush P,OA0248,Big C Telecom,19/06/2026,10:47,10,Stock check,discussed scheme
V00923,BDM009,Gowtham S,OA0782,City Mobiles,2026-06-27,15:35,12,Stock check,shop closed
V00924,BDM004,Ashok Kumar,OA0119,City Communications,14/05/2026,14:41,5,Follow up,owner not available
V00925,BDM004,Ashok Kumar,OA0403,Mobile World Digital,27/05/2026,14:38,12,Routine visit,
V00926,BDM008,Sathya N,OA0472,Big C Gadgets,2026-07-20,14:18,15,Order,
V00927,BDM003,Vetri S,OA0652,Modern Infotech,12/06/2026,16:04,25,Complaint,
V00928,BDM009,Gowtham S,OA0132,Big C Agencies,22/07/2026,13:02,30,Routine visit,discussed scheme
V00929,BDM008,Sathya N,OA0432,Ram Electronics,07/05/2026,10:30,30,Routine visit,will order next week
V00930,BDM010,Praveen K,OA0217,Devi Electronics,03/06/2026,17:07,30,Stock check,
V00931,BDM005,Dhanush P,OA0379,iStore Communications,18/06/2026,15:00,20,New onboarding,will order next week
V00932,BDM001,Sundar R,OA0730,Saravana Communications,10/06/2026,13:27,20,New onboarding,discussed scheme
V00933,BDM009,Gowtham S,OA0650,Vinayaga Electronics,21/07/2026,10:07,,Stock check,collection pending
V00934,BDM010,Praveen K,OA0256,Muthu Gadgets,2026-06-05,11:38,,Follow up,
V00935,BDM009,Gowtham S,OA0344,Galaxy Electronics,04/06/2026,12:52,,followup,stock displayed
V00936,BDM011,Ilango M,OA0730,Saravana Communications,2026-06-16,12:00,30,Routine visit,asked for better margin
V00937,BDM002,Prakash M,OA0758,Prime Mobile,2026-06-15,15:24,25,,will order next week
V00938,BDM007,Mohan Raj,OA0180,Vinayaga Telecom,12/06/2026,11:07,30,Stock check,
V00939,BDM012,Yuvaraj S,OA0152,Meenakshi Gadgets,2026-07-18,13:25,45,routine,owner not available
V00940,BDM002,Prakash M,OA0728,Thangam Telecom,14/05/2026,10:04,,followup,stock displayed
V00941,BDM001,Sundar R,OA0608,Devi Gadgets,10/07/2026,16:39,30,followup,owner not available
V00942,BDM001,Sundar R,OA0617,Bharath Agencies,03/07/2026,13:24,8,New onboarding,asked for better margin
V00943,BDM005,Dhanush P,OA0093,Vinayaga Cellpoint,21/07/2026,14:56,15,,
V00944,BDM009,Gowtham S,OA0574,Amman Digital,2026-05-18,11:13,25,followup,discussed scheme
V00945,BDM005,Dhanush P,OA0394,Prime Mobile,01/06/2026,12:43,30,New onboarding,
V00946,BDM004,Ashok Kumar,OA0485,Ram Traders,30/05/2026,11:48,8,Order,shop closed
V00947,BDM004,Ashok Kumar,OA0780,Devi Infotech,16/07/2026,17:14,8,routine,
V00948,BDM006,Jegan R,OA0247,iStore Infotech,15/05/2026,11:41,45,Order,
V00949,BDM008,Sathya N,OA0754,Thangam Enterprises,04/05/2026,12:09,45,,discussed scheme
V00950,BDM004,Ashok Kumar,OA0137,Vasanth Enterprises,14/05/2026,10:20,,Complaint,
V00951,BDM004,Ashok Kumar,OA0473,Ganesh Cellpoint,2026-07-27,12:17,,Order,will order next week
V00952,BDM008,Sathya N,OA0802,Mobile World Mobiles,2026-06-22,12:21,15,Order,
V00953,BDM002,Prakash M,OA0167,Meenakshi Telecom,2026-05-07,14:36,45,New onboarding,
V00954,BDM003,Vetri S,OA0074,Poorvika Cellpoint,27/05/2026,12:12,20,Routine visit,
V00955,BDM002,Prakash M,OA0765,Amman Cellpoint,14/05/2026,12:04,12,Complaint,asked for better margin
V00956,BDM010,Praveen K,OA0213,Prime Electronics,05/05/2026,11:04,12,Stock check,asked for better margin
V00957,BDM002,Prakash M,OA0194,Karpagam Traders,2026-05-29,16:00,15,Complaint,
V00958,BDM002,Prakash M,OA0215,Sri Krishna Electronics,2026-06-04,12:18,10,Collection,collection pending
V00959,BDM010,Praveen K,OA0634,Poorvika Cellpoint,12/05/2026,14:41,25,Collection,shop closed
V00960,BDM010,Praveen K,OA0375,,27/05/2026,12:49,15,followup,
V00961,BDM011,Ilango M,OA0409,Amman Mobile,04/07/2026,11:51,10,followup,collection pending
V00962,BDM011,Ilango M,OA0102,Thangam Enterprises,23/07/2026,15:00,30,Complaint,
V00963,BDM005,Dhanush P,OA0150,Universal Communications,08/06/2026,12:37,25,,
V00964,BDM004,Ashok Kumar,OA0679,Vasanth Gadgets,02/06/2026,14:01,25,Follow up,
V00965,BDM010,Praveen K,OA0438,Galaxy Electronics,02/06/2026,15:17,8,Stock check,will order next week
V00966,BDM002,Prakash M,OA0162,Ram Mobile,08/05/2026,15:00,30,New onboarding,
V00967,BDM010,Praveen K,OA0581,Mobile World Telecom,28/07/2026,10:25,30,Order,display not as per norms
V00968,BDM005,Dhanush P,OA0193,Ganesh Infotech,20/06/2026,10:56,10,routine,display not as per norms
V00969,BDM001,Sundar R,OA0707,,04/05/2026,10:00,25,Routine visit,
V00970,BDM004,Ashok Kumar,OA0732,Selvam Agencies,2026-05-16,15:58,12,Follow up,
V00971,BDM001,Sundar R,OA0481,Muthu Traders,2026-05-11,12:24,30,New onboarding,discussed scheme
V00972,BDM008,Sathya N,OA0527,Devi Mobile,18/07/2026,16:16,15,Routine visit,
V00973,BDM012,Yuvaraj S,OA0319,Sri Krishna Mobile,29/05/2026,11:14,12,routine,will order next week
V00974,BDM011,Ilango M,OA0555,Big C Infotech,2026-07-23,12:01,5,routine,
V00975,BDM010,Praveen K,OA0179,Ram Agencies,08/06/2026,12:29,30,Stock check,shop closed
V00976,BDM001,Sundar R,OA0689,Ram Communications,20/06/2026,10:20,8,routine,will order next week
V00977,BDM008,Sathya N,OA0220,Chennai Silks Enterprises,21/07/2026,11:10,45,Order,display not as per norms
V00978,BDM007,Mohan Raj,OA0778,Vasanth Infotech,02/05/2026,12:00,25,Routine visit,owner not available
V00979,BDM006,Jegan R,OA0628,Selvam Infotech,2026-05-02,13:56,,routine,asked for better margin
V00980,BDM004,Ashok Kumar,OA0174,Universal Enterprises,2026-05-05,12:26,20,,stock displayed
V00981,BDM004,Ashok Kumar,OA0202,Karpagam Communications,22/07/2026,10:20,30,routine,will order next week
V00982,BDM010,Praveen K,OA0414,iStore Agencies,12/06/2026,15:06,10,Order,stock displayed
V00983,BDM008,Sathya N,OA0169,Meenakshi Traders,03/05/2026,11:00,30,Routine visit,
V00984,BDM007,Mohan Raj,OA0261,City Mobile,27/06/2026,12:55,30,New onboarding,
V00985,BDM003,Vetri S,OA0579,Saravana Telecom,04/05/2026,11:08,5,Collection,
V00986,BDM012,Yuvaraj S,OA0082,Royal Electronics,13/05/2026,10:05,45,followup,will order next week
V00987,BDM001,Sundar R,OA0421,Meenakshi Enterprises,28/05/2026,14:28,10,Complaint,stock displayed
V00988,BDM002,Prakash M,OA0474,Mobile World Electronics,21/06/2026,14:07,15,Collection,
V00989,BDM006,Jegan R,OA0646,Vinayaga Cellpoint,03/06/2026,10:21,20,Order,will order next week
V00990,BDM012,Yuvaraj S,OA0062,Jeyam Telecom,13/07/2026,13:00,,routine,shop closed
V00991,BDM008,Sathya N,OA0566,,2026-06-03,11:45,,Routine visit,
V00992,BDM006,Jegan R,OA0536,Bharath Traders,14/07/2026,16:34,,New onboarding,
V00993,BDM009,Gowtham S,OA0118,Selvam Mobile,01/06/2026,11:44,30,Stock check,shop closed
V00994,BDM005,Dhanush P,OA0753,Big C Traders,20/05/2026,11:47,5,routine,
V00995,BDM003,Vetri S,OA0583,Anandha Mobile,18/06/2026,10:05,30,Order,will order next week
V00996,BDM012,Yuvaraj S,OA0034,Poorvika Digital,2026-06-19,14:26,15,Follow up,
V00997,BDM012,Yuvaraj S,OA0104,Galaxy Telecom,05/06/2026,11:12,20,Follow up,owner not available
V00998,BDM006,Jegan R,OA0044,,2026-07-17,10:13,,Collection,display not as per norms
V00999,BDM003,Vetri S,OA0107,Sri Krishna Traders,11/06/2026,14:00,20,Routine visit,
V01000,BDM007,Mohan Raj,OA0048,Thangam Communications,15/07/2026,11:00,30,Collection,will order next week
V01001,BDM012,Yuvaraj S,OA0046,Selvam Infotech,2026-05-01,11:16,10,Complaint,stock displayed
V01002,BDM010,Praveen K,OA0480,Mobile World Digital,2026-06-23,14:17,20,followup,
V01003,BDM003,Vetri S,OA0107,Sri Krishna Traders,09/07/2026,10:00,30,Routine visit,
V01004,BDM005,Dhanush P,OA0470,Sangeetha Mobiles,02/06/2026,,12,Follow up,
V01005,BDM003,Vetri S,OA0289,Meenakshi Agencies,2026-07-03,13:12,20,Stock check,
V01006,BDM009,Gowtham S,OA0690,Sangeetha Mobiles,01/06/2026,10:05,20,Order,will order next week
V01007,BDM002,Prakash M,OA0707,iStore Enterprises,08/07/2026,10:15,25,Routine visit,
V01008,BDM008,Sathya N,OA0399,Muthu Electronics,19/06/2026,13:02,15,Complaint,
V01009,BDM002,Prakash M,OA0420,Saravana Mobile,2026-05-08,15:13,15,routine,asked for better margin
V01010,BDM003,Vetri S,OA0466,,2026-05-30,15:50,30,Routine visit,collection pending
V01011,BDM009,Gowtham S,OA0609,Kumaran Infotech,16/07/2026,11:55,15,routine,stock displayed
V01012,BDM009,Gowtham S,OA0175,Lakshmi Communications,2026-07-08,11:21,20,New onboarding,
V01013,BDM007,Mohan Raj,OA0441,Bharath Enterprises,30/07/2026,12:35,8,Follow up,
V01014,BDM012,Yuvaraj S,OA0803,Royal Enterprises - Branch,24/07/2026,10:51,15,Collection,
V01015,BDM012,Yuvaraj S,OA0387,Ganesh Electronics,21/05/2026,10:05,10,Follow up,collection pending
V01016,BDM001,Sundar R,OA0054,Lakshmi Gadgets,05/06/2026,10:57,45,,
V01017,BDM002,Prakash M,OA0151,Chennai Silks Communications,22/07/2026,11:42,20,Stock check,
V01018,BDM002,Prakash M,OA0774,Meenakshi Agencies,29/07/2026,12:20,5,,
V01019,BDM009,Gowtham S,OA0794,Muthu Mobiles,2026-07-21,13:23,20,routine,
V01020,BDM010,Praveen K,OA0634,Poorvika Cellpoint,2026-06-30,13:12,5,routine,stock displayed
V01021,BDM008,Sathya N,OA0754,Thangam Enterprises,2026-06-06,12:26,30,,
V01022,BDM007,Mohan Raj,OA0739,Sangeetha Communications,04/05/2026,12:58,,Complaint,
V01023,BDM004,Ashok Kumar,OA0038,Royal Communications,25/05/2026,10:58,20,Collection,
V01024,BDM002,Prakash M,OA0242,Mobile World Electronics,11/05/2026,13:11,10,,owner not available
V01025,BDM006,Jegan R,OA0440,,2026-07-03,13:07,,Order,
V01026,BDM008,Sathya N,OA0682,Thangam Cellpoint,2026-07-10,12:13,25,routine,owner not available
V01027,BDM010,Praveen K,OA0265,Chennai Silks Cellpoint,16/06/2026,10:40,5,Follow up,
V01028,BDM004,Ashok Kumar,OA0066,Universal Traders,28/05/2026,11:30,8,Stock check,shop closed
V01029,BDM010,Praveen K,OA0496,Saravana Communications,05/05/2026,11:53,,New onboarding,
V01030,BDM002,Prakash M,OA0675,Jeyam Enterprises,2026-06-29,12:36,12,Follow up,display not as per norms
V01031,BDM005,Dhanush P,OA0672,Saravana Cellpoint,2026-05-20,14:49,30,routine,
V01032,BDM011,Ilango M,OA0322,Saravana Enterprises,04/07/2026,12:18,10,Follow up,display not as per norms
V01033,BDM002,Prakash M,OA0592,iStore Electronics,2026-05-25,12:11,5,Complaint,owner not available
V01034,BDM012,Yuvaraj S,OA0770,Sri Krishna Agencies,05/06/2026,10:19,10,followup,
V01035,BDM009,Gowtham S,OA0627,Jeyam Digital,23/05/2026,12:38,30,followup,stock displayed
V01036,BDM009,Gowtham S,OA0596,Saravana Mobile,19/05/2026,12:29,20,Stock check,
V01037,BDM009,Gowtham S,OA0183,Anandha Communications,2026-06-08,11:19,8,Follow up,
V01038,BDM011,Ilango M,OA0191,Devi Mobile,2026-06-06,11:55,,Order,collection pending
V01039,BDM010,Praveen K,OA0703,Thangam Telecom,2026-07-13,12:00,45,New onboarding,
V01040,BDM009,Gowtham S,OA0372,Universal Communications,29/06/2026,11:19,45,routine,discussed scheme
V01041,BDM008,Sathya N,OA0389,Lakshmi Enterprises,30/07/2026,14:45,,Order,
V01042,BDM006,Jegan R,OA0646,Vinayaga Cellpoint,28/06/2026,11:11,10,Collection,stock displayed
V01043,BDM005,Dhanush P,OA0349,iStore Enterprises,18/05/2026,12:20,25,Collection,collection pending
V01044,BDM005,Dhanush P,OA0465,Vasanth Electronics,18/06/2026,13:47,8,New onboarding,
V01045,BDM005,Dhanush P,OA0647,Devi Infotech,30/06/2026,03:19,20,Complaint,stock displayed
V01046,BDM001,Sundar R,OA0406,Saravana Communications,14/05/2026,13:14,12,Collection,
V01047,BDM007,Mohan Raj,OA0337,Ram Gadgets,06/05/2026,14:22,,New onboarding,
V01048,BDM010,Praveen K,OA0398,Chennai Silks Mobile,2026-06-22,10:09,8,Routine visit,collection pending
V01049,BDM010,Praveen K,OA0447,Devi Enterprises,20/05/2026,11:18,,routine,discussed scheme
V01050,BDM012,Yuvaraj S,OA0604,,08/06/2026,13:47,12,,
V01051,BDM008,Sathya N,OA0444,Meenakshi Mobile,2026-07-22,15:25,25,followup,discussed scheme
V01052,BDM010,Praveen K,OA0767,Royal Communications,23/06/2026,10:21,20,,collection pending
V01053,BDM004,Ashok Kumar,OA0019,Poorvika Gadgets,27/06/2026,12:59,8,Complaint,
V01054,BDM011,Ilango M,OA0795,Sri Krishna Digital,2026-06-11,13:14,5,Stock check,collection pending
V01055,BDM009,Gowtham S,OA0370,Muthu Electronics,2026-05-09,12:14,8,Collection,display not as per norms
V01056,BDM003,Vetri S,OA0161,New Star Infotech,05/05/2026,10:54,8,Complaint,stock displayed
V01057,BDM003,Vetri S,OA0136,Thangam Mobile,2026-06-18,12:02,10,routine,owner not available
V01058,BDM003,Vetri S,OA0631,Chennai Silks Gadgets,2026-07-17,14:05,12,followup,collection pending
V01059,BDM008,Sathya N,OA0714,Karpagam Digital,29/06/2026,16:00,25,Routine visit,
V01060,BDM001,Sundar R,OA0570,New Star Infotech,2026-05-22,14:38,20,followup,
V01061,BDM006,Jegan R,OA0423,Bharath Electronics,2026-06-06,10:17,8,,stock displayed
V01062,BDM003,Vetri S,OA0190,Sangeetha Agencies,12/06/2026,12:41,,Stock check,
V01063,BDM012,Yuvaraj S,OA0387,Ganesh Electronics,08/06/2026,11:37,12,followup,display not as per norms
V01064,BDM008,Sathya N,OA0501,Big C Cellpoint,27/06/2026,11:38,45,Collection,
V01065,BDM003,Vetri S,OA0645,Karpagam Telecom,08/05/2026,14:30,,routine,
V01066,BDM009,Gowtham S,OA0386,Prime Mobiles,30/05/2026,12:34,20,New onboarding,discussed scheme
V01067,BDM005,Dhanush P,OA0470,Sangeetha Mobiles,16/05/2026,10:01,8,followup,
V01068,BDM010,Praveen K,OA0438,Galaxy Electronics,2026-05-21,10:15,30,Collection,will order next week
V01069,BDM002,Prakash M,OA0558,Mobile World Agencies,13/07/2026,12:31,12,routine,shop closed
V01070,BDM010,Praveen K,OA0520,Sangeetha Agencies,02/05/2026,11:35,5,Routine visit,discussed scheme
V01071,BDM004,Ashok Kumar,OA0545,Vasanth Agencies,25/05/2026,15:33,15,Order,discussed scheme
V01072,BDM011,Ilango M,OA0642,Anandha Telecom,02/07/2026,15:26,20,Order,discussed scheme
V01073,BDM006,Jegan R,OA0586,Lakshmi Infotech,20/05/2026,10:31,15,Collection,display not as per norms
V01074,BDM009,Gowtham S,OA0594,Sangeetha Cellpoint,09/07/2026,13:39,20,routine,stock displayed
V01075,BDM010,Praveen K,OA0348,Poorvika Mobile,04/06/2026,14:37,25,New onboarding,
V01076,BDM005,Dhanush P,OA0737,Vasanth Agencies,2026-07-10,13:29,5,Collection,will order next week
V01077,BDM004,Ashok Kumar,OA0066,Universal Traders,06/05/2026,11:48,10,Routine visit,shop closed
V01078,BDM002,Prakash M,OA0705,Bharath Agencies,10/07/2026,11:14,25,Routine visit,will order next week
V01079,BDM006,Jegan R,OA0247,iStore Infotech,20/05/2026,10:00,8,Collection,stock displayed
V01080,BDM006,Jegan R,OA0335,Amman Communications,23/06/2026,14:28,45,Order,stock displayed
V01081,BDM001,Sundar R,OA0234,Big C Infotech,21/05/2026,13:46,30,Stock check,
V01082,BDM004,Ashok Kumar,OA0490,Amman Mobiles,22/05/2026,13:47,45,Stock check,
V01083,BDM001,Sundar R,OA0570,New Star Infotech,16/07/2026,14:41,30,Collection,display not as per norms
V01084,BDM003,Vetri S,OA0176,Sri Krishna Cellpoint,15/07/2026,13:37,5,followup,
V01085,BDM012,Yuvaraj S,OA0808,Sakthi Communications - Branch,19/06/2026,11:34,12,Order,display not as per norms
V01086,BDM003,Vetri S,OA0315,Ganesh Enterprises,2026-07-25,10:09,10,,display not as per norms
V01087,BDM008,Sathya N,OA0714,Karpagam Digital,15/06/2026,17:00,25,Routine visit,stock displayed
V01088,BDM006,Jegan R,OA0001,Bharath Traders,15/05/2026,10:07,30,Routine visit,will order next week
V01089,BDM001,Sundar R,OA0819,RAM COMMUNICATIONS,19/06/2026,16:24,25,Collection,
V01090,BDM002,Prakash M,OA0552,Poorvika Mobile,05/06/2026,14:07,30,Follow up,
V01091,BDM011,Ilango M,OA0155,Sakthi Electronics,08/05/2026,17:22,,Routine visit,collection pending
V01092,BDM009,Gowtham S,OA0603,Amman Enterprises,01/05/2026,11:27,,,collection pending
V01093,BDM010,Praveen K,OA0398,Chennai Silks Mobile,16/06/2026,14:48,5,Order,
V01094,BDM008,Sathya N,OA0230,Ram Digital,23/07/2026,15:19,20,Stock check,shop closed
V01095,BDM011,Ilango M,OA0534,Royal Traders,2026-07-24,13:39,12,Order,
V01096,BDM010,Praveen K,OA0402,Kumaran Digital,13/07/2026,10:01,8,Collection,will order next week
V01097,BDM012,Yuvaraj S,OA0733,New Star Mobile,2026-06-01,11:31,5,followup,
V01098,BDM001,Sundar R,OA0122,Big C Digital,04/07/2026,10:40,5,routine,shop closed
V01099,BDM003,Vetri S,OA0340,Devi Agencies,15/05/2026,16:13,15,Collection,display not as per norms
V01100,BDM005,Dhanush P,OA0301,,01/05/2026,13:59,25,routine,display not as per norms
V01101,BDM003,Vetri S,OA0333,City Communications,19/05/2026,11:06,12,Collection,
V01102,BDM002,Prakash M,OA0433,Vinayaga Cellpoint,2026-05-08,17:04,30,followup,discussed scheme
V01103,BDM002,Prakash M,OA0765,Amman Cellpoint,28/07/2026,11:30,12,followup,
V01104,BDM009,Gowtham S,OA0401,Sakthi Traders,2026-06-20,11:21,45,Complaint,will order next week
V01105,BDM001,Sundar R,OA0791,Modern Telecom,2026-06-20,13:06,25,Order,
V01106,BDM007,Mohan Raj,OA0012,Ram Enterprises,24/06/2026,15:09,25,Order,
V01107,BDM001,Sundar R,OA0141,Muthu Electronics,20/06/2026,11:56,5,Complaint,
V01108,BDM009,Gowtham S,OA0257,Vinayaga Mobiles,27/06/2026,16:56,10,New onboarding,stock displayed
V01109,BDM011,Ilango M,OA0630,Anandha Telecom,19/05/2026,12:18,12,followup,
V01110,BDM009,Gowtham S,OA0223,Mobile World Traders,14/05/2026,12:01,,followup,shop closed
V01111,BDM001,Sundar R,OA0551,Meenakshi Enterprises,2026-06-12,10:31,15,Routine visit,will order next week
V01112,BDM001,Sundar R,OA0159,Meenakshi Mobiles,04/07/2026,11:00,15,Routine visit,
V01113,BDM003,Vetri S,OA0345,,27/05/2026,12:11,15,,stock displayed
V01114,BDM005,Dhanush P,OA0182,Devi Telecom,2026-07-25,12:54,30,Order,shop closed
V01115,BDM006,Jegan R,OA0332,Sri Krishna Gadgets,2026-06-28,15:06,12,New onboarding,
V01116,BDM006,Jegan R,OA0001,Bharath Traders,20/07/2026,10:55,10,Order,
V01117,BDM005,Dhanush P,OA0654,Anandha Mobiles,08/05/2026,14:54,5,Collection,
V01118,BDM009,Gowtham S,OA0596,Saravana Mobile,07/05/2026,10:59,12,routine,collection pending
V01119,BDM002,Prakash M,OA0812,Meenakshi Traders - Branch,29/07/2026,14:55,10,routine,will order next week
V01120,BDM003,Vetri S,OA0195,Prime Cellpoint,29/07/2026,11:03,,Order,asked for better margin
V01121,BDM005,Dhanush P,OA0390,Vasanth Enterprises,18/05/2026,14:09,20,Routine visit,discussed scheme
V01122,BDM001,Sundar R,OA0216,iStore Gadgets,2026-07-17,13:05,12,routine,
V01123,BDM004,Ashok Kumar,OA0116,Chennai Silks Communications,12/05/2026,14:44,5,Routine visit,asked for better margin
V01124,BDM012,Yuvaraj S,OA0768,City Telecom,2026-06-03,13:42,10,Collection,
V01125,BDM003,Vetri S,OA0680,Karpagam Mobiles,2026-06-12,10:34,20,routine,discussed scheme
V01126,BDM002,Prakash M,OA0035,Selvam Electronics,2026-07-06,11:42,,Stock check,
V01127,BDM005,Dhanush P,OA0110,Modern Traders,24/05/2026,12:06,30,followup,asked for better margin
V01128,BDM003,Vetri S,OA0053,Big C Agencies,2026-06-12,13:12,15,routine,
V01129,BDM002,Prakash M,OA0422,Anandha Agencies,11/07/2026,13:35,30,routine,asked for better margin
V01130,BDM009,Gowtham S,OA0268,Devi Mobiles,2026-07-16,11:00,,New onboarding,
V01131,BDM002,Prakash M,OA0035,Selvam Electronics,10/06/2026,11:31,30,Stock check,asked for better margin
V01132,BDM010,Praveen K,OA0135,,31/07/2026,16:07,20,routine,
V01133,BDM011,Ilango M,OA0300,Sri Krishna Gadgets,20/05/2026,12:14,25,Routine visit,collection pending
V01134,BDM009,Gowtham S,OA0209,Anandha Traders,04/06/2026,11:49,,Complaint,shop closed
V01135,BDM012,Yuvaraj S,OA0709,New Star Mobile,20/05/2026,13:17,10,Complaint,will order next week
V01136,BDM007,Mohan Raj,OA0117,Anandha Enterprises,27/05/2026,11:21,20,Collection,discussed scheme
V01137,BDM012,Yuvaraj S,OA0639,Mobile World Gadgets,2026-07-24,11:20,30,Routine visit,discussed scheme
V01138,BDM002,Prakash M,OA0812,Meenakshi Traders - Branch,10/06/2026,10:18,10,Stock check,will order next week
V01139,BDM008,Sathya N,OA0519,,09/07/2026,12:46,15,Order,display not as per norms
V01140,BDM009,Gowtham S,OA0257,Vinayaga Mobiles,29/07/2026,14:18,5,Collection,
V01141,BDM009,Gowtham S,OA0187,Sakthi Electronics,01/05/2026,13:00,,Complaint,collection pending
V01142,BDM005,Dhanush P,OA0805,Mobile World Infotech ,05/05/2026,10:20,,Follow up,discussed scheme
V01143,BDM003,Vetri S,OA0195,Prime Cellpoint,2026-07-15,16:39,12,routine,
V01144,BDM002,Prakash M,OA0422,Anandha Agencies,2026-07-27,15:21,10,Follow up,
V01145,BDM012,Yuvaraj S,OA0104,Galaxy Telecom,2026-06-22,10:38,45,Collection,asked for better margin
V01146,BDM009,Gowtham S,OA0609,Kumaran Infotech,2026-05-02,15:27,25,Complaint,owner not available
V01147,BDM003,Vetri S,OA0769,Sangeetha Telecom,05/06/2026,11:48,,Order,will order next week
V01148,BDM003,Vetri S,OA0505,Meenakshi Mobiles,09/06/2026,11:24,30,Collection,
V01149,BDM002,Prakash M,OA0457,Jeyam Traders,21/06/2026,14:08,,,
V01150,BDM007,Mohan Raj,OA0262,Muthu Enterprises,27/07/2026,02:24,12,,discussed scheme
V01151,BDM002,Prakash M,OA0431,Amman Communications,20/06/2026,11:36,8,Stock check,shop closed
V01152,BDM012,Yuvaraj S,OA0527,Devi Mobile,2026-06-09,10:00,25,Routine visit,owner not available
V01153,BDM003,Vetri S,OA0087,Galaxy Mobile,22/05/2026,11:33,12,Complaint,shop closed
V01154,BDM012,Yuvaraj S,OA0121,Devi Digital,08/07/2026,13:22,10,Collection,
V01155,BDM010,Praveen K,OA0213,Prime Electronics,01/06/2026,11:34,15,New onboarding,stock displayed
V01156,BDM005,Dhanush P,OA0043,Jeyam Electronics,20/06/2026,12:54,20,followup,will order next week
V01157,BDM006,Jegan R,OA0273,Royal Enterprises,08/06/2026,12:57,,New onboarding,collection pending
V01158,BDM010,Praveen K,OA0538,Royal Infotech,27/07/2026,12:39,12,routine,
V01159,BDM009,Gowtham S,OA0479,Vasanth Cellpoint,28/07/2026,11:34,12,,owner not available
V01160,BDM005,Dhanush P,OA0301,Amman Enterprises,18/05/2026,14:00,20,Follow up,stock displayed
V01161,BDM012,Yuvaraj S,OA0316,Saravana Cellpoint,2026-07-11,11:21,8,New onboarding,discussed scheme
V01162,BDM005,Dhanush P,OA0248,Big C Telecom,18/06/2026,11:48,12,routine,will order next week
V01163,BDM002,Prakash M,OA0569,Bharath Gadgets,08/06/2026,11:43,20,routine,
V01164,BDM008,Sathya N,OA0023,Thangam Traders,11/06/2026,13:58,8,followup,
V01165,BDM009,Gowtham S,OA0067,Galaxy Traders,2026-07-06,11:01,,Follow up,
V01166,BDM004,Ashok Kumar,OA0674,Thangam Enterprises,13/05/2026,13:07,30,Order,collection pending
V01167,BDM005,Dhanush P,OA0240,Sangeetha Mobile,2026-05-21,10:32,20,Follow up,asked for better margin
V01168,BDM005,Dhanush P,OA0591,City Traders,2026-06-27,12:06,30,Follow up,shop closed
V01169,BDM005,Dhanush P,OA0360,Lakshmi Communications,2026-06-02,14:21,8,Routine visit,
V01170,BDM011,Ilango M,OA0155,Sakthi Electronics,2026-05-28,13:36,45,Follow up,asked for better margin
V01171,BDM002,Prakash M,OA0663,New Star Agencies,12/05/2026,15:00,20,Routine visit,
V01172,BDM011,Ilango M,OA0730,Saravana Communications,26/05/2026,10:00,20,Routine visit,
V01173,BDM001,Sundar R,OA0508,Saravana Mobile,17/07/2026,13:55,20,Collection,
V01174,BDM005,Dhanush P,OA0509,Saravana Digital,19/05/2026,10:33,,Order,will order next week
V01175,BDM005,Dhanush P,OA0049,Anandha Infotech,18/06/2026,15:29,20,New onboarding,
V01176,BDM012,Yuvaraj S,OA0461,Chennai Silks Traders,2026-07-23,12:25,12,Collection,
V01177,BDM005,Dhanush P,OA0672,Saravana Cellpoint,13/05/2026,12:07,25,Order,will order next week
V01178,BDM009,Gowtham S,OA0232,Meenakshi Electronics,18/07/2026,14:10,45,,stock displayed
V01179,BDM009,Gowtham S,OA0331,Kumaran Electronics,04/07/2026,11:03,8,routine,shop closed
V01180,BDM004,Ashok Kumar,OA0075,Ram Electronics,02/05/2026,11:23,,Follow up,
V01181,BDM007,Mohan Raj,OA0776,Sri Krishna Cellpoint,12/05/2026,10:52,,Order,asked for better margin
V01182,BDM002,Prakash M,OA0719,Sakthi Infotech,2026-05-08,15:01,15,Stock check,stock displayed
V01183,BDM006,Jegan R,OA0517,Sri Balaji Gadgets,2026-06-23,12:56,30,Stock check,discussed scheme
V01184,BDM001,Sundar R,OA0159,Meenakshi Mobiles,2026-06-23,15:35,12,Routine visit,owner not available
V01185,BDM012,Yuvaraj S,OA0508,Saravana Mobile,2026-05-09,17:00,30,Routine visit,
V01186,BDM011,Ilango M,OA0454,Muthu Electronics,13/05/2026,13:53,5,Order,owner not available
V01187,BDM012,Yuvaraj S,OA0104,Galaxy Telecom,15/05/2026,13:10,10,followup,
V01188,BDM004,Ashok Kumar,OA0679,Vasanth Gadgets,08/06/2026,11:18,10,New onboarding,
V01189,BDM004,Ashok Kumar,OA0674,Thangam Enterprises,2026-06-08,14:54,15,New onboarding,collection pending
V01190,BDM012,Yuvaraj S,OA0493,Bharath Traders,2026-05-08,01:57,15,Follow up,shop closed
V01191,BDM001,Sundar R,OA0159,Meenakshi Mobiles,05/06/2026,12:00,30,Routine visit,
V01192,BDM010,Praveen K,OA0324,Sri Balaji Traders,07/07/2026,12:09,15,followup,
V01193,BDM003,Vetri S,OA0680,Karpagam Mobiles,2026-06-24,14:39,12,Follow up,asked for better margin
V01194,BDM004,Ashok Kumar,OA0168,Jeyam Traders,08/07/2026,10:20,30,,
V01195,BDM005,Dhanush P,OA0240,Sangeetha Mobile,2026-06-24,15:10,15,New onboarding,
V01196,BDM003,Vetri S,OA0579,Saravana Telecom,29/07/2026,13:14,12,followup,owner not available
V01197,BDM007,Mohan Raj,OA0238,Vinayaga Electronics,10/05/2026,10:10,20,routine,owner not available
V01198,BDM007,Mohan Raj,OA0778,Vasanth Infotech,13/06/2026,14:00,30,Routine visit,will order next week
V01199,BDM011,Ilango M,OA0735,Royal Digital,19/06/2026,13:17,,routine,owner not available
V01200,BDM003,Vetri S,OA0107,Sri Krishna Traders,04/06/2026,17:00,30,Routine visit,will order next week
V01201,BDM003,Vetri S,OA0820,Amman Agencies ,23/06/2026,10:50,8,Complaint,
V01202,BDM007,Mohan Raj,OA0746,Poorvika Mobiles,29/07/2026,11:05,30,New onboarding,will order next week
V01203,BDM004,Ashok Kumar,OA0137,Vasanth Enterprises,01/06/2026,14:04,10,Collection,display not as per norms
V01204,BDM011,Ilango M,OA0454,Muthu Electronics,2026-05-12,11:20,30,Order,
V01205,BDM008,Sathya N,OA0399,Muthu Electronics,11/07/2026,10:02,25,Collection,will order next week
V01206,BDM008,Sathya N,OA0399,Muthu Electronics,29/07/2026,10:25,20,Order,
V01207,BDM010,Praveen K,OA0210,Mobile World Enterprises,08/07/2026,11:09,5,Follow up,
V01208,BDM005,Dhanush P,OA0688,Sri Krishna Mobiles,24/06/2026,15:00,,Complaint,asked for better margin
V01209,BDM006,Jegan R,OA0001,Bharath Traders,07/05/2026,11:47,10,Collection,
V01210,BDM007,Mohan Raj,OA0337,Ram Gadgets,2026-05-21,12:26,5,New onboarding,discussed scheme
V01211,BDM012,Yuvaraj S,OA0407,Meenakshi Enterprises,2026-05-20,10:22,10,Collection,asked for better margin
V01212,BDM007,Mohan Raj,OA0056,City Communications,2026-07-08,13:19,10,New onboarding,owner not available
V01213,BDM001,Sundar R,OA0487,Sri Krishna Enterprises,22/06/2026,10:02,,New onboarding,display not as per norms
V01214,BDM012,Yuvaraj S,OA0197,Prime Digital,15/06/2026,16:55,5,Stock check,asked for better margin
V01215,BDM004,Ashok Kumar,OA0732,Selvam Agencies,24/07/2026,16:01,,,
V01216,BDM004,Ashok Kumar,OA0486,Jeyam Infotech,25/05/2026,16:56,15,routine,discussed scheme
V01217,BDM003,Vetri S,OA0601,Prime Agencies,17/07/2026,10:53,10,routine,
V01218,BDM010,Praveen K,OA0134,Jeyam Enterprises,2026-05-26,10:18,5,Routine visit,will order next week
V01219,BDM010,Praveen K,OA0076,Royal Agencies,02/06/2026,10:23,20,Routine visit,
V01220,BDM012,Yuvaraj S,OA0800,MEENAKSHI ENTERPRISES,18/07/2026,10:15,5,Complaint,shop closed
V01221,BDM011,Ilango M,OA0467,Devi Enterprises,13/05/2026,11:13,25,Stock check,discussed scheme
V01222,BDM005,Dhanush P,OA0470,Sangeetha Mobiles,2026-06-30,10:03,,Routine visit,asked for better margin
V01223,BDM009,Gowtham S,OA0257,Vinayaga Mobiles,2026-06-26,10:00,5,Order,shop closed
V01224,BDM009,Gowtham S,OA0603,,29/06/2026,14:26,25,Collection,asked for better margin
V01225,BDM008,Sathya N,OA0354,Universal Cellpoint,12/05/2026,13:05,15,routine,asked for better margin
V01226,BDM005,Dhanush P,OA0281,iStore Communications,13/07/2026,10:28,45,Stock check,collection pending
V01227,BDM002,Prakash M,OA0328,New Star Telecom,17/07/2026,10:51,12,Collection,discussed scheme
V01228,BDM007,Mohan Raj,OA0101,Lakshmi Cellpoint,11/05/2026,13:18,10,Routine visit,
V01229,BDM004,Ashok Kumar,OA0668,Bharath Mobiles,10/07/2026,11:51,10,New onboarding,
V01230,BDM012,Yuvaraj S,OA0042,Anandha Mobiles,2026-07-21,12:20,30,Collection,
V01231,BDM009,Gowtham S,OA0068,Saravana Mobile,27/06/2026,12:35,45,Routine visit,discussed scheme
V01232,BDM011,Ilango M,OA0191,Devi Mobile,05/05/2026,12:33,5,New onboarding,collection pending
V01233,BDM008,Sathya N,OA0311,Mobile World Traders,03/07/2026,14:32,20,routine,owner not available
V01234,BDM006,Jegan R,OA0237,Jeyam Traders,23/06/2026,10:51,12,Order,will order next week
V01235,BDM004,Ashok Kumar,OA0681,Lakshmi Agencies,2026-06-29,10:59,25,followup,owner not available
V01236,BDM003,Vetri S,OA0579,Saravana Telecom,13/07/2026,17:07,15,Collection,owner not available
V01237,BDM004,Ashok Kumar,OA0485,Ram Traders,01/06/2026,15:12,25,,asked for better margin
V01238,BDM012,Yuvaraj S,OA0636,Poorvika Electronics,27/07/2026,13:34,,followup,shop closed
V01239,BDM003,Vetri S,OA0676,Prime Cellpoint,2026-06-23,11:50,25,Stock check,
V01240,BDM012,Yuvaraj S,OA0659,Thangam Cellpoint,07/07/2026,15:31,,New onboarding,display not as per norms
V01241,BDM007,Mohan Raj,OA0069,Mobile World Infotech,2026-05-27,15:00,30,Routine visit,asked for better margin
V01242,BDM012,Yuvaraj S,OA0800,MEENAKSHI ENTERPRISES,04/06/2026,14:38,,Routine visit,
V01243,BDM009,Gowtham S,OA0614,Sri Balaji Traders,22/05/2026,11:53,,Complaint,discussed scheme
V01244,BDM007,Mohan Raj,OA0683,Lakshmi Telecom,17/07/2026,10:15,8,,display not as per norms
V01245,BDM008,Sathya N,OA0519,Sakthi Cellpoint,2026-07-09,11:24,,Complaint,shop closed
V01246,BDM004,Ashok Kumar,OA0019,Poorvika Gadgets,2026-05-09,10:40,20,Complaint,owner not available
V01247,BDM001,Sundar R,OA0730,Saravana Communications,18/07/2026,12:29,20,Collection,
V01248,BDM010,Praveen K,OA0447,Devi Enterprises,2026-05-19,10:35,20,Routine visit,
V01249,BDM012,Yuvaraj S,OA0461,Chennai Silks Traders,14/07/2026,12:06,15,routine,will order next week
V01250,BDM006,Jegan R,OA0715,Kumaran Electronics,13/07/2026,10:14,12,Complaint,asked for better margin
V01251,BDM002,Prakash M,OA0719,Sakthi Infotech,2026-06-12,16:24,10,Complaint,
V01252,BDM004,Ashok Kumar,OA0520,Sangeetha Agencies,2026-06-25,12:12,20,followup,
V01253,BDM010,Praveen K,OA0518,Thangam Mobile,14/05/2026,12:00,30,Routine visit,
V01254,BDM011,Ilango M,OA0555,Big C Infotech,17/06/2026,13:32,30,New onboarding,
V01255,BDM007,Mohan Raj,OA0746,,26/05/2026,11:19,8,Order,
V01256,BDM010,Praveen K,OA0414,iStore Agencies,13/05/2026,10:31,,followup,
V01257,BDM007,Mohan Raj,OA0526,Galaxy Cellpoint,30/06/2026,12:11,,Stock check,collection pending
V01258,BDM002,Prakash M,OA0525,Meenakshi Electronics,27/07/2026,11:43,15,followup,discussed scheme
V01259,BDM005,Dhanush P,OA0084,Galaxy Mobile,2026-07-10,10:44,12,routine,display not as per norms
V01260,BDM011,Ilango M,OA0322,Saravana Enterprises,24/07/2026,15:13,30,Complaint,asked for better margin
V01261,BDM004,Ashok Kumar,OA0202,Karpagam Communications,2026-05-26,11:56,15,followup,collection pending
V01262,BDM003,Vetri S,OA0532,City Communications,09/06/2026,15:22,8,Follow up,shop closed
V01263,BDM006,Jegan R,OA0178,Prime Communications,19/06/2026,11:36,5,Stock check,
V01264,BDM011,Ilango M,OA0346,Amman Communications,02/07/2026,12:00,20,Routine visit,stock displayed
V01265,BDM005,Dhanush P,OA0301,Amman Enterprises,2026-07-18,13:28,10,New onboarding,owner not available
V01266,BDM008,Sathya N,OA0665,Muthu Enterprises,2026-05-11,10:32,10,Follow up,
V01267,BDM007,Mohan Raj,OA0111,City Infotech,23/05/2026,11:53,12,followup,
V01268,BDM007,Mohan Raj,OA0185,New Star Cellpoint,08/06/2026,15:21,5,Follow up,
V01269,BDM009,Gowtham S,OA0123,Muthu Mobiles,2026-06-04,13:41,,Collection,display not as per norms
V01270,BDM004,Ashok Kumar,OA0075,Ram Electronics,2026-05-09,11:21,30,Follow up,discussed scheme
V01271,BDM010,Praveen K,OA0383,Bharath Mobile,2026-07-24,11:57,30,Routine visit,owner not available
V01272,BDM010,Praveen K,OA0410,Amman Telecom,26/05/2026,15:50,15,Follow up,display not as per norms
V01273,BDM008,Sathya N,OA0196,Universal Gadgets,09/07/2026,17:10,30,Follow up,discussed scheme
V01274,BDM001,Sundar R,OA0436,Vinayaga Agencies,2026-05-21,12:59,45,followup,shop closed
V01275,BDM002,Prakash M,OA0801,SANGEETHA DIGITAL,06/07/2026,13:26,20,Routine visit,display not as per norms
V01276,BDM007,Mohan Raj,OA0790,Sangeetha Mobile,2026-05-18,10:29,10,routine,collection pending
V01277,BDM008,Sathya N,OA0028,Anandha Enterprises,19/06/2026,10:45,,New onboarding,
V01278,BDM004,Ashok Kumar,OA0032,Modern Cellpoint,23/06/2026,11:43,10,,display not as per norms
V01279,BDM010,Praveen K,OA0284,Anandha Digital,18/07/2026,16:23,45,routine,shop closed
V01280,BDM010,Praveen K,OA0135,Selvam Mobiles,01/05/2026,10:36,30,Complaint,stock displayed
V01281,BDM011,Ilango M,OA0454,Muthu Electronics,19/06/2026,10:14,20,Complaint,
V01282,BDM010,Praveen K,OA0638,Royal Enterprises,2026-06-08,12:04,12,followup,owner not available
V01283,BDM008,Sathya N,OA0220,Chennai Silks Enterprises,21/07/2026,14:13,10,Complaint,will order next week
V01284,BDM012,Yuvaraj S,OA0550,Galaxy Mobile,2026-06-12,14:07,25,,
V01285,BDM003,Vetri S,OA0678,Kumaran Electronics,29/05/2026,16:16,10,followup,
V01286,BDM008,Sathya N,OA0323,Vinayaga Traders,11/06/2026,16:20,20,Complaint,discussed scheme
V01287,BDM009,Gowtham S,OA0005,Meenakshi Agencies,22/07/2026,13:31,45,Order,
V01288,BDM003,Vetri S,OA0761,Chennai Silks Gadgets,14/07/2026,11:54,20,routine,owner not available
V01289,BDM011,Ilango M,OA0218,Meenakshi Communications,24/07/2026,15:53,5,followup,owner not available
V01290,BDM009,Gowtham S,OA0199,,10/05/2026,11:54,8,Collection,shop closed
V01291,BDM005,Dhanush P,OA0095,,27/07/2026,10:21,25,Order,
V01292,BDM009,Gowtham S,OA0530,Selvam Agencies,15/07/2026,12:08,8,Collection,shop closed
V01293,BDM003,Vetri S,OA0578,Sri Krishna Cellpoint,26/06/2026,15:55,30,New onboarding,owner not available
V01294,BDM001,Sundar R,OA0406,Saravana Communications,05/06/2026,10:20,,Order,
V01295,BDM011,Ilango M,OA0671,Vasanth Traders,2026-05-11,13:34,5,Collection,
V01296,BDM005,Dhanush P,OA0585,Meenakshi Cellpoint,23/07/2026,10:25,10,Order,
V01297,BDM010,Praveen K,OA0726,Sri Balaji Traders,06/07/2026,17:01,12,Order,
V01298,BDM001,Sundar R,OA0165,Chennai Silks Cellpoint,2026-07-17,11:04,10,Routine visit,discussed scheme
V01299,BDM011,Ilango M,OA0642,Anandha Telecom,25/07/2026,12:33,,,
V01300,BDM012,Yuvaraj S,OA0733,New Star Mobile,16/07/2026,14:55,12,Complaint,shop closed
V01301,BDM008,Sathya N,OA0514,Jeyam Digital,2026-05-01,14:59,45,Collection,discussed scheme
V01302,BDM002,Prakash M,OA0667,Bharath Communications,05/05/2026,12:34,,Complaint,
V01303,BDM007,Mohan Raj,OA0582,Vasanth Digital,14/05/2026,10:09,8,New onboarding,stock displayed
V01304,BDM011,Ilango M,OA0184,Big C Agencies,08/05/2026,13:49,12,New onboarding,shop closed
V01305,BDM011,Ilango M,OA0598,Devi Gadgets,12/06/2026,14:54,,Collection,
V01306,BDM006,Jegan R,OA0536,Bharath Traders,02/05/2026,12:44,12,followup,stock displayed
V01307,BDM003,Vetri S,OA0271,Amman Telecom,29/05/2026,13:00,20,,will order next week
V01308,BDM009,Gowtham S,OA0425,Ram Gadgets,2026-05-07,17:00,30,followup,
V01309,BDM009,Gowtham S,OA0650,Vinayaga Electronics,15/07/2026,14:57,12,Routine visit,collection pending
V01310,BDM004,Ashok Kumar,OA0269,Amman Cellpoint,2026-06-27,10:01,30,,discussed scheme
V01311,BDM009,Gowtham S,OA0336,Sri Balaji Traders,13/06/2026,11:40,45,routine,discussed scheme
V01312,BDM001,Sundar R,OA0157,Vasanth Gadgets,25/06/2026,15:05,20,Collection,stock displayed
V01313,BDM007,Mohan Raj,OA0630,Anandha Telecom,28/07/2026,12:00,30,Routine visit,
V01314,BDM002,Prakash M,OA0667,Bharath Communications,2026-05-07,10:35,10,Complaint,
V01315,BDM009,Gowtham S,OA0123,Muthu Mobiles,30/06/2026,11:01,5,Order,shop closed
V01316,BDM001,Sundar R,OA0400,Sri Balaji Traders,22/05/2026,12:01,12,followup,will order next week
V01317,BDM006,Jegan R,OA0247,iStore Infotech,16/05/2026,11:30,12,New onboarding,
V01318,BDM011,Ilango M,OA0327,Prime Digital,17/07/2026,10:25,25,followup,owner not available
V01319,BDM010,Praveen K,OA0713,Ganesh Traders,2026-05-08,15:00,15,Stock check,display not as per norms
V01320,BDM002,Prakash M,OA0474,Mobile World Electronics,08/05/2026,17:02,30,Stock check,discussed scheme
V01321,BDM012,Yuvaraj S,OA0508,Saravana Mobile,2026-06-20,13:00,25,Routine visit,asked for better margin
V01322,BDM011,Ilango M,OA0278,Big C Mobiles,11/07/2026,12:45,8,routine,asked for better margin
V01323,BDM008,Sathya N,OA0020,Jeyam Agencies,25/06/2026,13:10,12,routine,
V01324,BDM005,Dhanush P,OA0693,Poorvika Agencies,2026-05-01,10:32,25,New onboarding,
V01325,BDM006,Jegan R,OA0658,Thangam Traders,2026-07-20,14:11,,Collection,collection pending
V01326,BDM002,Prakash M,OA0498,Sangeetha Cellpoint,17/07/2026,10:20,30,Stock check,
V01327,BDM004,Ashok Kumar,OA0763,Kumaran Traders,02/05/2026,13:22,30,Follow up,collection pending
V01328,BDM001,Sundar R,OA0297,New Star Mobiles,2026-05-22,13:43,25,Follow up,
V01329,BDM005,Dhanush P,OA0450,Sangeetha Enterprises,12/05/2026,10:56,12,followup,stock displayed
V01330,BDM009,Gowtham S,OA0714,Karpagam Digital,2026-07-29,13:27,10,followup,collection pending
V01331,BDM007,Mohan Raj,OA0106,Sri Krishna Mobile,2026-05-19,12:51,10,New onboarding,owner not available
V01332,BDM006,Jegan R,OA0715,Kumaran Electronics,25/07/2026,13:19,8,New onboarding,
V01333,BDM010,Praveen K,OA0435,Muthu Mobile,20/05/2026,11:50,25,,
V01334,BDM007,Mohan Raj,OA0185,New Star Cellpoint,14/05/2026,10:40,8,Follow up,will order next week
V01335,BDM006,Jegan R,OA0518,Thangam Mobile,2026-05-21,10:08,45,Collection,shop closed
V01336,BDM005,Dhanush P,OA0599,Saravana Cellpoint,05/05/2026,15:10,30,followup,
V01337,BDM002,Prakash M,OA0525,Meenakshi Electronics,04/06/2026,14:06,30,Routine visit,
V01338,BDM004,Ashok Kumar,OA0032,Modern Cellpoint,2026-06-18,16:07,10,Stock check,asked for better margin
V01339,BDM010,Praveen K,OA0524,Vasanth Electronics,26/06/2026,11:27,5,Stock check,
V01340,BDM008,Sathya N,OA0171,Kumaran Traders,2026-07-18,16:10,15,followup,display not as per norms
V01341,BDM001,Sundar R,OA0098,Vasanth Enterprises,21/07/2026,11:07,25,Follow up,stock displayed
V01342,BDM001,Sundar R,OA0112,Karpagam Infotech,11/06/2026,14:28,,Complaint,will order next week
V01343,BDM012,Yuvaraj S,OA0207,Muthu Telecom,19/05/2026,12:06,8,Follow up,
V01344,BDM011,Ilango M,OA0544,Sri Balaji Telecom,09/06/2026,10:03,15,Follow up,
V01345,BDM003,Vetri S,OA0161,New Star Infotech,06/06/2026,10:34,8,,asked for better margin
V01346,BDM007,Mohan Raj,OA0312,Meenakshi Traders,2026-05-04,16:00,25,Routine visit,
V01347,BDM003,Vetri S,OA0125,Devi Communications,05/07/2026,16:07,10,routine,shop closed
V01348,BDM011,Ilango M,OA0544,Sri Balaji Telecom,19/06/2026,12:45,5,Follow up,
V01349,BDM008,Sathya N,OA0424,Sri Krishna Cellpoint,2026-06-22,13:17,10,New onboarding,will order next week
V01350,BDM009,Gowtham S,OA0296,Galaxy Gadgets,02/05/2026,13:30,45,New onboarding,owner not available
V01351,BDM012,Yuvaraj S,OA0792,Devi Mobile,23/07/2026,14:29,25,New onboarding,asked for better margin
V01352,BDM010,Praveen K,OA0818,Selvam Agencies ,29/07/2026,17:00,20,Routine visit,display not as per norms
V01353,BDM001,Sundar R,OA0298,Sri Krishna Electronics,05/06/2026,13:54,20,Order,
V01354,BDM010,Praveen K,OA0643,Sri Krishna Communications,20/05/2026,12:38,10,routine,stock displayed
V01355,BDM010,Praveen K,OA0447,Devi Enterprises,09/06/2026,10:59,,New onboarding,
V01356,BDM002,Prakash M,OA0695,Ram Cellpoint,09/06/2026,12:40,5,New onboarding,shop closed
V01357,BDM008,Sathya N,OA0230,Ram Digital,23/06/2026,10:34,8,,owner not available
V01358,BDM011,Ilango M,OA0218,Meenakshi Communications,15/07/2026,13:03,,Complaint,
V01359,BDM003,Vetri S,OA0568,Vinayaga Mobiles,27/05/2026,12:21,45,Follow up,
V01360,BDM006,Jegan R,OA0517,Sri Balaji Gadgets,2026-05-07,13:47,20,Complaint,
V01361,BDM004,Ashok Kumar,OA0564,Sakthi Mobile,30/06/2026,13:54,8,Order,owner not available
V01362,BDM009,Gowtham S,OA0123,Muthu Mobiles,30/07/2026,15:58,10,,
V01363,BDM003,Vetri S,OA0341,Prime Electronics,12/06/2026,11:33,15,Stock check,discussed scheme
V01364,BDM002,Prakash M,OA0162,Ram Mobile,21/06/2026,13:19,8,Routine visit,stock displayed
V01365,BDM008,Sathya N,OA0312,Meenakshi Traders,06/07/2026,11:28,25,routine,asked for better margin
V01366,BDM005,Dhanush P,OA0738,Selvam Mobiles,14/05/2026,16:21,45,routine,shop closed
V01367,BDM012,Yuvaraj S,OA0365,Meenakshi Telecom,14/05/2026,14:37,20,Order,will order next week
V01368,BDM003,Vetri S,OA0557,Modern Mobiles,2026-05-25,15:50,30,Routine visit,stock displayed
V01369,BDM008,Sathya N,OA0501,Big C Cellpoint,25/06/2026,12:01,5,Collection,collection pending
V01370,BDM007,Mohan Raj,OA0787,Ram Mobiles,26/06/2026,14:24,25,New onboarding,
V01371,BDM002,Prakash M,OA0151,Chennai Silks Communications,11/07/2026,11:36,30,routine,
V01372,BDM006,Jegan R,OA0641,Bharath Enterprises,04/07/2026,12:25,45,Collection,
V01373,BDM010,Praveen K,OA0633,Chennai Silks Cellpoint,30/07/2026,11:45,25,followup,
V01374,BDM002,Prakash M,OA0099,Selvam Agencies,08/07/2026,13:34,12,Routine visit,display not as per norms
V01375,BDM010,Praveen K,OA0217,Devi Electronics,31/07/2026,16:01,15,Order,stock displayed
V01376,BDM009,Gowtham S,OA0320,Modern Gadgets,14/07/2026,14:02,15,New onboarding,
V01377,BDM002,Prakash M,OA0460,Big C Electronics,19/05/2026,13:45,5,Follow up,will order next week
V01378,BDM005,Dhanush P,OA0470,,2026-06-18,10:16,10,Stock check,will order next week
V01379,BDM006,Jegan R,OA0658,Thangam Traders,15/07/2026,14:12,30,New onboarding,
V01380,BDM003,Vetri S,OA0466,Vinayaga Communications,29/07/2026,10:11,12,Routine visit,discussed scheme
V01381,BDM007,Mohan Raj,OA0746,Poorvika Mobiles,2026-06-06,11:43,45,followup,
V01382,BDM011,Ilango M,OA0572,Galaxy Traders,02/06/2026,14:39,8,Collection,shop closed
V01383,BDM007,Mohan Raj,OA0185,New Star Cellpoint,26/05/2026,10:21,10,,asked for better margin
V01384,BDM007,Mohan Raj,OA0419,New Star Telecom,18/06/2026,10:30,10,Routine visit,
V01385,BDM001,Sundar R,OA0159,Meenakshi Mobiles,02/07/2026,10:06,,followup,shop closed
V01386,BDM001,Sundar R,OA0408,Galaxy Infotech,25/05/2026,13:57,20,Collection,asked for better margin
V01387,BDM008,Sathya N,OA0113,Sakthi Infotech,2026-05-07,13:08,5,New onboarding,asked for better margin
V01388,BDM007,Mohan Raj,OA0632,Prime Electronics,2026-05-15,10:15,30,Stock check,shop closed
V01389,BDM009,Gowtham S,OA0199,Muthu Enterprises,2026-05-21,10:14,12,New onboarding,discussed scheme
V01390,BDM012,Yuvaraj S,OA0405,Galaxy Digital,14/05/2026,10:09,,,
V01391,BDM001,Sundar R,OA0214,Sri Krishna Telecom,04/07/2026,11:10,15,followup,
V01392,BDM004,Ashok Kumar,OA0475,Ganesh Infotech,2026-07-17,10:01,8,Stock check,discussed scheme
V01393,BDM012,Yuvaraj S,OA0576,Lakshmi Digital,08/07/2026,14:18,10,followup,
V01394,BDM004,Ashok Kumar,OA0279,Sangeetha Communications,03/06/2026,13:33,25,Stock check,display not as per norms
V01395,BDM011,Ilango M,OA0079,Vasanth Electronics,2026-06-17,10:37,30,Follow up,stock displayed
V01396,BDM006,Jegan R,OA0453,Sri Krishna Digital,05/05/2026,11:22,,Order,shop closed
V01397,BDM003,Vetri S,OA0050,Big C Electronics,19/05/2026,12:44,12,Follow up,asked for better margin
V01398,BDM010,Praveen K,OA0634,Poorvika Cellpoint,01/06/2026,10:22,30,,display not as per norms
V01399,BDM003,Vetri S,OA0471,Amman Cellpoint,25/05/2026,12:58,12,Complaint,will order next week
V01400,BDM006,Jegan R,OA0178,Prime Communications,2026-07-14,11:52,25,New onboarding,
V01401,BDM004,Ashok Kumar,OA0478,Big C Mobile,02/06/2026,13:13,30,Routine visit,owner not available
V01402,BDM005,Dhanush P,OA0349,iStore Enterprises,01/05/2026,11:36,30,routine,display not as per norms
V01403,BDM010,Praveen K,OA0638,Royal Enterprises,31/07/2026,16:12,20,routine,
V01404,BDM011,Ilango M,OA0184,Big C Agencies,03/07/2026,11:36,10,Collection,owner not available
V01405,BDM002,Prakash M,OA0351,Devi Infotech,2026-05-30,10:42,10,Order,
V01406,BDM001,Sundar R,OA0234,Big C Infotech,02/06/2026,12:50,45,Routine visit,stock displayed
V01407,BDM004,Ashok Kumar,OA0564,Sakthi Mobile,10/06/2026,11:09,25,Stock check,display not as per norms
V01408,BDM002,Prakash M,OA0569,Bharath Gadgets,28/07/2026,10:48,30,,display not as per norms
V01409,BDM003,Vetri S,OA0198,Devi Mobile,29/05/2026,13:40,30,routine,will order next week
V01410,BDM012,Yuvaraj S,OA0152,Meenakshi Gadgets,20/05/2026,11:27,10,New onboarding,shop closed
V01411,BDM012,Yuvaraj S,OA0616,,2026-05-27,15:03,,,
V01412,BDM002,Prakash M,OA0498,Sangeetha Cellpoint,2026-05-21,17:00,20,Stock check,will order next week
V01413,BDM008,Sathya N,OA0727,Royal Electronics,2026-07-18,16:00,15,followup,display not as per norms
V01414,BDM005,Dhanush P,OA0083,Amman Digital,16/05/2026,16:43,8,Stock check,asked for better margin
V01415,BDM008,Sathya N,OA0323,Vinayaga Traders,18/06/2026,10:08,20,Complaint,will order next week
V01416,BDM003,Vetri S,OA0635,Kumaran Gadgets,2026-06-26,13:33,15,Follow up,shop closed
V01417,BDM002,Prakash M,OA0167,Meenakshi Telecom,12/07/2026,10:13,10,Routine visit,owner not available
V01418,BDM002,Prakash M,OA0664,New Star Traders,26/05/2026,11:35,20,New onboarding,
V01419,BDM010,Praveen K,OA0256,Muthu Gadgets,19/06/2026,10:25,45,Order,
V01420,BDM004,Ashok Kumar,OA0137,Vasanth Enterprises,2026-06-08,13:51,,Collection,asked for better margin
V01421,BDM003,Vetri S,OA0142,Bharath Agencies,06/05/2026,11:48,45,Collection,
V01422,BDM004,Ashok Kumar,OA0249,Lakshmi Mobile,01/06/2026,11:03,20,Collection,will order next week
V01423,BDM009,Gowtham S,OA0013,Ganesh Digital,2026-06-02,12:12,,Order,
V01424,BDM006,Jegan R,OA0715,Kumaran Electronics,2026-06-20,12:21,,,collection pending
V01425,BDM004,Ashok Kumar,OA0716,Anandha Communications,2026-07-14,10:54,25,Follow up,shop closed
V01426,BDM012,Yuvaraj S,OA0365,Meenakshi Telecom,06/06/2026,13:51,45,Follow up,stock displayed
V01427,BDM012,Yuvaraj S,OA0121,Devi Digital,03/07/2026,11:39,25,,discussed scheme
V01428,BDM001,Sundar R,OA0009,Jeyam Enterprises,27/05/2026,12:18,45,Follow up,collection pending
V01429,BDM007,Mohan Raj,OA0790,Sangeetha Mobile,17/06/2026,10:40,,Follow up,
V01430,BDM006,Jegan R,OA0658,Thangam Traders,07/07/2026,11:56,15,New onboarding,asked for better margin
V01431,BDM007,Mohan Raj,OA0710,Karpagam Agencies,02/05/2026,10:37,,Stock check,will order next week
V01432,BDM001,Sundar R,OA0618,City Telecom,26/05/2026,13:32,20,Routine visit,collection pending
V01433,BDM008,Sathya N,OA0714,Karpagam Digital,06/07/2026,15:00,20,Routine visit,
V01434,BDM006,Jegan R,OA0247,iStore Infotech,09/05/2026,10:14,12,,
V01435,BDM001,Sundar R,OA0707,iStore Enterprises,13/07/2026,12:00,20,Routine visit,
V01436,BDM001,Sundar R,OA0730,Saravana Communications,25/07/2026,12:35,25,Collection,owner not available
V01437,BDM001,Sundar R,OA0441,Bharath Enterprises,2026-05-23,17:00,20,Routine visit,will order next week
V01438,BDM009,Gowtham S,OA0187,,22/06/2026,12:22,5,Collection,
V01439,BDM008,Sathya N,OA0623,,15/07/2026,13:18,8,Complaint,
V01440,BDM008,Sathya N,OA0432,Ram Electronics,2026-07-27,10:52,25,routine,discussed scheme
V01441,BDM003,Vetri S,OA0271,Amman Telecom,22/06/2026,12:01,5,Complaint,asked for better margin
V01442,BDM008,Sathya N,OA0540,Karpagam Mobile,2026-07-21,13:08,20,,collection pending
V01443,BDM010,Praveen K,OA0380,Modern Traders,25/07/2026,11:23,20,Routine visit,
V01444,BDM012,Yuvaraj S,OA0522,Galaxy Telecom,2026-05-11,13:47,15,,stock displayed
V01445,BDM009,Gowtham S,OA0699,Universal Communications,2026-05-07,17:03,15,Routine visit,stock displayed
V01446,BDM003,Vetri S,OA0820,Amman Agencies ,2026-07-08,13:44,,Routine visit,
V01447,BDM004,Ashok Kumar,OA0485,Ram Traders,30/07/2026,13:23,,Stock check,
V01448,BDM001,Sundar R,OA0529,iStore Enterprises,25/06/2026,12:38,15,,will order next week
V01449,BDM001,Sundar R,OA0539,Ram Infotech,25/06/2026,10:02,5,Stock check,owner not available
V01450,BDM008,Sathya N,OA0747,Jeyam Communications,11/05/2026,13:58,12,Collection,discussed scheme
V01451,BDM002,Prakash M,OA0772,Ganesh Cellpoint,19/05/2026,12:01,8,Routine visit,asked for better margin
V01452,BDM008,Sathya N,OA0701,City Infotech,2026-06-20,10:38,10,followup,asked for better margin
V01453,BDM002,Prakash M,OA0585,Meenakshi Cellpoint,12/06/2026,16:00,20,Routine visit,collection pending
V01454,BDM006,Jegan R,OA0429,Sri Balaji Telecom,24/07/2026,13:08,8,Routine visit,stock displayed
V01455,BDM004,Ashok Kumar,OA0032,Modern Cellpoint,21/05/2026,10:40,8,,
V01456,BDM002,Prakash M,OA0552,,11/06/2026,13:03,12,Complaint,
V01457,BDM006,Jegan R,OA0646,Vinayaga Cellpoint,13/07/2026,12:58,15,Follow up,will order next week
V01458,BDM009,Gowtham S,OA0603,Amman Enterprises,2026-07-04,13:41,12,Routine visit,discussed scheme
V01459,BDM006,Jegan R,OA0299,Vinayaga Gadgets,2026-07-11,11:42,20,followup,will order next week
V01460,BDM011,Ilango M,OA0280,Poorvika Cellpoint,2026-06-23,11:23,25,Collection,
V01461,BDM002,Prakash M,OA0719,Sakthi Infotech,2026-07-29,16:22,25,Follow up,shop closed
V01462,BDM002,Prakash M,OA0022,Chennai Silks Mobiles,2026-06-01,14:12,30,Routine visit,owner not available
V01463,BDM011,Ilango M,OA0642,Anandha Telecom,18/06/2026,16:32,10,New onboarding,
V01464,BDM010,Praveen K,OA0634,Poorvika Cellpoint,10/07/2026,12:20,15,New onboarding,discussed scheme
V01465,BDM002,Prakash M,OA0503,Sri Balaji Infotech,2026-07-30,12:27,30,routine,will order next week
V01466,BDM008,Sathya N,OA0023,Thangam Traders,06/07/2026,12:04,,Routine visit,
V01467,BDM010,Praveen K,OA0602,Sangeetha Electronics,01/05/2026,12:03,30,Stock check,collection pending
V01468,BDM010,Praveen K,OA0391,Vasanth Communications,31/07/2026,16:00,20,Follow up,asked for better margin
V01469,BDM011,Ilango M,OA0587,Big C Communications,16/06/2026,12:49,15,followup,
V01470,BDM001,Sundar R,OA0436,Vinayaga Agencies,02/05/2026,10:48,5,Collection,discussed scheme
V01471,BDM004,Ashok Kumar,OA0511,Thangam Telecom,2026-05-02,10:53,45,routine,
V01472,BDM007,Mohan Raj,OA0350,Big C Communications,27/06/2026,16:11,,Complaint,
V01473,BDM003,Vetri S,OA0477,Mobile World Cellpoint,20/07/2026,11:11,15,Follow up,display not as per norms
V01474,BDM007,Mohan Raj,OA0069,Mobile World Infotech,22/07/2026,10:00,20,Routine visit,collection pending
V01475,BDM009,Gowtham S,OA0223,Mobile World Traders,2026-07-18,15:31,,routine,asked for better margin
V01476,BDM009,Gowtham S,OA0603,Amman Enterprises,05/05/2026,10:23,30,Routine visit,shop closed
V01477,BDM006,Jegan R,OA0715,Kumaran Electronics,2026-07-14,14:48,20,,discussed scheme
V01478,BDM007,Mohan Raj,OA0106,Sri Krishna Mobile,16/05/2026,11:50,30,Stock check,stock displayed
V01479,BDM004,Ashok Kumar,OA0475,Ganesh Infotech,2026-07-24,14:05,30,Routine visit,display not as per norms
V01480,BDM012,Yuvaraj S,OA0252,Saravana Gadgets,12/05/2026,13:14,10,Follow up,asked for better margin
V01481,BDM011,Ilango M,OA0555,Big C Infotech,2026-05-19,13:44,15,routine,discussed scheme
V01482,BDM005,Dhanush P,OA0318,Ram Gadgets,15/05/2026,12:16,20,Collection,stock displayed
V01483,BDM011,Ilango M,OA0022,Chennai Silks Mobiles,2026-06-13,11:00,,Routine visit,will order next week
V01484,BDM005,Dhanush P,OA0494,New Star Telecom,18/06/2026,13:10,8,Follow up,stock displayed
V01485,BDM003,Vetri S,OA0578,,07/05/2026,12:48,25,routine,discussed scheme
V01486,BDM008,Sathya N,OA0472,Big C Gadgets,22/05/2026,11:35,,Follow up,collection pending
V01487,BDM003,Vetri S,OA0129,Vasanth Traders,21/07/2026,14:40,12,Routine visit,
V01488,BDM008,Sathya N,OA0754,Thangam Enterprises,04/06/2026,10:02,8,followup,
V01489,BDM010,Praveen K,OA0410,Amman Telecom,2026-07-24,12:51,8,Routine visit,
V01490,BDM002,Prakash M,OA0765,Amman Cellpoint,12/05/2026,15:14,15,Routine visit,stock displayed
V01491,BDM004,Ashok Kumar,OA0748,Ganesh Electronics,29/07/2026,11:48,,Complaint,stock displayed
V01492,BDM002,Prakash M,OA0035,Selvam Electronics,2026-06-11,13:30,30,New onboarding,
V01493,BDM010,Praveen K,OA0520,Sangeetha Agencies,2026-06-28,10:48,25,Complaint,
V01494,BDM012,Yuvaraj S,OA0604,Meenakshi Enterprises,31/05/2026,14:13,30,,shop closed
V01495,BDM004,Ashok Kumar,OA0685,Selvam Gadgets,13/05/2026,13:02,15,Collection,
V01496,BDM001,Sundar R,OA0784,,22/06/2026,10:45,8,followup,
V01497,BDM012,Yuvaraj S,OA0042,Anandha Mobiles,20/06/2026,10:45,45,Follow up,owner not available
V01498,BDM012,Yuvaraj S,OA0799,Thangam Cellpoint,14/07/2026,14:19,8,,collection pending
V01499,BDM008,Sathya N,OA0622,Ganesh Enterprises,08/07/2026,11:45,12,New onboarding,
V01500,BDM005,Dhanush P,OA0688,Sri Krishna Mobiles,05/05/2026,15:00,20,Complaint,shop closed
V01501,BDM005,Dhanush P,OA0015,Saravana Gadgets,02/06/2026,17:17,45,followup,display not as per norms
V01502,BDM007,Mohan Raj,OA0625,Karpagam Agencies,17/07/2026,11:04,15,,
V01503,BDM010,Praveen K,OA0217,Devi Electronics,23/07/2026,12:25,12,Collection,will order next week
V01504,BDM002,Prakash M,OA0765,Amman Cellpoint,24/06/2026,11:10,12,Routine visit,will order next week
V01505,BDM003,Vetri S,OA0810,Amman Cellpoint,30/05/2026,11:27,12,Stock check,shop closed
V01506,BDM010,Praveen K,OA0638,Royal Enterprises,30/05/2026,12:34,5,Order,discussed scheme
V01507,BDM004,Ashok Kumar,OA0763,Kumaran Traders,2026-06-11,11:22,20,Follow up,collection pending
V01508,BDM004,Ashok Kumar,OA0019,Poorvika Gadgets,2026-07-01,14:00,20,followup,owner not available
V01509,BDM009,Gowtham S,OA0068,Saravana Mobile,13/07/2026,10:06,12,routine,discussed scheme
V01510,BDM012,Yuvaraj S,OA0694,Devi Mobile,20/06/2026,11:38,30,Collection,
V01511,BDM009,Gowtham S,OA0718,Vinayaga Infotech,27/05/2026,10:21,30,Order,asked for better margin
V01512,BDM006,Jegan R,OA0299,Vinayaga Gadgets,06/06/2026,11:18,15,,collection pending
V01513,BDM001,Sundar R,OA0141,Muthu Electronics,18/05/2026,13:47,5,followup,shop closed
V01514,BDM004,Ashok Kumar,OA0564,Sakthi Mobile,26/06/2026,15:58,20,Routine visit,
V01515,BDM004,Ashok Kumar,OA0269,Amman Cellpoint,2026-07-28,13:30,20,Complaint,
V01516,BDM002,Prakash M,OA0546,Ganesh Agencies,13/05/2026,11:00,12,Stock check,
V01517,BDM007,Mohan Raj,OA0010,City Infotech,18/07/2026,12:36,8,Follow up,display not as per norms
V01518,BDM001,Sundar R,OA0157,Vasanth Gadgets,16/05/2026,10:36,20,New onboarding,stock displayed
V01519,BDM011,Ilango M,OA0060,,08/07/2026,13:47,10,,
V01520,BDM001,Sundar R,OA0138,Prime Electronics,2026-07-15,10:05,15,Routine visit,stock displayed
V01521,BDM011,Ilango M,OA0397,,24/07/2026,15:00,30,Routine visit,will order next week
V01522,BDM002,Prakash M,OA0729,Amman Gadgets,15/05/2026,15:15,20,,
V01523,BDM010,Praveen K,OA0491,Royal Communications,15/05/2026,15:30,,Stock check,stock displayed
V01524,BDM007,Mohan Raj,OA0081,Devi Communications,12/06/2026,10:16,12,Order,asked for better margin
V01525,BDM005,Dhanush P,OA0150,Universal Communications,2026-06-16,11:07,45,Follow up,asked for better margin
V01526,BDM004,Ashok Kumar,OA0174,Universal Enterprises,24/06/2026,13:49,,Order,
V01527,BDM009,Gowtham S,OA0388,Galaxy Telecom,12/05/2026,10:09,12,Complaint,shop closed
V01528,BDM011,Ilango M,OA0078,,2026-06-23,14:20,8,Collection,collection pending
V01529,BDM007,Mohan Raj,OA0739,Sangeetha Communications,21/07/2026,11:41,,New onboarding,
V01530,BDM008,Sathya N,OA0108,Anandha Mobiles,2026-05-09,11:38,45,Routine visit,shop closed
V01531,BDM011,Ilango M,OA0621,Mobile World Enterprises,2026-06-28,16:27,8,Order,discussed scheme
V01532,BDM008,Sathya N,OA0014,Ganesh Cellpoint,2026-07-08,16:38,,New onboarding,
V01533,BDM010,Praveen K,OA0310,Devi Digital,2026-06-27,12:02,,Stock check,display not as per norms
V01534,BDM008,Sathya N,OA0802,Mobile World Mobiles,26/07/2026,10:36,30,Order,
V01535,BDM009,Gowtham S,OA0308,Prime Cellpoint,23/05/2026,13:10,8,Complaint,collection pending
V01536,BDM002,Prakash M,OA0684,City Digital,30/06/2026,10:58,5,Routine visit,will order next week
V01537,BDM006,Jegan R,OA0091,Bharath Mobile,2026-07-29,10:38,15,,stock displayed
V01538,BDM002,Prakash M,OA0758,Prime Mobile,14/05/2026,11:00,5,Routine visit,owner not available
V01539,BDM009,Gowtham S,OA0187,Sakthi Electronics,17/06/2026,11:20,5,Routine visit,owner not available
V01540,BDM007,Mohan Raj,OA0710,Karpagam Agencies,05/06/2026,10:24,12,routine,collection pending
V01541,BDM001,Sundar R,OA0112,,10/07/2026,11:01,20,New onboarding,
V01542,BDM006,Jegan R,OA0429,Sri Balaji Telecom,08/05/2026,10:35,30,Routine visit,
V01543,BDM002,Prakash M,OA0562,Big C Gadgets,2026-06-21,12:33,15,Follow up,
V01544,BDM001,Sundar R,OA0003,Anandha Enterprises,20/05/2026,13:16,10,routine,collection pending
V01545,BDM006,Jegan R,OA0611,Royal Traders,11/07/2026,15:00,20,followup,collection pending
V01546,BDM009,Gowtham S,OA0401,Sakthi Traders,2026-05-02,12:39,,Collection,stock displayed
V01547,BDM012,Yuvaraj S,OA0800,MEENAKSHI ENTERPRISES,20/05/2026,12:36,30,Follow up,asked for better margin
V01548,BDM006,Jegan R,OA0715,Kumaran Electronics,27/07/2026,16:50,5,Follow up,collection pending
V01549,BDM007,Mohan Raj,OA0056,City Communications,10/06/2026,14:16,8,Collection,discussed scheme
V01550,BDM001,Sundar R,OA0483,Ram Gadgets,14/07/2026,10:26,8,Stock check,collection pending
V01551,BDM007,Mohan Raj,OA0563,Anandha Traders,05/06/2026,13:53,20,,
V01552,BDM004,Ashok Kumar,OA0279,Sangeetha Communications,09/05/2026,12:46,8,New onboarding,shop closed
V01553,BDM004,Ashok Kumar,OA0307,Ram Infotech,18/06/2026,14:41,,routine,
V01554,BDM006,Jegan R,OA0178,Prime Communications,2026-05-01,13:02,8,Follow up,
V01555,BDM003,Vetri S,OA0266,Anandha Cellpoint,2026-05-16,12:00,30,Follow up,stock displayed
V01556,BDM006,Jegan R,OA0499,Selvam Digital,07/07/2026,12:34,8,routine,
V01557,BDM006,Jegan R,OA0499,Selvam Digital,2026-05-29,16:08,12,Collection,shop closed
V01558,BDM005,Dhanush P,OA0672,Saravana Cellpoint,19/06/2026,12:25,8,New onboarding,stock displayed
V01559,BDM004,Ashok Kumar,OA0670,Jeyam Digital,11/07/2026,11:16,25,Collection,collection pending
V01560,BDM009,Gowtham S,OA0751,Ganesh Gadgets,27/05/2026,12:29,5,New onboarding,will order next week
V01561,BDM004,Ashok Kumar,OA0075,Ram Electronics,06/06/2026,10:15,12,Complaint,discussed scheme
V01562,BDM006,Jegan R,OA0089,iStore Enterprises,16/05/2026,14:26,12,New onboarding,collection pending
V01563,BDM004,Ashok Kumar,OA0286,Poorvika Telecom,2026-07-28,16:28,5,,
V01564,BDM004,Ashok Kumar,OA0732,Selvam Agencies,16/06/2026,14:34,15,Routine visit,
V01565,BDM007,Mohan Raj,OA0395,Thangam Infotech,2026-06-23,15:29,5,Complaint,
V01566,BDM004,Ashok Kumar,OA0490,Amman Mobiles,09/06/2026,13:59,,routine,display not as per norms
V01567,BDM011,Ilango M,OA0544,Sri Balaji Telecom,09/05/2026,11:16,15,New onboarding,stock displayed
V01568,BDM004,Ashok Kumar,OA0490,Amman Mobiles,2026-05-18,10:22,8,Collection,
V01569,BDM003,Vetri S,OA0288,Modern Telecom,18/07/2026,13:38,15,routine,will order next week
V01570,BDM011,Ilango M,OA0346,,2026-07-30,17:00,20,Routine visit,discussed scheme
V01571,BDM009,Gowtham S,OA0793,Ram Digital,2026-05-11,11:41,45,Follow up,
V01572,BDM011,Ilango M,OA0060,,19/06/2026,12:16,8,routine,
V01573,BDM006,Jegan R,OA0628,Selvam Infotech,04/07/2026,15:10,,Order,
V01574,BDM005,Dhanush P,OA0177,Thangam Mobiles,2026-06-04,13:00,20,Order,display not as per norms
V01575,BDM008,Sathya N,OA0714,,2026-06-01,15:00,25,Routine visit,
V01576,BDM007,Mohan Raj,OA0069,Mobile World Infotech,20/05/2026,11:00,20,Routine visit,display not as per norms
V01577,BDM010,Praveen K,OA0135,Selvam Mobiles,11/06/2026,14:03,10,Collection,collection pending
V01578,BDM007,Mohan Raj,OA0426,Modern Digital,28/05/2026,14:09,45,Order,
V01579,BDM009,Gowtham S,OA0251,Thangam Infotech,26/06/2026,12:45,8,,discussed scheme
V01580,BDM012,Yuvaraj S,OA0407,Meenakshi Enterprises,2026-07-16,16:28,30,New onboarding,will order next week
V01581,BDM012,Yuvaraj S,OA0208,Universal Mobile,2026-07-14,10:31,,New onboarding,shop closed
V01582,BDM001,Sundar R,OA0481,Muthu Traders,2026-07-20,13:02,8,Follow up,display not as per norms
V01583,BDM004,Ashok Kumar,OA0363,,22/05/2026,11:49,10,Stock check,
V01584,BDM008,Sathya N,OA0196,Universal Gadgets,22/05/2026,13:04,10,Complaint,
V01585,BDM005,Dhanush P,OA0173,Bharath Mobile,28/07/2026,13:28,,routine,
V01586,BDM002,Prakash M,OA0677,Chennai Silks Electronics,25/05/2026,13:18,45,New onboarding,shop closed
V01587,BDM012,Yuvaraj S,OA0295,Sakthi Communications,26/07/2026,13:04,25,followup,stock displayed
V01588,BDM012,Yuvaraj S,OA0709,New Star Mobile,03/06/2026,10:37,15,Complaint,discussed scheme
V01589,BDM011,Ilango M,OA0022,Chennai Silks Mobiles,18/07/2026,11:00,25,Routine visit,asked for better margin
V01590,BDM008,Sathya N,OA0171,Kumaran Traders,2026-05-12,14:58,20,Follow up,
V01591,BDM011,Ilango M,OA0730,Saravana Communications,21/07/2026,11:00,30,Routine visit,asked for better margin
V01592,BDM002,Prakash M,OA0431,Amman Communications,09/07/2026,12:20,10,New onboarding,shop closed
V01593,BDM011,Ilango M,OA0661,Devi Cellpoint,2026-07-13,13:59,25,New onboarding,shop closed
V01594,BDM011,Ilango M,OA0200,Devi Gadgets,02/06/2026,10:09,10,New onboarding,collection pending
V01595,BDM005,Dhanush P,OA0250,Ram Enterprises,2026-06-02,12:11,8,Routine visit,asked for better margin
V01596,BDM006,Jegan R,OA0091,Bharath Mobile,28/06/2026,14:02,12,New onboarding,shop closed
V01597,BDM005,Dhanush P,OA0704,Royal Infotech,08/05/2026,13:23,10,followup,
V01598,BDM009,Gowtham S,OA0086,New Star Gadgets,23/07/2026,10:46,,Collection,discussed scheme
V01599,BDM001,Sundar R,OA0224,Selvam Electronics,2026-06-12,14:59,25,Order,
V01600,BDM012,Yuvaraj S,OA0319,Sri Krishna Mobile,15/06/2026,10:54,30,Follow up,
V01601,BDM009,Gowtham S,OA0751,Ganesh Gadgets,27/06/2026,10:29,8,New onboarding,stock displayed
V01602,BDM006,Jegan R,OA0390,Vasanth Enterprises,02/05/2026,10:01,12,Collection,
V01603,BDM010,Praveen K,OA0818,Selvam Agencies ,2026-07-22,11:00,20,Routine visit,discussed scheme
V01604,BDM007,Mohan Raj,OA0377,New Star Mobiles,14/07/2026,15:16,30,Complaint,
V01605,BDM003,Vetri S,OA0130,iStore Electronics,01/07/2026,12:10,25,Complaint,
V01606,BDM001,Sundar R,OA0553,Anandha Agencies,13/06/2026,11:27,10,New onboarding,
V01607,BDM008,Sathya N,OA0754,Thangam Enterprises,15/06/2026,14:51,,routine,
V01608,BDM004,Ashok Kumar,OA0269,Amman Cellpoint,2026-06-12,11:04,10,routine,
V01609,BDM007,Mohan Raj,OA0101,Lakshmi Cellpoint,16/06/2026,12:39,15,Routine visit,discussed scheme
V01610,BDM007,Mohan Raj,OA0710,,13/06/2026,12:13,20,,owner not available
V01611,BDM010,Praveen K,OA0348,Poorvika Mobile,20/07/2026,11:53,,followup,collection pending
V01612,BDM004,Ashok Kumar,OA0763,Kumaran Traders,19/05/2026,11:47,15,New onboarding,stock displayed
V01613,BDM001,Sundar R,OA0743,Sri Balaji Traders,14/05/2026,13:52,8,New onboarding,display not as per norms
V01614,BDM008,Sathya N,OA0682,Thangam Cellpoint,26/05/2026,10:11,,,
V01615,BDM002,Prakash M,OA0663,New Star Agencies,24/06/2026,10:16,20,followup,
V01616,BDM010,Praveen K,OA0380,Modern Traders,01/05/2026,11:22,5,followup,
V01617,BDM001,Sundar R,OA0326,Selvam Communications,06/05/2026,15:09,10,Complaint,
V01618,BDM006,Jegan R,OA0513,Devi Telecom,04/07/2026,16:09,10,Follow up,
V01619,BDM006,Jegan R,OA0247,iStore Infotech,10/07/2026,10:09,5,followup,shop closed
V01620,BDM011,Ilango M,OA0619,Muthu Infotech,05/05/2026,11:03,,Stock check,
V01621,BDM001,Sundar R,OA0551,Meenakshi Enterprises,16/05/2026,10:02,5,Follow up,will order next week
V01622,BDM001,Sundar R,OA0707,iStore Enterprises,22/06/2026,17:00,25,Routine visit,stock displayed
V01623,BDM003,Vetri S,OA0057,Vinayaga Agencies,05/05/2026,10:22,45,routine,display not as per norms
V01624,BDM002,Prakash M,OA0663,New Star Agencies,07/07/2026,14:29,15,routine,
V01625,BDM008,Sathya N,OA0196,Universal Gadgets,01/06/2026,11:37,,Complaint,shop closed
V01626,BDM012,Yuvaraj S,OA0604,Meenakshi Enterprises,25/07/2026,12:00,45,Collection,
V01627,BDM012,Yuvaraj S,OA0359,Amman Mobiles,2026-05-27,11:34,20,Collection,
V01628,BDM008,Sathya N,OA0143,Chennai Silks Communications,22/07/2026,13:53,5,Collection,discussed scheme
V01629,BDM001,Sundar R,OA0570,New Star Infotech,02/06/2026,10:54,8,New onboarding,discussed scheme
V01630,BDM003,Vetri S,OA0568,Vinayaga Mobiles,08/06/2026,13:02,12,Stock check,display not as per norms
V01631,BDM002,Prakash M,OA0724,New Star Communications,19/05/2026,10:25,20,Routine visit,collection pending
V01632,BDM005,Dhanush P,OA0573,Muthu Communications,2026-06-27,10:31,12,Complaint,
V01633,BDM011,Ilango M,OA0700,Lakshmi Electronics,23/06/2026,15:36,12,followup,
V01634,BDM009,Gowtham S,OA0276,,18/05/2026,15:24,10,New onboarding,
V01635,BDM004,Ashok Kumar,OA0019,Poorvika Gadgets,12/05/2026,12:02,15,,collection pending
V01636,BDM010,Praveen K,OA0491,Royal Communications,29/06/2026,10:25,8,Collection,collection pending
V01637,BDM012,Yuvaraj S,OA0226,Poorvika Gadgets,06/07/2026,10:34,30,Routine visit,display not as per norms
V01638,BDM008,Sathya N,OA0205,Royal Mobiles,2026-06-06,11:40,45,followup,
V01639,BDM002,Prakash M,OA0774,Meenakshi Agencies,22/07/2026,12:35,15,Order,
V01640,BDM005,Dhanush P,OA0394,Prime Mobile,01/05/2026,12:21,45,Routine visit,
V01641,BDM004,Ashok Kumar,OA0679,Vasanth Gadgets,08/05/2026,13:11,12,Collection,
V01642,BDM009,Gowtham S,OA0209,Anandha Traders,2026-06-23,17:06,15,,shop closed
V01643,BDM002,Prakash M,OA0353,New Star Agencies,15/07/2026,13:26,5,followup,collection pending
V01644,BDM003,Vetri S,OA0144,Modern Telecom,27/05/2026,11:37,10,New onboarding,shop closed
V01645,BDM010,Praveen K,OA0634,Poorvika Cellpoint,24/06/2026,12:32,10,Collection,
V01646,BDM004,Ashok Kumar,OA0668,Bharath Mobiles,27/05/2026,11:17,15,New onboarding,shop closed
V01647,BDM003,Vetri S,OA0557,Modern Mobiles,18/05/2026,11:34,12,followup,owner not available
V01648,BDM012,Yuvaraj S,OA0527,Devi Mobile,2026-07-14,13:00,,Routine visit,
V01649,BDM002,Prakash M,OA0772,Ganesh Cellpoint,29/05/2026,16:16,20,New onboarding,stock displayed
V01650,BDM005,Dhanush P,OA0647,Devi Infotech,24/06/2026,15:05,30,Follow up,shop closed
V01651,BDM005,Dhanush P,OA0095,iStore Traders,06/07/2026,10:21,10,New onboarding,
V01652,BDM010,Praveen K,OA0496,Saravana Communications,07/07/2026,12:02,20,Complaint,owner not available
V01653,BDM011,Ilango M,OA0409,Amman Mobile,16/05/2026,15:13,20,Order,
V01654,BDM011,Ilango M,OA0730,Saravana Communications,07/07/2026,17:00,,Routine visit,will order next week
V01655,BDM009,Gowtham S,OA0609,Kumaran Infotech,2026-05-04,12:14,15,followup,
V01656,BDM001,Sundar R,OA0455,Ram Mobiles,27/05/2026,11:04,45,Stock check,will order next week
V01657,BDM007,Mohan Raj,OA0686,Royal Electronics,2026-06-09,10:18,12,New onboarding,
V01658,BDM001,Sundar R,OA0421,Meenakshi Enterprises,15/06/2026,13:48,25,Order,owner not available
V01659,BDM006,Jegan R,OA0390,Vasanth Enterprises,30/06/2026,14:44,12,routine,asked for better margin
V01660,BDM010,Praveen K,OA0096,New Star Traders,26/06/2026,13:58,45,Follow up,collection pending
V01661,BDM012,Yuvaraj S,OA0197,Prime Digital,24/07/2026,11:50,30,Follow up,display not as per norms
V01662,BDM009,Gowtham S,OA0458,Saravana Agencies,21/07/2026,14:58,8,Routine visit,shop closed
V01663,BDM012,Yuvaraj S,OA0637,Vinayaga Enterprises,09/06/2026,12:32,20,Complaint,collection pending
V01664,BDM004,Ashok Kumar,OA0363,Saravana Mobiles,13/06/2026,10:15,25,Stock check,discussed scheme
V01665,BDM010,Praveen K,OA0818,Selvam Agencies ,01/07/2026,12:00,20,Routine visit,owner not available
V01666,BDM010,Praveen K,OA0818,Selvam Agencies ,2026-05-06,16:00,25,Routine visit,discussed scheme
V01667,BDM008,Sathya N,OA0385,Ganesh Mobile,11/06/2026,12:10,25,Follow up,shop closed
V01668,BDM002,Prakash M,OA0433,Vinayaga Cellpoint,25/07/2026,11:22,25,followup,
V01669,BDM005,Dhanush P,OA0212,Sangeetha Agencies,11/05/2026,11:55,,,
V01670,BDM010,Praveen K,OA0096,New Star Traders,08/06/2026,12:59,20,Follow up,
V01671,BDM001,Sundar R,OA0743,Sri Balaji Traders,06/07/2026,15:35,8,Follow up,stock displayed
V01672,BDM008,Sathya N,OA0113,Sakthi Infotech,2026-06-03,17:14,30,Follow up,shop closed
V01673,BDM006,Jegan R,OA0439,Sakthi Enterprises,2026-07-18,15:23,5,followup,will order next week
V01674,BDM004,Ashok Kumar,OA0019,Poorvika Gadgets,2026-05-30,10:52,15,Stock check,
V01675,BDM006,Jegan R,OA0364,Galaxy Electronics,09/06/2026,13:48,,Routine visit,
V01676,BDM004,Ashok Kumar,OA0745,Thangam Telecom,24/06/2026,12:30,30,Stock check,
V01677,BDM009,Gowtham S,OA0714,Karpagam Digital,2026-06-24,13:49,15,Collection,
V01678,BDM008,Sathya N,OA0263,Meenakshi Cellpoint,18/06/2026,13:34,45,Follow up,
V01679,BDM011,Ilango M,OA0274,Muthu Electronics,19/06/2026,11:04,8,Complaint,
V01680,BDM004,Ashok Kumar,OA0025,Sangeetha Agencies,23/06/2026,11:06,,Order,
V01681,BDM002,Prakash M,OA0818,Selvam Agencies ,15/05/2026,10:37,15,Complaint,stock displayed
V01682,BDM006,Jegan R,OA0439,Sakthi Enterprises,27/07/2026,10:34,20,Routine visit,owner not available
V01683,BDM008,Sathya N,OA0016,Universal Infotech,21/05/2026,14:48,30,Follow up,
V01684,BDM007,Mohan Raj,OA0817,ISTORE TELECOM,2026-06-04,14:23,10,Complaint,
V01685,BDM010,Praveen K,OA0324,Sri Balaji Traders,2026-07-24,11:00,45,followup,will order next week
V01686,BDM007,Mohan Raj,OA0535,Ram Traders,14/07/2026,15:00,30,Stock check,will order next week
V01687,BDM007,Mohan Raj,OA0039,Big C Electronics,2026-06-25,11:11,5,Collection,
V01688,BDM011,Ilango M,OA0102,Thangam Enterprises,08/06/2026,13:16,20,Stock check,
V01689,BDM010,Praveen K,OA0713,Ganesh Traders,02/07/2026,10:53,15,Complaint,will order next week
V01690,BDM010,Praveen K,OA0383,Bharath Mobile,16/06/2026,13:39,5,Complaint,stock displayed
V01691,BDM003,Vetri S,OA0645,Karpagam Telecom,05/05/2026,13:53,45,routine,owner not available
V01692,BDM003,Vetri S,OA0813,Sakthi Electronics - Branch,03/06/2026,11:24,25,Collection,collection pending
V01693,BDM004,Ashok Kumar,OA0019,Poorvika Gadgets,16/06/2026,12:11,15,followup,will order next week
V01694,BDM004,Ashok Kumar,OA0292,Saravana Digital,2026-05-25,11:52,20,Complaint,shop closed
V01695,BDM006,Jegan R,OA0448,Devi Enterprises,27/05/2026,11:30,5,Order,
V01696,BDM012,Yuvaraj S,OA0698,Sri Balaji Gadgets,2026-07-20,10:00,,followup,display not as per norms
V01697,BDM009,Gowtham S,OA0548,Lakshmi Gadgets,2026-05-16,15:32,25,Order,asked for better margin
V01698,BDM010,Praveen K,OA0814,Poorvika Traders ,27/06/2026,10:55,8,Collection,
V01699,BDM002,Prakash M,OA0411,Lakshmi Digital,2026-06-18,13:19,25,New onboarding,
V01700,BDM001,Sundar R,OA0743,Sri Balaji Traders,13/07/2026,15:05,15,Routine visit,discussed scheme
V01701,BDM009,Gowtham S,OA0343,Galaxy Infotech,10/07/2026,12:05,20,followup,display not as per norms
V01702,BDM002,Prakash M,OA0433,Vinayaga Cellpoint,2026-05-21,12:49,45,Order,shop closed
V01703,BDM006,Jegan R,OA0058,New Star Telecom,07/07/2026,15:20,12,routine,stock displayed
V01704,BDM010,Praveen K,OA0284,Anandha Digital,08/06/2026,10:54,8,,discussed scheme
V01705,BDM012,Yuvaraj S,OA0206,City Digital,13/06/2026,16:13,25,Collection,stock displayed
V01706,BDM008,Sathya N,OA0497,New Star Mobile,03/07/2026,11:19,25,Collection,owner not available
V01707,BDM006,Jegan R,OA0001,Bharath Traders,28/07/2026,10:19,30,Routine visit,
V01708,BDM009,Gowtham S,OA0596,Saravana Mobile,16/05/2026,13:08,10,Order,owner not available
V01709,BDM004,Ashok Kumar,OA0716,Anandha Communications,2026-07-22,15:11,30,Stock check,
V01710,BDM008,Sathya N,OA0701,City Infotech,27/05/2026,10:22,8,Follow up,asked for better margin
V01711,BDM010,Praveen K,OA0702,Sakthi Infotech,2026-05-26,12:26,,New onboarding,discussed scheme
V01712,BDM004,Ashok Kumar,OA0679,Vasanth Gadgets,2026-05-14,13:16,,Follow up,shop closed
V01713,BDM012,Yuvaraj S,OA0206,City Digital,2026-05-25,17:00,15,routine,discussed scheme
V01714,BDM009,Gowtham S,OA0690,Sangeetha Mobiles,25/06/2026,14:00,12,Order,discussed scheme
V01715,BDM007,Mohan Raj,OA0069,Mobile World Infotech,03/06/2026,12:00,20,Routine visit,discussed scheme
V01716,BDM003,Vetri S,OA0271,Amman Telecom,02/07/2026,12:00,12,Collection,stock displayed
V01717,BDM001,Sundar R,OA0297,New Star Mobiles,2026-07-10,15:42,45,,
V01718,BDM007,Mohan Raj,OA0817,ISTORE TELECOM,22/06/2026,10:35,5,Order,shop closed
V01719,BDM001,Sundar R,OA0224,Selvam Electronics,03/07/2026,12:50,8,Routine visit,
V01720,BDM007,Mohan Raj,OA0506,Galaxy Cellpoint,15/05/2026,10:52,5,followup,will order next week
V01721,BDM010,Praveen K,OA0783,iStore Telecom,09/06/2026,14:00,12,followup,
V01722,BDM005,Dhanush P,OA0258,Sangeetha Electronics,2026-05-30,16:35,12,,
V01723,BDM004,Ashok Kumar,OA0732,,13/05/2026,14:24,15,Routine visit,
V01724,BDM010,Praveen K,OA0806,Modern Communications ,29/06/2026,11:37,30,followup,asked for better margin
V01725,BDM012,Yuvaraj S,OA0698,Sri Balaji Gadgets,08/05/2026,10:21,5,Order,owner not available
V01726,BDM010,Praveen K,OA0783,iStore Telecom,06/07/2026,16:20,20,,shop closed
V01727,BDM001,Sundar R,OA0214,Sri Krishna Telecom,27/05/2026,10:14,10,Collection,discussed scheme
V01728,BDM006,Jegan R,OA0089,iStore Enterprises,2026-05-06,13:19,8,,
V01729,BDM009,Gowtham S,OA0343,Galaxy Infotech,29/05/2026,10:32,20,,
V01730,BDM010,Praveen K,OA0520,Sangeetha Agencies,23/06/2026,13:49,8,Stock check,
V01731,BDM010,Praveen K,OA0096,New Star Traders,28/06/2026,12:38,10,Complaint,
V01732,BDM001,Sundar R,OA0408,Galaxy Infotech,2026-07-04,11:01,20,Order,
V01733,BDM007,Mohan Raj,OA0516,Meenakshi Agencies,25/06/2026,10:23,10,,shop closed
V01734,BDM003,Vetri S,OA0002,Sakthi Telecom,09/05/2026,13:35,,followup,
V01735,BDM008,Sathya N,OA0306,City Telecom,2026-07-27,14:02,8,Routine visit,
V01736,BDM007,Mohan Raj,OA0092,Poorvika Enterprises,2026-07-14,15:17,30,Collection,
V01737,BDM010,Praveen K,OA0524,Vasanth Electronics,24/07/2026,14:18,10,,discussed scheme
V01738,BDM006,Jegan R,OA0085,Prime Enterprises,2026-07-01,10:02,20,Order,
V01739,BDM003,Vetri S,OA0680,Karpagam Mobiles,13/07/2026,17:03,15,followup,will order next week
V01740,BDM005,Dhanush P,OA0654,Anandha Mobiles,21/07/2026,11:23,25,Complaint,
V01741,BDM006,Jegan R,OA0392,Karpagam Communications,16/07/2026,13:43,20,followup,stock displayed
V01742,BDM003,Vetri S,OA0161,New Star Infotech,26/05/2026,11:55,5,Follow up,collection pending
V01743,BDM009,Gowtham S,OA0607,Jeyam Digital,2026-07-10,16:08,30,Routine visit,
V01744,BDM011,Ilango M,OA0274,Muthu Electronics,2026-06-10,12:43,15,routine,shop closed
V01745,BDM004,Ashok Kumar,OA0475,Ganesh Infotech,12/06/2026,17:35,,Routine visit,
V01746,BDM003,Vetri S,OA0612,Sri Balaji Infotech,15/07/2026,10:12,5,,collection pending
V01747,BDM012,Yuvaraj S,OA0407,Meenakshi Enterprises,29/07/2026,11:53,,Routine visit,will order next week
V01748,BDM004,Ashok Kumar,OA0403,Mobile World Digital,30/07/2026,10:39,5,Routine visit,
V01749,BDM011,Ilango M,OA0300,Sri Krishna Gadgets,2026-07-07,13:06,20,Stock check,
V01750,BDM008,Sathya N,OA0687,Bharath Communications,27/05/2026,13:46,,Stock check,discussed scheme
V01751,BDM005,Dhanush P,OA0011,Universal Electronics,16/07/2026,16:35,20,Follow up,
V01752,BDM008,Sathya N,OA0241,Muthu Digital,08/06/2026,11:30,8,,asked for better margin
V01753,BDM003,Vetri S,OA0188,Muthu Cellpoint,09/07/2026,14:41,12,followup,collection pending
V01754,BDM001,Sundar R,OA0481,Muthu Traders,29/06/2026,12:55,5,Order,
V01755,BDM001,Sundar R,OA0796,Saravana Electronics,2026-06-20,11:00,25,Routine visit,shop closed
V01756,BDM004,Ashok Kumar,OA0292,Saravana Digital,24/05/2026,14:53,15,followup,stock displayed
V01757,BDM008,Sathya N,OA0140,Thangam Mobile,2026-06-13,11:04,25,Collection,
V01758,BDM012,Yuvaraj S,OA0733,New Star Mobile,25/05/2026,17:13,30,followup,stock displayed
V01759,BDM006,Jegan R,OA0517,Sri Balaji Gadgets,20/07/2026,14:57,45,followup,will order next week
V01760,BDM007,Mohan Raj,OA0018,Amman Agencies,25/06/2026,11:37,8,followup,discussed scheme
V01761,BDM009,Gowtham S,OA0537,Selvam Digital,06/06/2026,12:14,30,Collection,shop closed
V01762,BDM010,Praveen K,OA0435,Muthu Mobile,29/05/2026,12:27,5,New onboarding,
V01763,BDM002,Prakash M,OA0457,Jeyam Traders,06/06/2026,11:59,12,Follow up,will order next week
V01764,BDM005,Dhanush P,OA0573,Muthu Communications,16/05/2026,14:16,,Follow up,
V01765,BDM003,Vetri S,OA0271,Amman Telecom,17/06/2026,10:05,12,Follow up,
V01766,BDM010,Praveen K,OA0702,Sakthi Infotech,28/06/2026,14:10,8,followup,shop closed
V01767,BDM008,Sathya N,OA0059,Selvam Cellpoint,2026-07-09,16:40,45,Stock check,owner not available
V01768,BDM003,Vetri S,OA0708,Vinayaga Cellpoint,12/06/2026,14:09,10,Complaint,
V01769,BDM007,Mohan Raj,OA0739,Sangeetha Communications,2026-07-02,13:52,45,Collection,asked for better margin
V01770,BDM010,Praveen K,OA0814,Poorvika Traders ,23/05/2026,16:45,45,New onboarding,will order next week
V01771,BDM002,Prakash M,OA0420,Saravana Mobile,06/06/2026,11:07,,New onboarding,owner not available
V01772,BDM012,Yuvaraj S,OA0616,,2026-06-12,12:28,8,,discussed scheme
V01773,BDM009,Gowtham S,OA0459,Amman Mobiles,2026-06-10,12:03,15,Complaint,
V01774,BDM012,Yuvaraj S,OA0800,MEENAKSHI ENTERPRISES,18/06/2026,14:48,15,Routine visit,
V01775,BDM003,Vetri S,OA0129,Vasanth Traders,09/05/2026,10:00,,New onboarding,owner not available
V01776,BDM003,Vetri S,OA0002,Sakthi Telecom,12/06/2026,15:02,25,,will order next week
V01777,BDM001,Sundar R,OA0441,Bharath Enterprises,09/05/2026,17:00,20,Routine visit,will order next week
V01778,BDM001,Sundar R,OA0618,City Telecom,2026-05-05,12:53,45,Follow up,
V01779,BDM001,Sundar R,OA0400,Sri Balaji Traders,07/05/2026,10:08,,New onboarding,shop closed
V01780,BDM004,Ashok Kumar,OA0269,Amman Cellpoint,02/07/2026,10:29,15,Routine visit,collection pending
V01781,BDM003,Vetri S,OA0515,New Star Infotech,21/07/2026,10:20,30,Follow up,
V01782,BDM008,Sathya N,OA0788,Chennai Silks Electronics,28/07/2026,12:20,15,Complaint,display not as per norms
V01783,BDM008,Sathya N,OA0692,Sri Balaji Infotech,27/05/2026,12:16,12,followup,
V01784,BDM008,Sathya N,OA0270,Lakshmi Cellpoint,30/07/2026,12:51,20,Routine visit,collection pending
V01785,BDM003,Vetri S,OA0195,Prime Cellpoint,01/07/2026,13:15,30,Stock check,
V01786,BDM011,Ilango M,OA0109,Bharath Infotech,15/05/2026,13:52,20,Stock check,asked for better margin
V01787,BDM001,Sundar R,OA0508,Saravana Mobile,23/06/2026,12:16,8,Routine visit,
V01788,BDM010,Praveen K,OA0818,Selvam Agencies ,20/05/2026,13:00,30,Routine visit,asked for better margin
V01789,BDM011,Ilango M,OA0172,iStore Electronics,2026-05-27,13:08,20,Collection,asked for better margin
V01790,BDM010,Praveen K,OA0783,iStore Telecom,27/07/2026,11:39,30,Order,discussed scheme
V01791,BDM003,Vetri S,OA0334,Bharath Electronics,08/05/2026,13:16,,New onboarding,stock displayed
V01792,BDM004,Ashok Kumar,OA0545,,24/05/2026,14:04,,Follow up,will order next week
V01793,BDM012,Yuvaraj S,OA0527,Devi Mobile,02/06/2026,17:00,25,Routine visit,
V01794,BDM011,Ilango M,OA0671,Vasanth Traders,20/07/2026,11:09,12,routine,will order next week
V01795,BDM010,Praveen K,OA0581,Mobile World Telecom,2026-05-18,11:26,8,Follow up,collection pending
V01796,BDM006,Jegan R,OA0513,Devi Telecom,05/05/2026,12:23,,followup,will order next week
V01797,BDM011,Ilango M,OA0300,Sri Krishna Gadgets,13/05/2026,11:47,,Collection,
V01798,BDM004,Ashok Kumar,OA0036,Jeyam Digital,16/05/2026,14:04,20,Routine visit,shop closed
V01799,BDM009,Gowtham S,OA0609,Kumaran Infotech,22/05/2026,15:12,8,Collection,
V01800,BDM002,Prakash M,OA0204,Sangeetha Mobiles,12/07/2026,16:19,,Stock check,asked for better margin
V01801,BDM004,Ashok Kumar,OA0279,,30/07/2026,12:49,45,followup,display not as per norms
V01802,BDM006,Jegan R,OA0080,Chennai Silks Enterprises,29/05/2026,10:26,10,Complaint,stock displayed
V01803,BDM010,Praveen K,OA0717,Poorvika Traders,2026-06-03,13:52,15,routine,collection pending
V01804,BDM006,Jegan R,OA0662,Vinayaga Mobile,15/07/2026,14:05,12,,stock displayed
V01805,BDM007,Mohan Raj,OA0535,Ram Traders,27/05/2026,10:15,,Collection,stock displayed
V01806,BDM012,Yuvaraj S,OA0589,Sakthi Electronics,17/06/2026,10:26,20,Routine visit,discussed scheme
V01807,BDM004,Ashok Kumar,OA0066,Universal Traders,30/06/2026,12:48,20,routine,asked for better margin
V01808,BDM011,Ilango M,OA0597,Selvam Electronics,16/05/2026,15:00,20,Routine visit,
V01809,BDM009,Gowtham S,OA0388,Galaxy Telecom,24/06/2026,13:14,10,Stock check,
V01810,BDM011,Ilango M,OA0369,Universal Mobiles,11/07/2026,14:29,25,followup,discussed scheme
V01811,BDM011,Ilango M,OA0671,Vasanth Traders,29/07/2026,10:26,20,Order,asked for better margin
V01812,BDM010,Praveen K,OA0818,Selvam Agencies ,03/06/2026,14:00,,Routine visit,display not as per norms
V01813,BDM004,Ashok Kumar,OA0674,Thangam Enterprises,30/07/2026,14:12,20,Follow up,
V01814,BDM011,Ilango M,OA0778,Vasanth Infotech,01/05/2026,13:25,5,,stock displayed
V01815,BDM008,Sathya N,OA0497,New Star Mobile,21/07/2026,10:09,45,,display not as per norms
V01816,BDM001,Sundar R,OA0613,Devi Infotech,11/06/2026,12:16,25,followup,asked for better margin
V01817,BDM008,Sathya N,OA0590,Selvam Electronics,18/07/2026,10:03,25,Follow up,will order next week
V01818,BDM002,Prakash M,OA0719,Sakthi Infotech,2026-05-08,15:28,30,New onboarding,owner not available
V01819,BDM006,Jegan R,OA0332,Sri Krishna Gadgets,15/07/2026,12:23,5,Follow up,owner not available
V01820,BDM002,Prakash M,OA0774,Meenakshi Agencies,07/05/2026,13:36,15,Routine visit,will order next week
V01821,BDM008,Sathya N,OA0164,Ganesh Electronics,18/07/2026,16:07,20,Stock check,
V01822,BDM005,Dhanush P,OA0555,Big C Infotech,17/07/2026,13:06,20,Follow up,discussed scheme
V01823,BDM004,Ashok Kumar,OA0545,Vasanth Agencies,26/05/2026,10:31,30,Order,stock displayed
V01824,BDM002,Prakash M,OA0215,Sri Krishna Electronics,30/06/2026,11:51,25,Collection,
V01825,BDM010,Praveen K,OA0126,iStore Electronics,01/07/2026,10:39,15,New onboarding,owner not available
V01826,BDM010,Praveen K,OA0798,Anandha Digital ,2026-06-21,10:56,45,Order,
V01827,BDM012,Yuvaraj S,OA0417,Muthu Enterprises,2026-06-01,15:23,20,followup,will order next week
V01828,BDM005,Dhanush P,OA0360,Lakshmi Communications,22/06/2026,11:28,8,followup,
V01829,BDM005,Dhanush P,OA0704,Royal Infotech,25/05/2026,10:37,,Complaint,
V01830,BDM003,Vetri S,OA0190,Sangeetha Agencies,2026-07-08,12:38,15,Follow up,
V01831,BDM011,Ilango M,OA0060,,2026-05-08,11:19,10,routine,discussed scheme
V01832,BDM004,Ashok Kumar,OA0763,Kumaran Traders,19/05/2026,13:36,45,Order,
V01833,BDM003,Vetri S,OA0466,Vinayaga Communications,2026-06-26,13:59,45,Complaint,asked for better margin
V01834,BDM003,Vetri S,OA0464,Saravana Mobiles,2026-05-05,16:15,8,routine,shop closed
V01835,BDM003,Vetri S,OA0502,Lakshmi Gadgets,2026-05-14,10:56,,Routine visit,
V01836,BDM010,Praveen K,OA0076,Royal Agencies,01/07/2026,12:39,25,Stock check,discussed scheme
V01837,BDM008,Sathya N,OA0785,Prime Traders,05/05/2026,10:01,20,Complaint,
V01838,BDM006,Jegan R,OA0445,,2026-05-01,11:34,45,routine,collection pending
V01839,BDM006,Jegan R,OA0628,Selvam Infotech,2026-05-15,11:10,10,Routine visit,owner not available
V01840,BDM010,Praveen K,OA0818,Selvam Agencies ,17/06/2026,11:00,30,Routine visit,
V01841,BDM002,Prakash M,OA0431,Amman Communications,12/07/2026,12:42,,Stock check,collection pending
V01842,BDM001,Sundar R,OA0815,,09/05/2026,14:48,30,routine,
V01843,BDM004,Ashok Kumar,OA0780,Devi Infotech,27/05/2026,12:22,12,routine,
V01844,BDM001,Sundar R,OA0400,Sri Balaji Traders,03/06/2026,12:39,5,Follow up,
V01845,BDM006,Jegan R,OA0513,Devi Telecom,01/06/2026,11:39,25,New onboarding,owner not available
V01846,BDM003,Vetri S,OA0601,Prime Agencies,15/07/2026,10:44,20,,collection pending
V01847,BDM010,Praveen K,OA0717,Poorvika Traders,2026-07-27,13:11,10,Follow up,will order next week
V01848,BDM012,Yuvaraj S,OA0576,Lakshmi Digital,12/05/2026,13:45,45,Follow up,
V01849,BDM002,Prakash M,OA0528,Mobile World Infotech,2026-06-09,10:30,,New onboarding,shop closed
V01850,BDM001,Sundar R,OA0406,Saravana Communications,22/05/2026,10:21,12,Stock check,
V01851,BDM012,Yuvaraj S,OA0293,Mobile World Gadgets,2026-06-06,13:13,20,routine,asked for better margin
V01852,BDM011,Ilango M,OA0811,Big C Agencies ,14/05/2026,12:35,,Routine visit,stock displayed
V01853,BDM003,Vetri S,OA0779,Jeyam Agencies,01/07/2026,11:01,45,Follow up,
V01854,BDM012,Yuvaraj S,OA0407,Meenakshi Enterprises,06/06/2026,13:02,30,Stock check,collection pending
V01855,BDM002,Prakash M,OA0167,Meenakshi Telecom,15/05/2026,12:20,10,routine,
V01856,BDM002,Prakash M,OA0353,New Star Agencies,11/06/2026,13:59,5,,asked for better margin
V01857,BDM005,Dhanush P,OA0543,Poorvika Agencies,29/06/2026,13:26,25,,display not as per norms
V01858,BDM008,Sathya N,OA0205,Royal Mobiles,28/05/2026,10:57,5,Order,will order next week
V01859,BDM009,Gowtham S,OA0123,Muthu Mobiles,2026-06-08,12:35,5,Follow up,collection pending
V01860,BDM012,Yuvaraj S,OA0295,Sakthi Communications,2026-07-02,15:07,10,Stock check,
V01861,BDM009,Gowtham S,OA0221,Thangam Mobile,23/06/2026,17:04,30,,
V01862,BDM009,Gowtham S,OA0118,Selvam Mobile,2026-06-22,12:59,20,Follow up,collection pending
V01863,BDM008,Sathya N,OA0444,Meenakshi Mobile,05/07/2026,11:02,5,Routine visit,asked for better margin
V01864,BDM002,Prakash M,OA0022,Chennai Silks Mobiles,10/06/2026,15:50,5,Follow up,
V01865,BDM012,Yuvaraj S,OA0799,Thangam Cellpoint,02/07/2026,10:15,8,New onboarding,collection pending
V01866,BDM002,Prakash M,OA0215,Sri Krishna Electronics,12/05/2026,12:47,,routine,owner not available
V01867,BDM011,Ilango M,OA0369,Universal Mobiles,2026-05-15,10:33,45,Follow up,
V01868,BDM012,Yuvaraj S,OA0359,Amman Mobiles,27/05/2026,15:44,5,New onboarding,discussed scheme
V01869,BDM009,Gowtham S,OA0221,Thangam Mobile,10/07/2026,10:38,25,Collection,display not as per norms
V01870,BDM008,Sathya N,OA0771,Big C Communications,2026-07-22,10:50,45,Complaint,stock displayed
V01871,BDM009,Gowtham S,OA0549,Royal Gadgets,12/07/2026,11:00,25,Routine visit,
V01872,BDM006,Jegan R,OA0628,Selvam Infotech,2026-05-04,12:33,10,Follow up,discussed scheme
V01873,BDM012,Yuvaraj S,OA0522,Galaxy Telecom,03/06/2026,11:35,8,Order,owner not available
V01874,BDM007,Mohan Raj,OA0305,iStore Telecom,26/05/2026,11:59,30,,collection pending
V01875,BDM003,Vetri S,OA0277,,18/06/2026,10:59,,Stock check,stock displayed
V01876,BDM005,Dhanush P,OA0033,Sri Balaji Mobile,15/06/2026,11:50,8,Order,
V01877,BDM012,Yuvaraj S,OA0316,Saravana Cellpoint,15/06/2026,,15,Follow up,
V01878,BDM003,Vetri S,OA0779,Jeyam Agencies,15/05/2026,12:03,15,New onboarding,will order next week
V01879,BDM002,Prakash M,OA0351,Devi Infotech,11/07/2026,10:29,5,Routine visit,stock displayed
V01880,BDM002,Prakash M,OA0585,Meenakshi Cellpoint,2026-06-26,11:00,25,Routine visit,discussed scheme
V01881,BDM006,Jegan R,OA0247,iStore Infotech,01/05/2026,17:32,12,Complaint,
V01882,BDM006,Jegan R,OA0646,Vinayaga Cellpoint,19/06/2026,13:14,5,routine,
V01883,BDM009,Gowtham S,OA0257,Vinayaga Mobiles,13/05/2026,12:21,,Routine visit,
V01884,BDM003,Vetri S,OA0750,Vasanth Cellpoint,22/07/2026,14:33,8,followup,collection pending
V01885,BDM001,Sundar R,OA0408,Galaxy Infotech,2026-05-25,11:10,8,Complaint,will order next week
V01886,BDM011,Ilango M,OA0309,Ganesh Cellpoint,16/06/2026,17:26,5,Routine visit,
V01887,BDM009,Gowtham S,OA0068,Saravana Mobile,2026-07-21,14:26,,Complaint,discussed scheme
V01888,BDM011,Ilango M,OA0309,Ganesh Cellpoint,2026-07-16,11:00,15,Complaint,owner not available
V01889,BDM004,Ashok Kumar,OA0674,Thangam Enterprises,12/06/2026,14:10,30,Routine visit,
V01890,BDM001,Sundar R,OA0138,Prime Electronics,2026-07-04,11:09,20,Complaint,
V01891,BDM002,Prakash M,OA0162,Ram Mobile,2026-06-11,11:03,25,Collection,shop closed
V01892,BDM008,Sathya N,OA0785,Prime Traders,10/07/2026,11:12,,,display not as per norms
V01893,BDM009,Gowtham S,OA0458,Saravana Agencies,2026-07-27,11:56,30,Order,
V01894,BDM001,Sundar R,OA0529,iStore Enterprises,2026-06-26,12:47,10,Order,stock displayed
V01895,BDM007,Mohan Raj,OA0563,Anandha Traders,03/06/2026,11:36,15,followup,asked for better margin
V01896,BDM012,Yuvaraj S,OA0206,City Digital,12/05/2026,14:58,10,routine,shop closed
V01897,BDM007,Mohan Raj,OA0549,Royal Gadgets,2026-06-08,12:35,8,Order,
V01898,BDM009,Gowtham S,OA0690,Sangeetha Mobiles,04/07/2026,10:35,5,Complaint,discussed scheme
V01899,BDM012,Yuvaraj S,OA0121,Devi Digital,28/05/2026,14:00,20,,
V01900,BDM008,Sathya N,OA0017,Mobile World Infotech,17/07/2026,13:56,45,Order,stock displayed
V01901,BDM007,Mohan Raj,OA0111,City Infotech,2026-07-14,15:14,15,Collection,asked for better margin
V01902,BDM005,Dhanush P,OA0248,Big C Telecom,30/05/2026,12:04,25,Follow up,display not as per norms
V01903,BDM012,Yuvaraj S,OA0026,Meenakshi Infotech,02/06/2026,10:33,25,Complaint,collection pending
V01904,BDM012,Yuvaraj S,OA0733,New Star Mobile,28/07/2026,11:11,10,routine,
V01905,BDM005,Dhanush P,OA0379,iStore Communications,27/05/2026,10:04,30,Collection,
V01906,BDM012,Yuvaraj S,OA0359,Amman Mobiles,16/05/2026,13:01,8,Collection,display not as per norms
V01907,BDM003,Vetri S,OA0678,Kumaran Electronics,27/05/2026,12:00,20,,stock displayed
V01908,BDM004,Ashok Kumar,OA0202,Karpagam Communications,08/05/2026,10:26,10,Order,
V01909,BDM011,Ilango M,OA0060,,2026-07-25,10:33,10,Complaint,discussed scheme
V01910,BDM004,Ashok Kumar,OA0119,City Communications,2026-06-11,12:27,10,followup,asked for better margin
V01911,BDM011,Ilango M,OA0560,Sri Krishna Communications,2026-07-01,12:38,45,New onboarding,asked for better margin
V01912,BDM001,Sundar R,OA0437,Thangam Mobile,2026-06-05,16:13,,Order,collection pending
V01913,BDM007,Mohan Raj,OA0111,City Infotech,25/06/2026,12:18,25,,asked for better margin
V01914,BDM010,Praveen K,OA0463,Royal Cellpoint,01/07/2026,13:19,12,routine,
V01915,BDM006,Jegan R,OA0392,Karpagam Communications,16/05/2026,13:21,30,New onboarding,shop closed
V01916,BDM001,Sundar R,OA0791,Modern Telecom,01/07/2026,10:27,45,routine,stock displayed
V01917,BDM008,Sathya N,OA0523,Mobile World Mobiles,01/05/2026,13:26,15,Follow up,
V01918,BDM012,Yuvaraj S,OA0527,Devi Mobile,12/05/2026,16:00,20,Routine visit,
V01919,BDM011,Ilango M,OA0467,Devi Enterprises,2026-07-06,16:00,20,,stock displayed
V01920,BDM003,Vetri S,OA0277,,25/05/2026,15:00,,New onboarding,shop closed
V01921,BDM001,Sundar R,OA0408,Galaxy Infotech,2026-07-11,10:38,8,,
V01922,BDM002,Prakash M,OA0151,Chennai Silks Communications,18/05/2026,10:59,30,,asked for better margin
V01923,BDM001,Sundar R,OA0529,iStore Enterprises,2026-06-26,13:35,,,asked for better margin
V01924,BDM001,Sundar R,OA0298,Sri Krishna Electronics,30/07/2026,12:24,45,Follow up,
V01925,BDM003,Vetri S,OA0277,,27/05/2026,10:06,25,Order,
V01926,BDM008,Sathya N,OA0523,Mobile World Mobiles,06/07/2026,16:01,25,Complaint,owner not available
V01927,BDM003,Vetri S,OA0195,Prime Cellpoint,06/05/2026,,5,Collection,shop closed
V01928,BDM005,Dhanush P,OA0301,Amman Enterprises,14/07/2026,11:44,8,Order,
V01929,BDM008,Sathya N,OA0740,New Star Agencies,09/05/2026,12:36,12,Collection,
V01930,BDM010,Praveen K,OA0126,iStore Electronics,07/07/2026,12:07,15,New onboarding,
V01931,BDM001,Sundar R,OA0214,Sri Krishna Telecom,05/05/2026,16:21,8,Follow up,display not as per norms
V01932,BDM001,Sundar R,OA0141,Muthu Electronics,26/06/2026,15:47,,Complaint,stock displayed
V01933,BDM003,Vetri S,OA0072,Meenakshi Enterprises,15/05/2026,16:42,8,Complaint,display not as per norms
V01934,BDM008,Sathya N,OA0655,Muthu Communications,05/07/2026,13:30,,followup,owner not available
V01935,BDM012,Yuvaraj S,OA0290,iStore Communications,04/06/2026,12:16,15,Follow up,
V01936,BDM006,Jegan R,OA0124,Vasanth Electronics,09/05/2026,10:40,10,Follow up,display not as per norms
V01937,BDM004,Ashok Kumar,OA0066,Universal Traders,15/06/2026,10:22,5,Collection,
V01938,BDM007,Mohan Raj,OA0376,Selvam Agencies,2026-05-11,14:12,45,New onboarding,display not as per norms
V01939,BDM002,Prakash M,OA0531,Prime Cellpoint,2026-06-08,12:15,12,Follow up,stock displayed
V01940,BDM004,Ashok Kumar,OA0225,Karpagam Cellpoint,15/07/2026,14:44,12,Complaint,display not as per norms
V01941,BDM007,Mohan Raj,OA0563,Anandha Traders,27/05/2026,10:53,25,,
V01942,BDM003,Vetri S,OA0362,Big C Telecom,06/07/2026,12:23,15,Order,shop closed
V01943,BDM005,Dhanush P,OA0510,Prime Cellpoint,22/06/2026,10:18,12,New onboarding,shop closed
V01944,BDM004,Ashok Kumar,OA0651,iStore Digital,10/07/2026,12:17,15,followup,
V01945,BDM006,Jegan R,OA0091,Bharath Mobile,2026-06-17,11:51,20,routine,owner not available
V01946,BDM011,Ilango M,OA0218,Meenakshi Communications,27/05/2026,13:36,8,Stock check,owner not available
V01947,BDM004,Ashok Kumar,OA0777,City Communications,28/07/2026,13:00,5,Order,
V01948,BDM010,Praveen K,OA0210,Mobile World Enterprises,28/06/2026,10:11,12,routine,
V01949,BDM003,Vetri S,OA0176,Sri Krishna Cellpoint,2026-06-27,11:42,,Follow up,asked for better margin
V01950,BDM011,Ilango M,OA0369,Universal Mobiles,04/06/2026,14:28,12,,
V01951,BDM002,Prakash M,OA0503,Sri Balaji Infotech,11/07/2026,12:30,30,followup,discussed scheme
V01952,BDM012,Yuvaraj S,OA0313,Chennai Silks Digital,05/06/2026,14:17,30,routine,
V01953,BDM004,Ashok Kumar,OA0485,,2026-07-02,15:09,12,Complaint,
V01954,BDM008,Sathya N,OA0588,Sri Balaji Electronics,06/07/2026,14:54,25,Collection,
V01955,BDM002,Prakash M,OA0558,Mobile World Agencies,13/06/2026,14:12,12,followup,owner not available
V01956,BDM011,Ilango M,OA0721,Devi Agencies,11/07/2026,10:28,8,Follow up,will order next week
V01957,BDM012,Yuvaraj S,OA0358,Royal Enterprises,13/06/2026,16:53,30,followup,asked for better margin
V01958,BDM007,Mohan Raj,OA0683,Lakshmi Telecom,22/06/2026,11:15,10,Complaint,owner not available
V01959,BDM005,Dhanush P,OA0158,Ganesh Electronics,09/07/2026,10:33,8,Routine visit,
V01960,BDM011,Ilango M,OA0369,Universal Mobiles,2026-07-06,11:44,,Follow up,stock displayed
V01961,BDM003,Vetri S,OA0505,Meenakshi Mobiles,06/05/2026,12:56,45,Complaint,
V01962,BDM012,Yuvaraj S,OA0443,Lakshmi Electronics,21/06/2026,10:15,5,followup,asked for better margin
V01963,BDM008,Sathya N,OA0773,Karpagam Enterprises,2026-06-18,12:14,25,Follow up,display not as per norms
V01964,BDM009,Gowtham S,OA0656,Ram Cellpoint,14/05/2026,11:09,5,,discussed scheme
V01965,BDM009,Gowtham S,OA0268,Devi Mobiles,2026-07-06,10:16,5,Order,asked for better margin
V01966,BDM002,Prakash M,OA0812,Meenakshi Traders - Branch,04/06/2026,15:23,8,Complaint,
V01967,BDM010,Praveen K,OA0348,Poorvika Mobile,23/07/2026,11:28,12,routine,
V01968,BDM007,Mohan Raj,OA0185,New Star Cellpoint,28/05/2026,15:26,8,Complaint,
V01969,BDM003,Vetri S,OA0631,Chennai Silks Gadgets,09/07/2026,10:20,5,Follow up,
V01970,BDM001,Sundar R,OA0640,Chennai Silks Agencies,2026-05-18,10:39,30,Collection,display not as per norms
V01971,BDM006,Jegan R,OA0484,Sangeetha Gadgets,2026-05-20,12:46,5,Complaint,
V01972,BDM007,Mohan Raj,OA0117,Anandha Enterprises,11/05/2026,10:59,30,,will order next week
V01973,BDM006,Jegan R,OA0089,iStore Enterprises,17/07/2026,13:50,8,Order,will order next week
V01974,BDM011,Ilango M,OA0572,Galaxy Traders,2026-05-28,15:25,25,,
V01975,BDM001,Sundar R,OA0234,Big C Infotech,2026-07-25,15:16,15,Collection,asked for better margin
V01976,BDM002,Prakash M,OA0162,Ram Mobile,2026-05-08,11:40,30,Stock check,
V01977,BDM003,Vetri S,OA0601,Prime Agencies,20/07/2026,17:00,,Stock check,discussed scheme
V01978,BDM002,Prakash M,OA0592,iStore Electronics,2026-07-29,13:17,12,routine,owner not available
V01979,BDM008,Sathya N,OA0227,Devi Cellpoint,18/05/2026,18:02,15,Follow up,stock displayed
V01980,BDM008,Sathya N,OA0028,Anandha Enterprises,2026-07-02,12:56,30,,
V01981,BDM011,Ilango M,OA0555,Big C Infotech,09/06/2026,11:30,25,Routine visit,will order next week
V01982,BDM005,Dhanush P,OA0189,Muthu Cellpoint,2026-06-06,14:54,15,Collection,
V01983,BDM011,Ilango M,OA0381,Galaxy Mobile,30/05/2026,15:18,12,Stock check,
V01984,BDM001,Sundar R,OA0570,New Star Infotech,09/06/2026,10:01,20,Complaint,display not as per norms
V01985,BDM002,Prakash M,OA0664,New Star Traders,13/06/2026,10:03,,Collection,owner not available
V01986,BDM011,Ilango M,OA0172,iStore Electronics,25/05/2026,15:22,25,Order,
V01987,BDM005,Dhanush P,OA0347,Thangam Mobiles,16/05/2026,15:13,,Follow up,
V01988,BDM012,Yuvaraj S,OA0302,Saravana Telecom,2026-05-29,12:05,,Collection,
V01989,BDM008,Sathya N,OA0540,Karpagam Mobile,19/06/2026,10:04,,,will order next week
V01990,BDM004,Ashok Kumar,OA0685,,19/05/2026,12:41,25,routine,
V01991,BDM007,Mohan Raj,OA0580,iStore Mobiles,22/07/2026,11:07,12,Collection,
V01992,BDM010,Praveen K,OA0090,Devi Traders,10/06/2026,11:51,30,Stock check,shop closed
V01993,BDM010,Praveen K,OA0767,Royal Communications,29/05/2026,15:02,,Routine visit,
V01994,BDM007,Mohan Raj,OA0441,Bharath Enterprises,2026-07-29,13:07,45,followup,
V01995,BDM008,Sathya N,OA0692,Sri Balaji Infotech,15/05/2026,14:56,30,,discussed scheme
V01996,BDM005,Dhanush P,OA0360,Lakshmi Communications,27/05/2026,11:06,12,followup,asked for better margin
V01997,BDM005,Dhanush P,OA0600,Muthu Gadgets,2026-06-16,12:55,45,Order,
V01998,BDM011,Ilango M,OA0322,Saravana Enterprises,23/06/2026,16:22,5,Collection,owner not available
V01999,BDM011,Ilango M,OA0369,Universal Mobiles,12/07/2026,02:42,5,Stock check,
V02000,BDM009,Gowtham S,OA0175,Lakshmi Communications,26/06/2026,11:17,25,New onboarding,
V02001,BDM001,Sundar R,OA0487,Sri Krishna Enterprises,08/06/2026,12:33,8,New onboarding,will order next week
V02002,BDM007,Mohan Raj,OA0153,Galaxy Infotech,14/07/2026,03:55,30,,discussed scheme
V02003,BDM003,Vetri S,OA0601,Prime Agencies,2026-06-18,13:40,10,followup,asked for better margin
V02004,BDM005,Dhanush P,OA0494,New Star Telecom,2026-06-09,16:00,25,Collection,
V02005,BDM012,Yuvaraj S,OA0290,iStore Communications,25/06/2026,17:28,20,,owner not available
V02006,BDM004,Ashok Kumar,OA0748,Ganesh Electronics,15/07/2026,12:13,25,Stock check,
V02007,BDM010,Praveen K,OA0767,Royal Communications,09/07/2026,11:57,5,routine,
V02008,BDM011,Ilango M,OA0467,Devi Enterprises,28/06/2026,13:34,20,followup,shop closed
V02009,BDM010,Praveen K,OA0818,Selvam Agencies ,2026-07-08,12:00,20,Routine visit,shop closed
V02010,BDM008,Sathya N,OA0714,Karpagam Digital,22/06/2026,13:00,25,Routine visit,display not as per norms
V02011,BDM011,Ilango M,OA0605,Sri Krishna Infotech,09/06/2026,13:56,45,New onboarding,owner not available
V02012,BDM001,Sundar R,OA0326,Selvam Communications,2026-05-14,12:15,15,Routine visit,discussed scheme
V02013,BDM006,Jegan R,OA0445,Amman Gadgets,09/07/2026,13:57,8,Routine visit,shop closed
V02014,BDM010,Praveen K,OA0414,,14/07/2026,10:01,25,,
V02015,BDM012,Yuvaraj S,OA0295,Sakthi Communications,05/06/2026,13:26,15,Routine visit,stock displayed
V02016,BDM009,Gowtham S,OA0609,Kumaran Infotech,30/06/2026,10:02,12,routine,stock displayed
V02017,BDM003,Vetri S,OA0136,Thangam Mobile,2026-05-20,03:12,12,Order,asked for better margin
V02018,BDM012,Yuvaraj S,OA0803,Royal Enterprises - Branch,22/06/2026,14:02,10,Order,
V02019,BDM012,Yuvaraj S,OA0443,Lakshmi Electronics,26/07/2026,12:18,30,Collection,
V02020,BDM007,Mohan Raj,OA0535,Ram Traders,13/07/2026,11:54,,followup,stock displayed
V02021,BDM012,Yuvaraj S,OA0082,Royal Electronics,2026-05-12,10:33,45,Routine visit,shop closed
V02022,BDM002,Prakash M,OA0204,Sangeetha Mobiles,21/05/2026,17:06,15,New onboarding,owner not available
V02023,BDM005,Dhanush P,OA0250,Ram Enterprises,2026-07-01,11:13,10,routine,owner not available
V02024,BDM006,Jegan R,OA0415,Jeyam Electronics,09/07/2026,11:40,10,Follow up,
V02025,BDM011,Ilango M,OA0409,Amman Mobile,2026-05-01,15:07,20,Complaint,
V02026,BDM001,Sundar R,OA0065,Anandha Traders,09/06/2026,15:16,20,,collection pending
V02027,BDM006,Jegan R,OA0124,,04/06/2026,11:31,45,Collection,
V02028,BDM007,Mohan Raj,OA0117,,22/07/2026,13:15,15,followup,
V02029,BDM009,Gowtham S,OA0366,Jeyam Agencies,15/07/2026,13:54,12,Complaint,asked for better margin
V02030,BDM001,Sundar R,OA0487,Sri Krishna Enterprises,02/07/2026,15:36,10,,shop closed
V02031,BDM002,Prakash M,OA0528,Mobile World Infotech,2026-06-01,13:43,30,,
V02032,BDM007,Mohan Raj,OA0787,Ram Mobiles,24/06/2026,11:22,15,routine,display not as per norms
V02033,BDM006,Jegan R,OA0001,Bharath Traders,24/07/2026,10:53,20,followup,owner not available
V02034,BDM002,Prakash M,OA0765,Amman Cellpoint,24/07/2026,11:29,,Follow up,stock displayed
V02035,BDM006,Jegan R,OA0649,Prime Mobile,27/06/2026,10:53,45,followup,
V02036,BDM009,Gowtham S,OA0296,Galaxy Gadgets,25/07/2026,14:30,5,Routine visit,
V02037,BDM002,Prakash M,OA0592,iStore Electronics,11/05/2026,15:15,,Complaint,
V02038,BDM008,Sathya N,OA0105,Chennai Silks Agencies,2026-06-02,11:41,5,,shop closed
V02039,BDM002,Prakash M,OA0673,Karpagam Cellpoint,2026-06-25,11:28,8,routine,asked for better margin
V02040,BDM010,Praveen K,OA0447,Devi Enterprises,09/06/2026,12:07,10,Complaint,will order next week
V02041,BDM009,Gowtham S,OA0344,Galaxy Electronics,20/05/2026,11:14,8,Order,stock displayed
V02042,BDM001,Sundar R,OA0214,Sri Krishna Telecom,05/06/2026,13:07,20,New onboarding,stock displayed
V02043,BDM002,Prakash M,OA0147,Jeyam Enterprises,2026-07-20,13:46,,Collection,shop closed
V02044,BDM010,Praveen K,OA0634,Poorvika Cellpoint,26/06/2026,15:42,12,,will order next week
V02045,BDM002,Prakash M,OA0267,Vasanth Communications,2026-06-24,16:25,8,Stock check,
V02046,BDM005,Dhanush P,OA0281,iStore Communications,2026-05-20,14:22,,New onboarding,asked for better margin
V02047,BDM003,Vetri S,OA0464,Saravana Mobiles,07/07/2026,12:51,25,Follow up,stock displayed
V02048,BDM012,Yuvaraj S,OA0046,Selvam Infotech,07/05/2026,10:26,,Stock check,
V02049,BDM001,Sundar R,OA0297,New Star Mobiles,16/06/2026,12:07,,Complaint,will order next week
V02050,BDM009,Gowtham S,OA0187,Sakthi Electronics,2026-07-01,12:46,5,Routine visit,collection pending
V02051,BDM010,Praveen K,OA0638,,25/07/2026,11:59,30,,discussed scheme
V02052,BDM012,Yuvaraj S,OA0417,Muthu Enterprises,2026-06-13,11:46,8,Collection,
V02053,BDM006,Jegan R,OA0536,Bharath Traders,29/05/2026,11:36,12,routine,will order next week
V02054,BDM006,Jegan R,OA0392,Karpagam Communications,2026-05-11,11:36,8,routine,stock displayed
V02055,BDM005,Dhanush P,OA0450,Sangeetha Enterprises,10/06/2026,10:09,,Complaint,asked for better margin
V02056,BDM008,Sathya N,OA0692,Sri Balaji Infotech,16/05/2026,14:15,8,Follow up,
V02057,BDM008,Sathya N,OA0131,Thangam Digital,09/07/2026,10:36,12,Stock check,stock displayed
V02058,BDM004,Ashok Kumar,OA0149,New Star Telecom,06/07/2026,10:51,30,Complaint,stock displayed
V02059,BDM002,Prakash M,OA0525,Meenakshi Electronics,10/07/2026,10:38,10,Collection,display not as per norms
V02060,BDM010,Praveen K,OA0518,Thangam Mobile,2026-07-23,15:00,20,Routine visit,
V02061,BDM006,Jegan R,OA0392,Karpagam Communications,04/07/2026,10:37,25,Follow up,
V02062,BDM011,Ilango M,OA0605,Sri Krishna Infotech,12/05/2026,12:14,45,Follow up,
V02063,BDM001,Sundar R,OA0382,iStore Traders,2026-06-26,10:24,12,Complaint,will order next week
V02064,BDM012,Yuvaraj S,OA0121,Devi Digital,09/06/2026,10:22,12,,discussed scheme
V02065,BDM003,Vetri S,OA0188,Muthu Cellpoint,2026-05-22,10:34,10,Complaint,
V02066,BDM001,Sundar R,OA0455,Ram Mobiles,2026-07-17,14:53,15,Order,stock displayed
V02067,BDM005,Dhanush P,OA0356,Ganesh Agencies,2026-07-09,12:12,5,followup,shop closed
V02068,BDM008,Sathya N,OA0016,Universal Infotech,28/05/2026,13:34,20,routine,stock displayed
V02069,BDM011,Ilango M,OA0755,Poorvika Traders,22/05/2026,13:28,8,Stock check,collection pending
V02070,BDM006,Jegan R,OA0415,Jeyam Electronics,2026-05-29,10:52,10,Collection,stock displayed
V02071,BDM006,Jegan R,OA0415,Jeyam Electronics,08/06/2026,14:05,30,Follow up,
V02072,BDM009,Gowtham S,OA0789,Modern Cellpoint,03/06/2026,10:36,45,routine,
V02073,BDM005,Dhanush P,OA0507,,2026-06-13,11:04,25,Follow up,
V02074,BDM011,Ilango M,OA0409,Amman Mobile,22/07/2026,16:12,,Collection,will order next week
V02075,BDM001,Sundar R,OA0029,Lakshmi Traders,13/05/2026,13:06,30,Collection,
V02076,BDM009,Gowtham S,OA0650,Vinayaga Electronics,09/07/2026,16:02,25,followup,
V02077,BDM004,Ashok Kumar,OA0478,Big C Mobile,20/05/2026,12:39,15,followup,display not as per norms
V02078,BDM002,Prakash M,OA0801,SANGEETHA DIGITAL,2026-05-12,10:38,25,Follow up,
V02079,BDM005,Dhanush P,OA0738,Selvam Mobiles,08/05/2026,12:27,12,Routine visit,shop closed
V02080,BDM007,Mohan Raj,OA0563,Anandha Traders,29/05/2026,11:09,20,Collection,owner not available
V02081,BDM003,Vetri S,OA0266,,2026-05-21,11:55,8,New onboarding,
V02082,BDM012,Yuvaraj S,OA0508,Saravana Mobile,2026-05-02,15:00,20,Routine visit,
V02083,BDM003,Vetri S,OA0557,Modern Mobiles,02/07/2026,14:52,45,Stock check,
V02084,BDM005,Dhanush P,OA0258,Sangeetha Electronics,26/06/2026,12:25,8,Order,discussed scheme
V02085,BDM007,Mohan Raj,OA0426,Modern Digital,28/07/2026,12:55,25,Complaint,
V02086,BDM002,Prakash M,OA0194,Karpagam Traders,13/07/2026,13:49,30,Follow up,asked for better margin
V02087,BDM009,Gowtham S,OA0574,Amman Digital,16/05/2026,10:35,5,New onboarding,stock displayed
V02088,BDM006,Jegan R,OA0392,Karpagam Communications,22/07/2026,13:00,15,Routine visit,discussed scheme
V02089,BDM001,Sundar R,OA0406,Saravana Communications,16/05/2026,11:36,25,New onboarding,asked for better margin
V02090,BDM012,Yuvaraj S,OA0443,Lakshmi Electronics,16/07/2026,12:54,10,,
V02091,BDM009,Gowtham S,OA0607,Jeyam Digital,2026-06-12,10:29,45,Routine visit,
V02092,BDM005,Dhanush P,OA0805,Mobile World Infotech ,2026-07-01,12:59,12,Complaint,
V02093,BDM009,Gowtham S,OA0794,Muthu Mobiles,03/06/2026,14:35,10,New onboarding,shop closed
V02094,BDM001,Sundar R,OA0819,RAM COMMUNICATIONS,2026-07-29,11:49,,New onboarding,shop closed
V02095,BDM001,Sundar R,OA0551,Meenakshi Enterprises,2026-06-05,17:09,30,Collection,display not as per norms
V02096,BDM008,Sathya N,OA0802,Mobile World Mobiles,2026-05-12,10:40,25,routine,display not as per norms
V02097,BDM004,Ashok Kumar,OA0521,Meenakshi Mobile,2026-05-11,12:19,25,Collection,display not as per norms
V02098,BDM003,Vetri S,OA0362,Big C Telecom,26/05/2026,10:16,12,followup,will order next week
V02099,BDM012,Yuvaraj S,OA0302,Saravana Telecom,2026-05-05,16:06,20,New onboarding,
V02100,BDM001,Sundar R,OA0139,Galaxy Infotech,23/05/2026,11:36,8,Collection,
V02101,BDM006,Jegan R,OA0124,Vasanth Electronics,2026-05-07,12:15,10,New onboarding,stock displayed
V02102,BDM008,Sathya N,OA0740,New Star Agencies,2026-07-11,10:34,25,Routine visit,owner not available
V02103,BDM003,Vetri S,OA0243,Jeyam Digital,16/06/2026,12:02,5,Collection,
V02104,BDM007,Mohan Raj,OA0526,Galaxy Cellpoint,16/05/2026,10:38,45,Stock check,will order next week
V02105,BDM006,Jegan R,OA0080,Chennai Silks Enterprises,2026-06-19,12:28,15,Order,shop closed
V02106,BDM006,Jegan R,OA0715,Kumaran Electronics,09/07/2026,12:49,25,,asked for better margin
V02107,BDM002,Prakash M,OA0546,Ganesh Agencies,13/06/2026,12:12,12,followup,
V02108,BDM008,Sathya N,OA0227,Devi Cellpoint,2026-07-06,14:07,,,
V02109,BDM006,Jegan R,OA0611,Royal Traders,2026-05-11,14:21,,Complaint,owner not available
V02110,BDM008,Sathya N,OA0584,iStore Electronics,18/07/2026,16:15,15,Stock check,asked for better margin
V02111,BDM009,Gowtham S,OA0276,,29/07/2026,10:31,10,Complaint,discussed scheme
V02112,BDM008,Sathya N,OA0131,Thangam Digital,2026-07-17,11:23,30,Collection,asked for better margin
V02113,BDM010,Praveen K,OA0348,Poorvika Mobile,07/07/2026,12:13,30,Follow up,asked for better margin
V02114,BDM001,Sundar R,OA0570,New Star Infotech,18/06/2026,15:11,30,routine,display not as per norms
V02115,BDM002,Prakash M,OA0457,Jeyam Traders,12/06/2026,11:55,,,
V02116,BDM010,Praveen K,OA0702,,14/05/2026,10:19,12,New onboarding,collection pending
V02117,BDM011,Ilango M,OA0544,Sri Balaji Telecom,2026-06-23,10:37,,New onboarding,
V02118,BDM007,Mohan Raj,OA0185,New Star Cellpoint,17/06/2026,11:23,20,,will order next week
V02119,BDM010,Praveen K,OA0380,Modern Traders,14/07/2026,13:06,30,Complaint,display not as per norms
V02120,BDM011,Ilango M,OA0556,Amman Traders,2026-06-07,,10,Routine visit,
V02121,BDM001,Sundar R,OA0436,Vinayaga Agencies,20/05/2026,10:03,20,Collection,stock displayed
V02122,BDM008,Sathya N,OA0540,Karpagam Mobile,2026-07-22,12:46,45,Complaint,collection pending
V02123,BDM012,Yuvaraj S,OA0358,Royal Enterprises,2026-07-01,03:13,20,routine,owner not available
V02124,BDM008,Sathya N,OA0566,Ganesh Gadgets,2026-06-05,11:33,5,,
V02125,BDM002,Prakash M,OA0818,Selvam Agencies ,23/07/2026,14:16,8,Follow up,
V02126,BDM003,Vetri S,OA0601,Prime Agencies,29/06/2026,12:37,,Collection,discussed scheme
V02127,BDM003,Vetri S,OA0541,Chennai Silks Mobiles,25/06/2026,,15,New onboarding,
V02128,BDM009,Gowtham S,OA0404,Saravana Gadgets,29/07/2026,11:00,25,Routine visit,display not as per norms
V02129,BDM009,Gowtham S,OA0006,Bharath Telecom,01/06/2026,11:07,30,Routine visit,
V02130,BDM009,Gowtham S,OA0268,Devi Mobiles,29/06/2026,12:51,10,New onboarding,display not as per norms
V02131,BDM011,Ilango M,OA0172,iStore Electronics,29/05/2026,13:26,25,New onboarding,stock displayed
V02132,BDM003,Vetri S,OA0064,Sakthi Cellpoint,2026-06-04,13:42,20,followup,stock displayed
V02133,BDM011,Ilango M,OA0409,Amman Mobile,2026-05-19,15:35,20,,
V02134,BDM007,Mohan Raj,OA0426,Modern Digital,08/06/2026,13:16,8,followup,shop closed
V02135,BDM001,Sundar R,OA0003,Anandha Enterprises,2026-06-04,10:01,25,Routine visit,
V02136,BDM007,Mohan Raj,OA0262,Muthu Enterprises,28/06/2026,12:22,25,routine,will order next week
V02137,BDM003,Vetri S,OA0107,Sri Krishna Traders,18/06/2026,10:00,30,Routine visit,will order next week
V02138,BDM008,Sathya N,OA0113,Sakthi Infotech,27/07/2026,10:12,8,Stock check,
V02139,BDM012,Yuvaraj S,OA0368,Anandha Telecom,16/05/2026,12:35,,Routine visit,asked for better margin
V02140,BDM006,Jegan R,OA0628,Selvam Infotech,21/07/2026,12:10,5,Collection,display not as per norms
V02141,BDM007,Mohan Raj,OA0231,Lakshmi Gadgets,10/07/2026,10:12,5,routine,collection pending
V02142,BDM012,Yuvaraj S,OA0449,Muthu Mobile,2026-05-25,12:44,15,New onboarding,will order next week
V02143,BDM004,Ashok Kumar,OA0651,iStore Digital,23/06/2026,12:12,,Order,
V02144,BDM005,Dhanush P,OA0507,Galaxy Traders,20/05/2026,11:20,20,,will order next week
V02145,BDM007,Mohan Raj,OA0787,Ram Mobiles,12/05/2026,13:37,20,Follow up,discussed scheme
V02146,BDM012,Yuvaraj S,OA0604,Meenakshi Enterprises,26/06/2026,11:32,15,Routine visit,stock displayed
V02147,BDM005,Dhanush P,OA0585,Meenakshi Cellpoint,09/06/2026,15:01,30,Order,
V02148,BDM008,Sathya N,OA0105,Chennai Silks Agencies,07/07/2026,13:17,25,Follow up,
V02149,BDM010,Praveen K,OA0135,Selvam Mobiles,02/07/2026,11:48,45,Routine visit,will order next week
V02150,BDM008,Sathya N,OA0143,Chennai Silks Communications,19/05/2026,11:13,10,,asked for better margin
V02151,BDM010,Praveen K,OA0265,Chennai Silks Cellpoint,14/05/2026,10:48,12,routine,owner not available
V02152,BDM002,Prakash M,OA0420,Saravana Mobile,2026-05-25,10:10,8,routine,display not as per norms
V02153,BDM004,Ashok Kumar,OA0651,iStore Digital,12/05/2026,15:18,20,followup,
V02154,BDM003,Vetri S,OA0779,Jeyam Agencies,09/07/2026,14:11,8,Complaint,asked for better margin
V02155,BDM009,Gowtham S,OA0366,Jeyam Agencies,21/05/2026,11:20,12,Follow up,
V02156,BDM005,Dhanush P,OA0561,Muthu Cellpoint,27/06/2026,12:41,,New onboarding,shop closed
V02157,BDM008,Sathya N,OA0711,,06/06/2026,10:06,8,,asked for better margin
V02158,BDM002,Prakash M,OA0474,Mobile World Electronics,05/06/2026,15:34,,Stock check,discussed scheme
V02159,BDM002,Prakash M,OA0294,Sri Balaji Infotech,2026-05-25,13:53,,Complaint,display not as per norms
V02160,BDM004,Ashok Kumar,OA0780,Devi Infotech,12/05/2026,13:50,,Routine visit,shop closed
V02161,BDM003,Vetri S,OA0288,Modern Telecom,17/07/2026,14:37,20,,will order next week
V02162,BDM006,Jegan R,OA0304,Chennai Silks Enterprises,28/06/2026,14:39,20,followup,owner not available
V02163,BDM011,Ilango M,OA0409,Amman Mobile,01/05/2026,14:14,10,Follow up,
V02164,BDM010,Praveen K,OA0128,Prime Infotech,15/06/2026,10:24,20,followup,
V02165,BDM007,Mohan Raj,OA0069,Mobile World Infotech,10/06/2026,11:00,25,Routine visit,
V02166,BDM005,Dhanush P,OA0654,Anandha Mobiles,21/05/2026,13:25,,Complaint,
V02167,BDM009,Gowtham S,OA0397,Vasanth Traders,27/05/2026,14:44,5,Order,
V02168,BDM011,Ilango M,OA0495,iStore Gadgets,2026-06-05,14:46,25,Complaint,
V02169,BDM004,Ashok Kumar,OA0748,Ganesh Electronics,09/06/2026,13:15,45,routine,owner not available
V02170,BDM007,Mohan Raj,OA0710,Karpagam Agencies,2026-07-30,16:38,30,New onboarding,discussed scheme
V02171,BDM003,Vetri S,OA0676,Prime Cellpoint,2026-05-14,10:14,30,Follow up,
V02172,BDM006,Jegan R,OA0518,Thangam Mobile,28/06/2026,11:51,30,,discussed scheme
V02173,BDM005,Dhanush P,OA0248,Big C Telecom,2026-05-09,12:38,,Complaint,
V02174,BDM008,Sathya N,OA0444,Meenakshi Mobile,12/06/2026,11:02,20,routine,asked for better margin
V02175,BDM009,Gowtham S,OA0656,Ram Cellpoint,07/05/2026,17:06,20,New onboarding,asked for better margin
V02176,BDM007,Mohan Raj,OA0376,Selvam Agencies,22/07/2026,13:44,5,Collection,
V02177,BDM012,Yuvaraj S,OA0302,Saravana Telecom,2026-06-05,11:46,10,,
V02178,BDM002,Prakash M,OA0684,City Digital,2026-06-29,14:53,15,Order,discussed scheme
V02179,BDM010,Praveen K,OA0633,Chennai Silks Cellpoint,2026-05-18,10:37,,followup,shop closed
V02180,BDM006,Jegan R,OA0423,Bharath Electronics,2026-05-07,14:14,5,routine,
V02181,BDM001,Sundar R,OA0400,Sri Balaji Traders,2026-06-04,12:33,20,Follow up,shop closed
V02182,BDM010,Praveen K,OA0317,Jeyam Digital,24/06/2026,10:15,15,Order,stock displayed
V02183,BDM012,Yuvaraj S,OA0770,Sri Krishna Agencies,2026-07-29,12:50,,Collection,collection pending
V02184,BDM005,Dhanush P,OA0393,Sangeetha Electronics,22/06/2026,12:41,10,Collection,
V02185,BDM011,Ilango M,OA0666,Anandha Gadgets,12/05/2026,14:02,45,followup,
V02186,BDM003,Vetri S,OA0810,Amman Cellpoint,06/07/2026,13:04,,Collection,
V02187,BDM011,Ilango M,OA0200,,26/05/2026,10:45,10,Follow up,collection pending
V02188,BDM006,Jegan R,OA0453,Sri Krishna Digital,23/07/2026,12:20,45,followup,shop closed
V02189,BDM005,Dhanush P,OA0573,Muthu Communications,09/07/2026,14:11,12,Follow up,
V02190,BDM009,Gowtham S,OA0656,Ram Cellpoint,04/07/2026,12:12,10,Collection,
V02191,BDM006,Jegan R,OA0429,Sri Balaji Telecom,2026-07-17,12:22,25,Complaint,collection pending
V02192,BDM011,Ilango M,OA0577,Saravana Digital,09/05/2026,11:45,10,New onboarding,shop closed
V02193,BDM004,Ashok Kumar,OA0485,Ram Traders,2026-06-21,12:47,15,New onboarding,
V02194,BDM010,Praveen K,OA0806,Modern Communications ,16/07/2026,10:15,10,,will order next week
V02195,BDM011,Ilango M,OA0565,Ram Traders,08/06/2026,16:33,8,Order,
V02196,BDM007,Mohan Raj,OA0039,Big C Electronics,27/06/2026,15:11,15,Routine visit,discussed scheme
V02197,BDM004,Ashok Kumar,OA0545,Vasanth Agencies,29/05/2026,11:21,10,Collection,collection pending
V02198,BDM004,Ashok Kumar,OA0149,New Star Telecom,03/06/2026,16:46,10,followup,collection pending
V02199,BDM003,Vetri S,OA0610,,13/07/2026,17:09,15,Follow up,stock displayed
V02200,BDM007,Mohan Raj,OA0778,Vasanth Infotech,2026-06-20,17:00,20,Routine visit,will order next week
V02201,BDM006,Jegan R,OA0518,Thangam Mobile,2026-06-24,11:31,15,Order,
V02202,BDM001,Sundar R,OA0437,Thangam Mobile,2026-07-27,14:58,12,Stock check,display not as per norms
V02203,BDM003,Vetri S,OA0144,Modern Telecom,09/05/2026,13:06,30,New onboarding,
V02204,BDM012,Yuvaraj S,OA0443,Lakshmi Electronics,2026-06-06,13:04,8,Follow up,
V02205,BDM012,Yuvaraj S,OA0694,,26/05/2026,12:56,20,Order,
V02206,BDM004,Ashok Kumar,OA0036,Jeyam Digital,2026-07-03,15:56,45,New onboarding,display not as per norms
V02207,BDM012,Yuvaraj S,OA0208,Universal Mobile,04/07/2026,13:40,,New onboarding,display not as per norms
V02208,BDM006,Jegan R,OA0628,Selvam Infotech,04/07/2026,11:23,25,Complaint,
V02209,BDM010,Praveen K,OA0321,Vasanth Enterprises,20/07/2026,11:00,8,Routine visit,will order next week
V02210,BDM006,Jegan R,OA0178,Prime Communications,2026-05-27,,,Collection,shop closed
V02211,BDM001,Sundar R,OA0551,Meenakshi Enterprises,09/06/2026,11:05,20,Order,
V02212,BDM001,Sundar R,OA0437,Thangam Mobile,02/06/2026,11:56,12,,will order next week
V02213,BDM011,Ilango M,OA0454,Muthu Electronics,2026-07-15,10:46,20,Routine visit,will order next week
V02214,BDM004,Ashok Kumar,OA0264,Thangam Enterprises,2026-06-21,11:11,30,Complaint,shop closed
V02215,BDM003,Vetri S,OA0198,Devi Mobile,2026-05-22,12:43,10,New onboarding,stock displayed
V02216,BDM011,Ilango M,OA0755,Poorvika Traders,02/06/2026,15:04,15,,stock displayed
V02217,BDM002,Prakash M,OA0774,Meenakshi Agencies,30/05/2026,11:09,,routine,discussed scheme
V02218,BDM011,Ilango M,OA0346,Amman Communications,14/05/2026,16:00,25,Routine visit,stock displayed
V02219,BDM011,Ilango M,OA0653,City Communications,03/07/2026,14:34,45,followup,
V02220,BDM003,Vetri S,OA0333,City Communications,2026-07-11,11:17,45,Complaint,owner not available
V02221,BDM007,Mohan Raj,OA0312,Meenakshi Traders,08/06/2026,15:00,25,Routine visit,discussed scheme
V02222,BDM008,Sathya N,OA0519,Sakthi Cellpoint,27/05/2026,11:06,10,Order,stock displayed
V02223,BDM012,Yuvaraj S,OA0461,Chennai Silks Traders,29/05/2026,14:33,5,Stock check,
V02224,BDM012,Yuvaraj S,OA0365,Meenakshi Telecom,08/05/2026,10:58,8,Routine visit,
V02225,BDM001,Sundar R,OA0003,Anandha Enterprises,13/06/2026,13:29,8,Follow up,
V02226,BDM001,Sundar R,OA0098,Vasanth Enterprises,2026-05-13,11:18,20,Routine visit,
V02227,BDM012,Yuvaraj S,OA0576,Lakshmi Digital,2026-07-29,15:26,15,Complaint,stock displayed
V02228,BDM007,Mohan Raj,OA0526,Galaxy Cellpoint,28/06/2026,11:19,12,Stock check,owner not available
V02229,BDM004,Ashok Kumar,OA0286,,04/05/2026,10:55,25,New onboarding,
V02230,BDM012,Yuvaraj S,OA0181,Mobile World Telecom,29/06/2026,12:01,15,Collection,shop closed
V02231,BDM002,Prakash M,OA0482,New Star Digital,2026-07-03,11:10,5,Complaint,discussed scheme
V02232,BDM004,Ashok Kumar,OA0670,Jeyam Digital,2026-06-15,13:08,25,Routine visit,asked for better margin
V02233,BDM005,Dhanush P,OA0110,Modern Traders,2026-06-15,10:16,,Complaint,
V02234,BDM010,Praveen K,OA0402,Kumaran Digital,11/06/2026,14:47,12,followup,display not as per norms
V02235,BDM003,Vetri S,OA0502,Lakshmi Gadgets,05/05/2026,15:16,30,Follow up,
V02236,BDM011,Ilango M,OA0556,Amman Traders,27/07/2026,10:40,5,New onboarding,
V02237,BDM012,Yuvaraj S,OA0698,Sri Balaji Gadgets,02/05/2026,12:58,30,Order,will order next week
V02238,BDM012,Yuvaraj S,OA0576,Lakshmi Digital,09/07/2026,10:56,10,Follow up,collection pending
V02239,BDM008,Sathya N,OA0665,Muthu Enterprises,2026-05-06,14:17,12,Stock check,shop closed
V02240,BDM007,Mohan Raj,OA0117,Anandha Enterprises,2026-06-16,11:47,45,routine,will order next week
V02241,BDM004,Ashok Kumar,OA0748,Ganesh Electronics,2026-07-05,12:40,10,Order,will order next week
V02242,BDM010,Praveen K,OA0398,Chennai Silks Mobile,22/07/2026,12:53,30,followup,stock displayed
V02243,BDM003,Vetri S,OA0136,,25/05/2026,11:07,,,discussed scheme
V02244,BDM010,Praveen K,OA0135,,25/05/2026,11:10,45,followup,
V02245,BDM001,Sundar R,OA0396,Saravana Agencies,26/07/2026,23:11,,Complaint,discussed scheme
V02246,BDM005,Dhanush P,OA0738,Selvam Mobiles,2026-05-23,11:23,25,Stock check,stock displayed
V02247,BDM003,Vetri S,OA0161,New Star Infotech,2026-05-30,14:40,25,Order,display not as per norms
V02248,BDM012,Yuvaraj S,OA0114,Selvam Electronics,17/06/2026,13:15,12,Stock check,will order next week
V02249,BDM011,Ilango M,OA0621,Mobile World Enterprises,06/07/2026,16:47,15,routine,
V02250,BDM008,Sathya N,OA0629,Big C Traders,05/06/2026,10:56,,routine,stock displayed
V02251,BDM004,Ashok Kumar,OA0679,Vasanth Gadgets,09/07/2026,10:26,20,New onboarding,
V02252,BDM011,Ilango M,OA0309,Ganesh Cellpoint,17/06/2026,11:49,25,,
V02253,BDM002,Prakash M,OA0500,Karpagam Infotech,08/05/2026,17:08,30,routine,collection pending
V02254,BDM011,Ilango M,OA0755,Poorvika Traders,2026-05-20,13:17,,New onboarding,display not as per norms
V02255,BDM005,Dhanush P,OA0757,Universal Enterprises,16/07/2026,14:28,25,Complaint,shop closed
V02256,BDM011,Ilango M,OA0671,Vasanth Traders,21/05/2026,11:05,15,,shop closed
V02257,BDM009,Gowtham S,OA0459,Amman Mobiles,10/06/2026,14:09,5,Routine visit,
V02258,BDM011,Ilango M,OA0109,Bharath Infotech,2026-05-30,11:42,45,followup,discussed scheme
V02259,BDM005,Dhanush P,OA0696,Sakthi Cellpoint,27/05/2026,16:12,45,Stock check,display not as per norms
V02260,BDM001,Sundar R,OA0539,Ram Infotech,22/05/2026,16:15,25,Order,asked for better margin
V02261,BDM005,Dhanush P,OA0049,Anandha Infotech,07/07/2026,12:25,25,Order,shop closed
V02262,BDM005,Dhanush P,OA0250,Ram Enterprises,04/07/2026,10:01,30,Stock check,owner not available
V02263,BDM003,Vetri S,OA0502,Lakshmi Gadgets,03/07/2026,10:13,5,New onboarding,asked for better margin
V02264,BDM010,Praveen K,OA0383,Bharath Mobile,03/06/2026,17:12,20,Complaint,shop closed
V02265,BDM007,Mohan Raj,OA0312,Meenakshi Traders,25/05/2026,13:00,25,Routine visit,owner not available
V02266,BDM012,Yuvaraj S,OA0316,Saravana Cellpoint,23/07/2026,10:35,15,followup,shop closed
V02267,BDM011,Ilango M,OA0534,Royal Traders,2026-06-13,13:03,25,New onboarding,stock displayed
V02268,BDM012,Yuvaraj S,OA0508,Saravana Mobile,2026-07-25,15:00,20,Routine visit,
V02269,BDM010,Praveen K,OA0126,iStore Electronics,04/07/2026,13:59,12,routine,shop closed
V02270,BDM011,Ilango M,OA0300,Sri Krishna Gadgets,2026-06-05,11:40,8,Follow up,collection pending
V02271,BDM002,Prakash M,OA0422,Anandha Agencies,08/06/2026,13:03,25,Complaint,will order next week
V02272,BDM005,Dhanush P,OA0696,Sakthi Cellpoint,2026-06-17,10:28,25,Stock check,discussed scheme
V02273,BDM005,Dhanush P,OA0494,New Star Telecom,30/05/2026,14:54,10,Stock check,
V02274,BDM003,Vetri S,OA0601,Prime Agencies,17/07/2026,11:44,,Stock check,asked for better margin
V02275,BDM008,Sathya N,OA0655,Muthu Communications,15/05/2026,15:36,12,New onboarding,asked for better margin
V02276,BDM012,Yuvaraj S,OA0550,Galaxy Mobile,02/05/2026,11:09,10,New onboarding,will order next week
V02277,BDM006,Jegan R,OA0499,Selvam Digital,18/07/2026,13:20,10,Complaint,
V02278,BDM007,Mohan Raj,OA0549,Royal Gadgets,07/05/2026,13:55,10,Stock check,discussed scheme
V02279,BDM001,Sundar R,OA0815,BIG C INFOTECH,08/06/2026,10:54,15,Routine visit,owner not available
V02280,BDM011,Ilango M,OA0191,Devi Mobile,02/05/2026,16:07,12,followup,
V02281,BDM006,Jegan R,OA0448,Devi Enterprises,09/06/2026,16:47,12,Order,
V02282,BDM002,Prakash M,OA0546,,24/06/2026,14:07,5,Follow up,
V02283,BDM001,Sundar R,OA0051,Muthu Cellpoint,29/07/2026,11:04,10,Routine visit,owner not available
V02284,BDM009,Gowtham S,OA0718,Vinayaga Infotech,2026-06-10,10:18,5,New onboarding,will order next week
V02285,BDM012,Yuvaraj S,OA0698,Sri Balaji Gadgets,21/06/2026,11:07,8,Follow up,shop closed
V02286,BDM008,Sathya N,OA0472,Big C Gadgets,05/07/2026,12:39,15,,
V02287,BDM011,Ilango M,OA0759,Ram Infotech,22/07/2026,14:21,45,New onboarding,
V02288,BDM002,Prakash M,OA0558,Mobile World Agencies,23/07/2026,15:58,15,followup,display not as per norms
V02289,BDM011,Ilango M,OA0735,Royal Digital,2026-05-12,14:35,,Complaint,will order next week
V02290,BDM011,Ilango M,OA0620,Ganesh Infotech,13/07/2026,10:23,,,collection pending
V02291,BDM005,Dhanush P,OA0015,Saravana Gadgets,18/07/2026,11:52,30,Order,owner not available
V02292,BDM003,Vetri S,OA0053,Big C Agencies,2026-05-22,13:15,8,Complaint,
V02293,BDM007,Mohan Raj,OA0427,Vinayaga Mobile,2026-07-25,11:33,45,,stock displayed
V02294,BDM005,Dhanush P,OA0738,Selvam Mobiles,19/06/2026,11:50,12,New onboarding,
V02295,BDM005,Dhanush P,OA0084,Galaxy Mobile,2026-07-02,12:01,30,Stock check,will order next week
V02296,BDM006,Jegan R,OA0423,Bharath Electronics,27/06/2026,10:07,45,Order,
V02297,BDM009,Gowtham S,OA0296,Galaxy Gadgets,2026-07-18,13:41,8,Complaint,shop closed
V02298,BDM003,Vetri S,OA0654,Anandha Mobiles,07/06/2026,15:15,20,Collection,
V02299,BDM007,Mohan Raj,OA0377,New Star Mobiles,06/05/2026,11:54,12,Stock check,
V02300,BDM002,Prakash M,OA0151,Chennai Silks Communications,2026-05-29,10:04,15,,
V02301,BDM012,Yuvaraj S,OA0644,Karpagam Enterprises,23/07/2026,10:03,,Order,
V02302,BDM003,Vetri S,OA0477,,2026-06-24,10:59,45,Follow up,
V02303,BDM001,Sundar R,OA0214,Sri Krishna Telecom,26/06/2026,11:15,,Order,stock displayed
V02304,BDM008,Sathya N,OA0629,Big C Traders,29/06/2026,11:10,20,Order,display not as per norms
V02305,BDM006,Jegan R,OA0044,Muthu Mobiles,2026-06-04,10:31,45,Order,collection pending
V02306,BDM008,Sathya N,OA0523,Mobile World Mobiles,04/06/2026,10:37,8,New onboarding,discussed scheme
V02307,BDM005,Dhanush P,OA0561,Muthu Cellpoint,2026-06-16,10:36,20,,display not as per norms
V02308,BDM001,Sundar R,OA0029,Lakshmi Traders,12/06/2026,12:24,8,followup,shop closed
V02309,BDM008,Sathya N,OA0727,Royal Electronics,27/05/2026,16:03,5,followup,
V02310,BDM002,Prakash M,OA0160,Jeyam Electronics,24/05/2026,16:03,15,New onboarding,
V02311,BDM002,Prakash M,OA0585,Meenakshi Cellpoint,24/07/2026,13:00,25,Routine visit,will order next week
V02312,BDM007,Mohan Raj,OA0377,New Star Mobiles,27/05/2026,14:36,12,Routine visit,shop closed
V02313,BDM012,Yuvaraj S,OA0443,Lakshmi Electronics,2026-06-29,14:05,45,Complaint,shop closed
V02314,BDM002,Prakash M,OA0500,Karpagam Infotech,2026-06-04,11:39,20,,display not as per norms
V02315,BDM006,Jegan R,OA0070,Big C Digital,2026-06-11,11:36,30,Collection,
V02316,BDM002,Prakash M,OA0242,Mobile World Electronics,2026-07-15,16:11,5,Collection,
V02317,BDM004,Ashok Kumar,OA0363,Saravana Mobiles,06/07/2026,11:29,12,Stock check,owner not available
V02318,BDM008,Sathya N,OA0523,Mobile World Mobiles,02/07/2026,15:47,20,Collection,discussed scheme
V02319,BDM002,Prakash M,OA0428,Ganesh Communications,13/07/2026,15:21,8,followup,stock displayed
V02320,BDM004,Ashok Kumar,OA0679,Vasanth Gadgets,2026-05-06,11:22,8,,stock displayed
V02321,BDM004,Ashok Kumar,OA0511,Thangam Telecom,02/06/2026,11:04,15,New onboarding,shop closed
V02322,BDM005,Dhanush P,OA0585,Meenakshi Cellpoint,2026-06-05,10:00,12,Complaint,stock displayed
V02323,BDM012,Yuvaraj S,OA0770,Sri Krishna Agencies,2026-06-05,15:21,,Order,
V02324,BDM010,Praveen K,OA0217,Devi Electronics,2026-05-18,13:15,20,,
V02325,BDM009,Gowtham S,OA0199,Muthu Enterprises,2026-05-23,12:00,5,Complaint,
V02326,BDM009,Gowtham S,OA0458,Saravana Agencies,06/06/2026,10:11,12,Follow up,
V02327,BDM006,Jegan R,OA0178,Prime Communications,06/07/2026,10:14,12,Complaint,display not as per norms
V02328,BDM001,Sundar R,OA0163,Sri Krishna Communications,15/06/2026,10:28,5,Order,asked for better margin
V02329,BDM009,Gowtham S,OA0344,Galaxy Electronics,2026-05-19,13:08,,Routine visit,
V02330,BDM010,Praveen K,OA0310,Devi Digital,12/06/2026,13:23,10,Complaint,collection pending
V02331,BDM003,Vetri S,OA0130,iStore Electronics,2026-05-18,16:34,,followup,discussed scheme
V02332,BDM010,Praveen K,OA0126,iStore Electronics,2026-06-26,16:30,,Collection,
V02333,BDM002,Prakash M,OA0525,,18/05/2026,11:33,,routine,will order next week
V02334,BDM012,Yuvaraj S,OA0461,Chennai Silks Traders,2026-06-09,11:23,10,routine,
V02335,BDM001,Sundar R,OA0437,Thangam Mobile,13/05/2026,14:42,25,Order,stock displayed
V02336,BDM010,Praveen K,OA0321,Vasanth Enterprises,25/05/2026,02:53,30,Order,shop closed
V02337,BDM006,Jegan R,OA0085,Prime Enterprises,2026-06-10,12:22,25,Collection,
V02338,BDM008,Sathya N,OA0140,,18/05/2026,11:46,15,New onboarding,display not as per norms
V02339,BDM009,Gowtham S,OA0187,Sakthi Electronics,09/07/2026,10:36,,routine,stock displayed
V02340,BDM011,Ilango M,OA0255,Selvam Gadgets,2026-05-07,11:51,10,Routine visit,owner not available
V02341,BDM005,Dhanush P,OA0805,Mobile World Infotech ,23/06/2026,12:14,20,Stock check,display not as per norms
V02342,BDM005,Dhanush P,OA0189,Muthu Cellpoint,27/05/2026,15:08,8,Order,shop closed
V02343,BDM009,Gowtham S,OA0331,Kumaran Electronics,10/07/2026,16:05,30,routine,owner not available
V02344,BDM008,Sathya N,OA0108,Anandha Mobiles,19/05/2026,14:38,8,Order,asked for better margin
V02345,BDM001,Sundar R,OA0159,Meenakshi Mobiles,2026-05-27,13:57,45,,display not as per norms
V02346,BDM003,Vetri S,OA0786,Vasanth Electronics,17/07/2026,10:04,,Routine visit,stock displayed
V02347,BDM005,Dhanush P,OA0275,Poorvika Electronics,2026-06-05,,20,Complaint,display not as per norms
V02348,BDM006,Jegan R,OA0423,Bharath Electronics,29/06/2026,14:38,45,Collection,shop closed
V02349,BDM009,Gowtham S,OA0627,Jeyam Digital,01/06/2026,12:21,25,Order,discussed scheme
V02350,BDM011,Ilango M,OA0572,Galaxy Traders,2026-05-19,10:50,,followup,
V02351,BDM009,Gowtham S,OA0287,,2026-06-02,14:40,12,Collection,
V02352,BDM003,Vetri S,OA0645,Karpagam Telecom,2026-06-15,12:22,8,Stock check,asked for better margin
V02353,BDM004,Ashok Kumar,OA0292,Saravana Digital,25/07/2026,11:22,25,Follow up,
V02354,BDM002,Prakash M,OA0022,Chennai Silks Mobiles,2026-05-08,17:05,30,Collection,asked for better margin
V02355,BDM003,Vetri S,OA0053,Big C Agencies,22/07/2026,12:56,30,New onboarding,shop closed
V02356,BDM011,Ilango M,OA0078,,11/06/2026,15:30,12,Collection,shop closed
V02357,BDM012,Yuvaraj S,OA0226,Poorvika Gadgets,2026-06-10,15:18,15,Follow up,asked for better margin
V02358,BDM008,Sathya N,OA0241,Muthu Digital,09/06/2026,10:56,30,Complaint,asked for better margin
V02359,BDM007,Mohan Raj,OA0686,Royal Electronics,2026-07-25,15:03,25,followup,collection pending
V02360,BDM011,Ilango M,OA0555,Big C Infotech,27/05/2026,11:19,10,Collection,will order next week
V02361,BDM012,Yuvaraj S,OA0729,Amman Gadgets,20/07/2026,10:00,20,followup,
V02362,BDM008,Sathya N,OA0567,City Gadgets,09/07/2026,15:52,10,,owner not available
V02363,BDM003,Vetri S,OA0505,Meenakshi Mobiles,2026-06-24,10:30,20,routine,shop closed
V02364,BDM012,Yuvaraj S,OA0698,Sri Balaji Gadgets,30/06/2026,11:31,5,followup,
V02365,BDM001,Sundar R,OA0003,Anandha Enterprises,2026-06-09,13:27,8,Order,shop closed
V02366,BDM010,Praveen K,OA0726,Sri Balaji Traders,21/05/2026,11:27,25,Order,will order next week
V02367,BDM010,Praveen K,OA0317,Jeyam Digital,22/05/2026,11:58,5,routine,
V02368,BDM006,Jegan R,OA0662,Vinayaga Mobile,29/06/2026,12:03,30,,will order next week
V02369,BDM006,Jegan R,OA0390,Vasanth Enterprises,29/06/2026,11:11,5,routine,owner not available
V02370,BDM012,Yuvaraj S,OA0764,Anandha Infotech,2026-05-18,11:51,5,,display not as per norms
V02371,BDM004,Ashok Kumar,OA0745,Thangam Telecom,06/06/2026,12:38,30,Order,discussed scheme
V02372,BDM010,Praveen K,OA0414,iStore Agencies,06/07/2026,12:41,30,Collection,shop closed
V02373,BDM002,Prakash M,OA0660,Universal Mobile,03/06/2026,10:28,20,Order,
V02374,BDM012,Yuvaraj S,OA0319,Sri Krishna Mobile,14/06/2026,10:30,8,followup,
V02375,BDM008,Sathya N,OA0527,Devi Mobile,09/07/2026,15:26,,followup,collection pending
V02376,BDM010,Praveen K,OA0463,Royal Cellpoint,14/07/2026,12:06,12,Collection,stock displayed
V02377,BDM012,Yuvaraj S,OA0604,Meenakshi Enterprises,27/07/2026,10:39,,Complaint,shop closed
V02378,BDM008,Sathya N,OA0802,Mobile World Mobiles,2026-07-20,11:38,20,Routine visit,owner not available
V02379,BDM007,Mohan Raj,OA0101,Lakshmi Cellpoint,22/07/2026,10:07,30,Follow up,stock displayed
V02380,BDM005,Dhanush P,OA0250,Ram Enterprises,12/05/2026,10:17,8,Routine visit,
V02381,BDM003,Vetri S,OA0107,Sri Krishna Traders,16/07/2026,17:00,30,Routine visit,will order next week
V02382,BDM009,Gowtham S,OA0296,Galaxy Gadgets,04/05/2026,11:20,20,Routine visit,shop closed
V02383,BDM005,Dhanush P,OA0647,Devi Infotech,27/06/2026,10:06,12,followup,discussed scheme
V02384,BDM002,Prakash M,OA0160,Jeyam Electronics,2026-05-29,16:13,20,Follow up,owner not available
V02385,BDM011,Ilango M,OA0079,Vasanth Electronics,22/05/2026,10:24,,Order,will order next week
V02386,BDM003,Vetri S,OA0557,Modern Mobiles,29/07/2026,13:00,20,Follow up,owner not available
V02387,BDM008,Sathya N,OA0323,Vinayaga Traders,04/06/2026,14:12,15,Collection,
V02388,BDM008,Sathya N,OA0169,Meenakshi Traders,2026-07-12,14:00,30,Routine visit,display not as per norms
V02389,BDM012,Yuvaraj S,OA0550,Galaxy Mobile,2026-05-12,14:18,,Routine visit,display not as per norms
V02390,BDM010,Praveen K,OA0496,Saravana Communications,11/06/2026,11:09,5,Routine visit,
V02391,BDM005,Dhanush P,OA0182,Devi Telecom,26/06/2026,14:06,,Follow up,
V02392,BDM002,Prakash M,OA0818,Selvam Agencies ,2026-06-21,14:47,12,followup,asked for better margin
V02393,BDM009,Gowtham S,OA0199,Muthu Enterprises,29/07/2026,15:48,5,Follow up,stock displayed
V02394,BDM006,Jegan R,OA0536,Bharath Traders,11/05/2026,13:12,10,Stock check,shop closed
V02395,BDM001,Sundar R,OA0051,Muthu Cellpoint,20/07/2026,10:25,25,Order,
V02396,BDM001,Sundar R,OA0396,Saravana Agencies,29/07/2026,10:21,15,,asked for better margin
V02397,BDM004,Ashok Kumar,OA0490,Amman Mobiles,01/07/2026,12:19,,Order,
V02398,BDM005,Dhanush P,OA0015,Saravana Gadgets,03/07/2026,11:36,,Routine visit,collection pending
V02399,BDM006,Jegan R,OA0429,Sri Balaji Telecom,10/06/2026,13:03,25,Complaint,
V02400,BDM005,Dhanush P,OA0737,Vasanth Agencies,24/07/2026,10:36,20,Complaint,
V02401,BDM003,Vetri S,OA0341,Prime Electronics,2026-07-15,12:48,15,followup,stock displayed
V02402,BDM001,Sundar R,OA0508,Saravana Mobile,05/06/2026,17:03,15,Order,owner not available
V02403,BDM003,Vetri S,OA0601,Prime Agencies,29/06/2026,13:39,8,Routine visit,asked for better margin
V02404,BDM011,Ilango M,OA0071,Lakshmi Mobile,20/06/2026,15:33,8,routine,display not as per norms
V02405,BDM010,Praveen K,OA0410,Amman Telecom,22/06/2026,11:00,10,Routine visit,asked for better margin
V02406,BDM011,Ilango M,OA0218,Meenakshi Communications,08/07/2026,11:14,45,followup,
V02407,BDM012,Yuvaraj S,OA0799,Thangam Cellpoint,05/05/2026,11:45,45,Order,shop closed
V02408,BDM007,Mohan Raj,OA0710,Karpagam Agencies,28/07/2026,11:22,,,collection pending
V02409,BDM010,Praveen K,OA0438,Galaxy Electronics,28/05/2026,14:08,25,Order,owner not available
V02410,BDM005,Dhanush P,OA0394,Prime Mobile,2026-06-10,11:22,15,Collection,
V02411,BDM001,Sundar R,OA0138,Prime Electronics,11/07/2026,10:07,45,Order,will order next week
V02412,BDM012,Yuvaraj S,OA0368,Anandha Telecom,25/06/2026,10:10,25,Collection,display not as per norms
V02413,BDM008,Sathya N,OA0016,Universal Infotech,12/06/2026,12:05,30,Routine visit,will order next week
V02414,BDM008,Sathya N,OA0028,Anandha Enterprises,27/07/2026,11:55,30,Routine visit,display not as per norms
V02415,BDM010,Praveen K,OA0669,Bharath Enterprises,21/05/2026,10:54,,Routine visit,
V02416,BDM005,Dhanush P,OA0356,Ganesh Agencies,16/06/2026,10:02,,followup,will order next week
V02417,BDM002,Prakash M,OA0812,,2026-06-21,13:56,8,New onboarding,owner not available
V02418,BDM004,Ashok Kumar,OA0403,Mobile World Digital,2026-06-15,13:51,12,Collection,stock displayed
V02419,BDM001,Sundar R,OA0112,Karpagam Infotech,11/05/2026,13:15,45,Stock check,
V02420,BDM005,Dhanush P,OA0342,Selvam Telecom,08/06/2026,11:41,,routine,discussed scheme
V02421,BDM009,Gowtham S,OA0123,Muthu Mobiles,09/07/2026,12:22,25,Collection,collection pending
V02422,BDM002,Prakash M,OA0752,Thangam Electronics,2026-05-05,10:26,12,routine,shop closed
V02423,BDM005,Dhanush P,OA0049,Anandha Infotech,25/06/2026,16:29,,Follow up,
V02424,BDM011,Ilango M,OA0621,Mobile World Enterprises,28/06/2026,14:35,45,Stock check,shop closed
V02425,BDM008,Sathya N,OA0339,Ram Infotech,30/06/2026,14:12,20,followup,owner not available
V02426,BDM012,Yuvaraj S,OA0313,Chennai Silks Digital,03/06/2026,12:33,,Follow up,asked for better margin
V02427,BDM012,Yuvaraj S,OA0589,Sakthi Electronics,2026-06-26,14:10,45,Routine visit,owner not available
V02428,BDM010,Praveen K,OA0284,Anandha Digital,07/07/2026,12:27,5,Order,
V02429,BDM009,Gowtham S,OA0789,Modern Cellpoint,2026-06-02,12:58,8,Order,discussed scheme
V02430,BDM008,Sathya N,OA0802,Mobile World Mobiles,25/05/2026,13:30,15,New onboarding,
V02431,BDM004,Ashok Kumar,OA0269,Amman Cellpoint,2026-06-24,10:30,10,routine,will order next week
V02432,BDM010,Praveen K,OA0703,Thangam Telecom,11/07/2026,11:01,,Collection,asked for better margin
V02433,BDM011,Ilango M,OA0495,iStore Gadgets,2026-07-16,14:49,45,routine,collection pending
V02434,BDM002,Prakash M,OA0664,New Star Traders,11/06/2026,15:23,25,Stock check,
V02435,BDM005,Dhanush P,OA0275,Poorvika Electronics,07/07/2026,11:11,8,Stock check,owner not available
V02436,BDM004,Ashok Kumar,OA0119,City Communications,2026-06-23,12:01,30,Order,shop closed
V02437,BDM009,Gowtham S,OA0287,Royal Mobile,06/06/2026,11:41,45,,discussed scheme
V02438,BDM011,Ilango M,OA0795,Sri Krishna Digital,2026-07-07,12:33,,Order,will order next week
V02439,BDM005,Dhanush P,OA0494,New Star Telecom,05/05/2026,12:58,45,New onboarding,discussed scheme
V02440,BDM009,Gowtham S,OA0690,Sangeetha Mobiles,23/06/2026,11:27,5,Stock check,stock displayed
V02441,BDM012,Yuvaraj S,OA0358,Royal Enterprises,03/06/2026,16:58,10,Follow up,shop closed
V02442,BDM008,Sathya N,OA0489,Anandha Telecom,02/07/2026,11:04,45,Follow up,shop closed
V02443,BDM006,Jegan R,OA0648,Vinayaga Digital,06/06/2026,13:44,45,Collection,owner not available
V02444,BDM003,Vetri S,OA0813,Sakthi Electronics - Branch,15/07/2026,14:22,20,routine,
V02445,BDM007,Mohan Raj,OA0069,Mobile World Infotech,29/07/2026,16:00,25,Routine visit,
V02446,BDM005,Dhanush P,OA0599,Saravana Cellpoint,09/06/2026,12:55,,,owner not available
V02447,BDM001,Sundar R,OA0112,Karpagam Infotech,11/06/2026,10:29,12,Order,
V02448,BDM011,Ilango M,OA0184,Big C Agencies,2026-05-30,13:36,,Stock check,will order next week
V02449,BDM010,Praveen K,OA0310,Devi Digital,24/07/2026,10:11,8,,shop closed
V02450,BDM003,Vetri S,OA0804,Devi Communications ,11/06/2026,10:50,25,Order,
V02451,BDM006,Jegan R,OA0392,Karpagam Communications,22/07/2026,10:32,12,followup,discussed scheme
V02452,BDM012,Yuvaraj S,OA0462,Royal Digital,22/07/2026,15:33,25,Stock check,
V02453,BDM004,Ashok Kumar,OA0403,Mobile World Digital,11/06/2026,15:26,8,New onboarding,
V02454,BDM003,Vetri S,OA0568,Vinayaga Mobiles,23/05/2026,12:06,5,Complaint,
V02455,BDM005,Dhanush P,OA0182,Devi Telecom,10/07/2026,14:23,,Complaint,shop closed
V02456,BDM008,Sathya N,OA0023,Thangam Traders,2026-05-13,10:19,5,,
V02457,BDM002,Prakash M,OA0167,Meenakshi Telecom,16/05/2026,10:46,15,followup,owner not available
V02458,BDM004,Ashok Kumar,OA0357,Universal Mobile,2026-06-17,14:04,8,Routine visit,shop closed
V02459,BDM010,Praveen K,OA0314,Muthu Enterprises,2026-06-03,17:15,30,followup,discussed scheme
V02460,BDM006,Jegan R,OA0440,Vasanth Telecom,14/05/2026,11:12,30,,owner not available
V02461,BDM010,Praveen K,OA0518,Thangam Mobile,2026-06-25,10:00,25,Routine visit,discussed scheme
V02462,BDM009,Gowtham S,OA0372,Universal Communications,25/07/2026,10:12,20,Follow up,discussed scheme
V02463,BDM006,Jegan R,OA0453,Sri Krishna Digital,17/06/2026,12:49,5,Collection,
V02464,BDM007,Mohan Raj,OA0535,Ram Traders,23/06/2026,13:47,30,Collection,stock displayed
V02465,BDM012,Yuvaraj S,OA0104,Galaxy Telecom,2026-05-27,13:13,8,Follow up,
V02466,BDM008,Sathya N,OA0020,Jeyam Agencies,2026-06-30,,12,followup,
V02467,BDM009,Gowtham S,OA0386,Prime Mobiles,09/07/2026,12:57,15,New onboarding,discussed scheme
V02468,BDM001,Sundar R,OA0539,Ram Infotech,2026-06-03,10:38,,Follow up,
V02469,BDM011,Ilango M,OA0495,iStore Gadgets,2026-06-09,14:48,,Order,
V02470,BDM011,Ilango M,OA0454,Muthu Electronics,16/07/2026,12:36,10,Follow up,asked for better margin
V02471,BDM009,Gowtham S,OA0336,Sri Balaji Traders,11/06/2026,11:38,8,Collection,
V02472,BDM001,Sundar R,OA0214,Sri Krishna Telecom,25/05/2026,10:27,45,routine,
V02473,BDM001,Sundar R,OA0138,Prime Electronics,2026-06-02,16:35,,Stock check,
V02474,BDM008,Sathya N,OA0714,Karpagam Digital,04/05/2026,12:00,30,Routine visit,
V02475,BDM007,Mohan Raj,OA0048,Thangam Communications,2026-05-09,10:28,15,Order,
V02476,BDM007,Mohan Raj,OA0312,Meenakshi Traders,2026-06-29,12:00,30,Routine visit,
V02477,BDM007,Mohan Raj,OA0468,Ram Enterprises,2026-07-03,12:47,10,Stock check,
V02478,BDM004,Ashok Kumar,OA0575,Ganesh Gadgets,18/06/2026,11:42,20,Complaint,shop closed
V02479,BDM011,Ilango M,OA0255,Selvam Gadgets,05/05/2026,13:20,12,Routine visit,will order next week
V02480,BDM008,Sathya N,OA0714,,08/06/2026,14:00,25,Routine visit,shop closed
V02481,BDM006,Jegan R,OA0429,Sri Balaji Telecom,2026-06-03,10:00,20,Collection,asked for better margin
V02482,BDM009,Gowtham S,OA0086,New Star Gadgets,15/05/2026,10:27,25,Routine visit,owner not available
V02483,BDM009,Gowtham S,OA0650,Vinayaga Electronics,18/06/2026,12:41,20,Routine visit,
V02484,BDM011,Ilango M,OA0781,City Gadgets,22/06/2026,12:06,8,Routine visit,
V02485,BDM002,Prakash M,OA0035,Selvam Electronics,22/06/2026,16:07,45,New onboarding,display not as per norms
V02486,BDM011,Ilango M,OA0653,,2026-07-25,16:27,5,Complaint,will order next week
V02487,BDM003,Vetri S,OA0568,Vinayaga Mobiles,12/05/2026,11:29,12,followup,collection pending
V02488,BDM004,Ashok Kumar,OA0780,Devi Infotech,05/07/2026,11:38,,Routine visit,shop closed
V02489,BDM012,Yuvaraj S,OA0604,Meenakshi Enterprises,15/06/2026,13:00,20,Routine visit,discussed scheme
V02490,BDM006,Jegan R,OA0429,Sri Balaji Telecom,05/05/2026,14:17,8,Complaint,
V02491,BDM005,Dhanush P,OA0510,Prime Cellpoint,2026-06-15,13:33,15,Stock check,shop closed
V02492,BDM001,Sundar R,OA0483,Ram Gadgets,2026-07-30,11:46,45,Follow up,will order next week
V02493,BDM006,Jegan R,OA0484,Sangeetha Gadgets,30/06/2026,15:54,,Stock check,asked for better margin
V02494,BDM001,Sundar R,OA0009,Jeyam Enterprises,07/07/2026,12:21,20,routine,display not as per norms
V02495,BDM006,Jegan R,OA0513,Devi Telecom,04/05/2026,10:38,,followup,
V02496,BDM009,Gowtham S,OA0331,Kumaran Electronics,26/05/2026,14:13,45,Order,
V02497,BDM006,Jegan R,OA0178,Prime Communications,01/07/2026,12:32,20,followup,discussed scheme
V02498,BDM005,Dhanush P,OA0177,Thangam Mobiles,29/07/2026,10:23,30,Collection,asked for better margin
V02499,BDM001,Sundar R,OA0617,Bharath Agencies,2026-06-03,14:16,10,Routine visit,owner not available
V02500,BDM011,Ilango M,OA0605,Sri Krishna Infotech,11/07/2026,11:21,45,,owner not available
V02501,BDM007,Mohan Raj,OA0630,Anandha Telecom,12/05/2026,14:00,30,Routine visit,collection pending
V02502,BDM010,Praveen K,OA0284,Anandha Digital,27/05/2026,11:03,30,routine,collection pending
V02503,BDM002,Prakash M,OA0482,New Star Digital,17/07/2026,11:45,15,New onboarding,
V02504,BDM006,Jegan R,OA0178,Prime Communications,01/05/2026,15:33,5,Routine visit,owner not available
V02505,BDM006,Jegan R,OA0070,Big C Digital,2026-05-20,15:27,20,Collection,display not as per norms
V02506,BDM001,Sundar R,OA0617,Bharath Agencies,2026-07-27,16:41,12,New onboarding,discussed scheme
V02507,BDM012,Yuvaraj S,OA0799,Thangam Cellpoint,06/05/2026,11:42,15,,collection pending
V02508,BDM011,Ilango M,OA0504,Karpagam Traders,25/07/2026,15:41,5,followup,discussed scheme
V02509,BDM009,Gowtham S,OA0308,Prime Cellpoint,01/06/2026,12:57,20,Stock check,
V02510,BDM001,Sundar R,OA0712,Devi Gadgets,26/06/2026,11:51,25,routine,display not as per norms
V02511,BDM007,Mohan Raj,OA0630,Anandha Telecom,30/06/2026,15:00,30,Routine visit,
V02512,BDM011,Ilango M,OA0024,Amman Electronics,25/07/2026,11:30,8,Order,asked for better margin
V02513,BDM012,Yuvaraj S,OA0803,Royal Enterprises - Branch,17/06/2026,14:10,15,New onboarding,owner not available
V02514,BDM007,Mohan Raj,OA0012,Ram Enterprises,20/05/2026,11:42,15,Routine visit,stock displayed
V02515,BDM012,Yuvaraj S,OA0046,Selvam Infotech,29/05/2026,10:05,8,Stock check,asked for better margin
V02516,BDM011,Ilango M,OA0412,Big C Enterprises,22/05/2026,12:53,,New onboarding,
V02517,BDM004,Ashok Kumar,OA0511,Thangam Telecom,2026-07-29,15:36,15,Routine visit,will order next week
V02518,BDM006,Jegan R,OA0648,,2026-07-18,10:38,5,followup,owner not available
V02519,BDM009,Gowtham S,OA0530,Selvam Agencies,20/07/2026,14:49,30,New onboarding,
V02520,BDM008,Sathya N,OA0385,Ganesh Mobile,06/07/2026,13:39,30,Routine visit,discussed scheme
V02521,BDM007,Mohan Raj,OA0395,Thangam Infotech,2026-05-23,14:32,5,New onboarding,asked for better margin
V02522,BDM001,Sundar R,OA0098,Vasanth Enterprises,13/07/2026,15:08,20,Follow up,
V02523,BDM002,Prakash M,OA0758,Prime Mobile,2026-06-06,14:15,12,Collection,
V02524,BDM008,Sathya N,OA0527,Devi Mobile,09/07/2026,17:03,30,Follow up,
V02525,BDM004,Ashok Kumar,OA0307,Ram Infotech,13/05/2026,16:05,5,routine,display not as per norms
V02526,BDM011,Ilango M,OA0369,Universal Mobiles,13/05/2026,15:47,12,New onboarding,
V02527,BDM012,Yuvaraj S,OA0407,Meenakshi Enterprises,2026-05-18,13:38,45,Stock check,discussed scheme
V02528,BDM005,Dhanush P,OA0049,Anandha Infotech,2026-06-24,15:08,30,Complaint,
V02529,BDM009,Gowtham S,OA0148,Ganesh Communications,2026-05-11,10:03,15,Follow up,
V02530,BDM009,Gowtham S,OA0549,Royal Gadgets,19/07/2026,11:00,30,Routine visit,
V02531,BDM007,Mohan Raj,OA0115,Bharath Electronics,2026-06-05,12:58,20,Follow up,
V02532,BDM005,Dhanush P,OA0547,Vinayaga Gadgets,11/05/2026,10:55,10,Stock check,will order next week
V02533,BDM012,Yuvaraj S,OA0636,Poorvika Electronics,2026-05-28,13:05,8,Complaint,display not as per norms
V02534,BDM011,Ilango M,OA0278,Big C Mobiles,2026-07-20,12:34,,Follow up,
V02535,BDM006,Jegan R,OA0392,Karpagam Communications,28/07/2026,12:11,8,Stock check,
V02536,BDM012,Yuvaraj S,OA0313,Chennai Silks Digital,2026-07-22,11:47,8,routine,
V02537,BDM012,Yuvaraj S,OA0508,Saravana Mobile,18/07/2026,16:00,20,Routine visit,
V02538,BDM012,Yuvaraj S,OA0082,Royal Electronics,2026-06-30,13:42,5,followup,display not as per norms
V02539,BDM005,Dhanush P,OA0737,Vasanth Agencies,21/07/2026,14:23,45,followup,asked for better margin
V02540,BDM005,Dhanush P,OA0150,Universal Communications,2026-05-08,11:29,,Order,will order next week
V02541,BDM008,Sathya N,OA0227,Devi Cellpoint,23/05/2026,14:51,5,routine,
V02542,BDM002,Prakash M,OA0099,Selvam Agencies,15/05/2026,12:58,15,Follow up,will order next week
V02543,BDM010,Praveen K,OA0720,Sangeetha Traders,21/07/2026,10:04,45,followup,collection pending
V02544,BDM011,Ilango M,OA0413,Big C Digital,11/05/2026,10:22,45,Stock check,owner not available
V02545,BDM005,Dhanush P,OA0599,Saravana Cellpoint,2026-07-14,15:49,15,routine,display not as per norms
V02546,BDM009,Gowtham S,OA0068,Saravana Mobile,10/06/2026,12:47,8,Collection,stock displayed
V02547,BDM010,Praveen K,OA0219,Vinayaga Communications,07/05/2026,11:38,30,Stock check,
V02548,BDM002,Prakash M,OA0500,Karpagam Infotech,2026-05-26,10:25,45,Routine visit,owner not available
V02549,BDM011,Ilango M,OA0630,Anandha Telecom,16/05/2026,15:16,30,,asked for better margin
V02550,BDM007,Mohan Raj,OA0468,Ram Enterprises,2026-05-12,11:53,,routine,stock displayed
V02551,BDM007,Mohan Raj,OA0261,City Mobile,15/05/2026,13:54,45,followup,
V02552,BDM012,Yuvaraj S,OA0442,Big C Telecom,2026-06-24,14:36,45,Routine visit,owner not available
V02553,BDM008,Sathya N,OA0196,Universal Gadgets,27/06/2026,10:40,10,routine,collection pending
V02554,BDM001,Sundar R,OA0613,Devi Infotech,04/06/2026,11:31,45,Complaint,stock displayed
V02555,BDM002,Prakash M,OA0528,Mobile World Infotech,2026-05-11,11:03,10,followup,
V02556,BDM007,Mohan Raj,OA0039,Big C Electronics,21/07/2026,14:17,,Collection,
V02557,BDM011,Ilango M,OA0102,Thangam Enterprises,2026-07-06,15:07,30,New onboarding,asked for better margin
V02558,BDM007,Mohan Raj,OA0018,Amman Agencies,21/07/2026,13:29,5,New onboarding,collection pending
V02559,BDM007,Mohan Raj,OA0117,Anandha Enterprises,23/07/2026,12:22,10,Order,asked for better margin
V02560,BDM006,Jegan R,OA0145,Ganesh Agencies,25/07/2026,10:52,,Complaint,asked for better margin
V02561,BDM006,Jegan R,OA0047,Sakthi Infotech,20/06/2026,11:47,30,Complaint,
V02562,BDM006,Jegan R,OA0542,Kumaran Traders,13/07/2026,10:46,10,Follow up,discussed scheme
V02563,BDM006,Jegan R,OA0332,Sri Krishna Gadgets,2026-05-16,12:35,12,Follow up,collection pending
V02564,BDM007,Mohan Raj,OA0238,Vinayaga Electronics,02/07/2026,12:05,20,Routine visit,
V02565,BDM001,Sundar R,OA0400,Sri Balaji Traders,01/07/2026,14:15,5,Routine visit,owner not available
V02566,BDM007,Mohan Raj,OA0231,Lakshmi Gadgets,08/07/2026,11:42,,,collection pending
V02567,BDM005,Dhanush P,OA0203,Karpagam Traders,15/06/2026,12:40,20,Stock check,asked for better margin
V02568,BDM011,Ilango M,OA0661,Devi Cellpoint,10/06/2026,15:54,8,Collection,shop closed
V02569,BDM011,Ilango M,OA0218,Meenakshi Communications,12/05/2026,10:35,20,routine,collection pending
V02570,BDM010,Praveen K,OA0717,Poorvika Traders,18/07/2026,13:15,,Follow up,collection pending
V02571,BDM001,Sundar R,OA0689,Ram Communications,25/06/2026,13:20,,Collection,will order next week
V02572,BDM002,Prakash M,OA0428,Ganesh Communications,25/07/2026,14:52,30,Routine visit,owner not available
V02573,BDM002,Prakash M,OA0378,Universal Telecom,05/06/2026,10:58,15,,
V02574,BDM002,Prakash M,OA0215,Sri Krishna Electronics,04/06/2026,16:15,,routine,collection pending
V02575,BDM009,Gowtham S,OA0479,Vasanth Cellpoint,23/05/2026,13:51,15,Order,discussed scheme
V02576,BDM003,Vetri S,OA0371,Amman Traders,13/06/2026,11:58,12,Stock check,display not as per norms
V02577,BDM008,Sathya N,OA0323,Vinayaga Traders,19/06/2026,11:34,,Complaint,will order next week
V02578,BDM003,Vetri S,OA0579,Saravana Telecom,20/07/2026,16:30,20,Collection,will order next week
V02579,BDM008,Sathya N,OA0120,City Gadgets,04/06/2026,13:24,20,Stock check,collection pending
V02580,BDM010,Praveen K,OA0128,Prime Infotech,05/05/2026,15:16,30,New onboarding,stock displayed
V02581,BDM012,Yuvaraj S,OA0803,Royal Enterprises - Branch,15/07/2026,12:14,8,routine,discussed scheme
V02582,BDM001,Sundar R,OA0613,Devi Infotech,19/06/2026,11:59,8,followup,collection pending
V02583,BDM010,Praveen K,OA0814,Poorvika Traders ,2026-07-07,14:36,15,Complaint,
V02584,BDM001,Sundar R,OA0065,Anandha Traders,21/06/2026,12:17,25,,
V02585,BDM002,Prakash M,OA0267,Vasanth Communications,25/07/2026,13:50,20,Routine visit,stock displayed
V02586,BDM009,Gowtham S,OA0366,Jeyam Agencies,20/07/2026,13:44,20,,
V02587,BDM002,Prakash M,OA0663,New Star Agencies,29/07/2026,15:45,25,Complaint,asked for better margin
V02588,BDM002,Prakash M,OA0558,Mobile World Agencies,25/06/2026,10:17,,Stock check,will order next week
V02589,BDM005,Dhanush P,OA0507,Galaxy Traders,07/07/2026,15:13,15,,owner not available
V02590,BDM001,Sundar R,OA0041,,06/05/2026,13:59,,New onboarding,asked for better margin
V02591,BDM003,Vetri S,OA0289,Meenakshi Agencies,02/05/2026,14:03,20,Stock check,collection pending
V02592,BDM011,Ilango M,OA0102,Thangam Enterprises,12/06/2026,10:32,20,Stock check,will order next week
V02593,BDM012,Yuvaraj S,OA0527,Devi Mobile,2026-06-30,14:00,30,Routine visit,asked for better margin
V02594,BDM003,Vetri S,OA0107,Sri Krishna Traders,14/05/2026,12:00,25,Routine visit,owner not available
V02595,BDM001,Sundar R,OA0618,City Telecom,27/05/2026,14:37,30,New onboarding,asked for better margin
V02596,BDM003,Vetri S,OA0176,Sri Krishna Cellpoint,25/05/2026,14:03,,Follow up,asked for better margin
V02597,BDM002,Prakash M,OA0204,Sangeetha Mobiles,2026-05-20,12:37,30,routine,
V02598,BDM003,Vetri S,OA0228,Amman Agencies,2026-07-09,11:29,5,followup,
V02599,BDM001,Sundar R,OA0441,Bharath Enterprises,11/07/2026,11:00,20,Routine visit,discussed scheme
V02600,BDM002,Prakash M,OA0151,Chennai Silks Communications,17/06/2026,11:09,20,Follow up,
V02601,BDM005,Dhanush P,OA0753,Big C Traders,23/06/2026,13:49,30,Order,
V02602,BDM003,Vetri S,OA0731,Mobile World Gadgets,16/06/2026,10:17,,routine,
V02603,BDM004,Ashok Kumar,OA0249,Lakshmi Mobile,28/07/2026,15:07,20,Order,will order next week
V02604,BDM006,Jegan R,OA0091,Bharath Mobile,13/05/2026,12:15,45,New onboarding,
V02605,BDM004,Ashok Kumar,OA0137,Vasanth Enterprises,06/06/2026,15:48,25,Collection,asked for better margin
V02606,BDM012,Yuvaraj S,OA0792,Devi Mobile,22/06/2026,11:18,8,Order,discussed scheme
V02607,BDM009,Gowtham S,OA0388,Galaxy Telecom,08/06/2026,13:08,5,New onboarding,
V02608,BDM009,Gowtham S,OA0308,Prime Cellpoint,08/07/2026,12:19,12,New onboarding,discussed scheme
V02609,BDM009,Gowtham S,OA0596,Saravana Mobile,2026-06-24,12:27,5,Stock check,
V02610,BDM002,Prakash M,OA0052,Kumaran Agencies,20/05/2026,13:27,12,Complaint,discussed scheme
V02611,BDM006,Jegan R,OA0445,Amman Gadgets,17/06/2026,13:48,,Collection,will order next week
V02612,BDM012,Yuvaraj S,OA0527,Devi Mobile,07/07/2026,10:00,20,Routine visit,display not as per norms
V02613,BDM011,Ilango M,OA0534,Royal Traders,02/07/2026,10:29,,Routine visit,
V02614,BDM001,Sundar R,OA0297,New Star Mobiles,02/05/2026,11:23,12,Routine visit,
V02615,BDM007,Mohan Raj,OA0580,iStore Mobiles,06/06/2026,10:48,,Follow up,
V02616,BDM002,Prakash M,OA0433,Vinayaga Cellpoint,2026-07-10,10:10,45,Collection,
V02617,BDM002,Prakash M,OA0151,Chennai Silks Communications,07/07/2026,13:59,45,Follow up,collection pending
V02618,BDM002,Prakash M,OA0194,Karpagam Traders,2026-05-08,13:17,,New onboarding,discussed scheme
V02619,BDM009,Gowtham S,OA0458,Saravana Agencies,10/05/2026,10:32,5,New onboarding,will order next week
V02620,BDM004,Ashok Kumar,OA0202,Karpagam Communications,29/07/2026,10:40,45,,
V02621,BDM005,Dhanush P,OA0182,Devi Telecom,11/06/2026,11:42,20,,
V02622,BDM012,Yuvaraj S,OA0442,Big C Telecom,12/05/2026,11:19,25,Collection,
V02623,BDM011,Ilango M,OA0661,Devi Cellpoint,2026-06-09,13:19,20,Routine visit,
V02624,BDM003,Vetri S,OA0057,Vinayaga Agencies,04/05/2026,12:06,8,,
V02625,BDM006,Jegan R,OA0439,Sakthi Enterprises,20/07/2026,14:05,8,routine,
V02626,BDM006,Jegan R,OA0611,Royal Traders,25/05/2026,10:46,20,routine,stock displayed
V02627,BDM008,Sathya N,OA0230,,09/05/2026,11:08,45,Order,
V02628,BDM010,Praveen K,OA0007,Modern Communications,22/06/2026,13:26,10,,owner not available
V02629,BDM010,Praveen K,OA0713,Ganesh Traders,01/05/2026,16:24,8,Complaint,
V02630,BDM007,Mohan Raj,OA0427,Vinayaga Mobile,2026-06-03,12:39,12,Collection,stock displayed
V02631,BDM002,Prakash M,OA0353,New Star Agencies,05/06/2026,17:20,45,Stock check,
V02632,BDM009,Gowtham S,OA0148,Ganesh Communications,09/05/2026,14:35,20,routine,discussed scheme
V02633,BDM008,Sathya N,OA0045,Amman Agencies,22/06/2026,15:02,,Stock check,display not as per norms
V02634,BDM007,Mohan Raj,OA0185,New Star Cellpoint,09/05/2026,12:51,,followup,owner not available
V02635,BDM011,Ilango M,OA0778,Vasanth Infotech,06/06/2026,14:04,10,Routine visit,stock displayed
V02636,BDM007,Mohan Raj,OA0312,Meenakshi Traders,2026-05-11,15:00,25,Routine visit,asked for better margin
V02637,BDM003,Vetri S,OA0156,Sakthi Mobiles,05/05/2026,12:33,25,followup,owner not available
V02638,BDM010,Praveen K,OA0538,Royal Infotech,2026-05-12,13:34,45,Routine visit,shop closed
V02639,BDM007,Mohan Raj,OA0337,Ram Gadgets,27/05/2026,13:12,15,followup,
V02640,BDM011,Ilango M,OA0409,Amman Mobile,22/06/2026,10:03,25,New onboarding,will order next week
V02641,BDM005,Dhanush P,OA0133,Devi Electronics,2026-06-19,13:34,25,Routine visit,shop closed
V02642,BDM009,Gowtham S,OA0607,Jeyam Digital,09/06/2026,11:15,12,New onboarding,
V02643,BDM006,Jegan R,OA0611,Royal Traders,10/07/2026,13:37,15,followup,discussed scheme
V02644,BDM005,Dhanush P,OA0672,Saravana Cellpoint,27/07/2026,10:46,30,Order,display not as per norms
V02645,BDM007,Mohan Raj,OA0468,Ram Enterprises,15/05/2026,12:41,10,Stock check,
V02646,BDM010,Praveen K,OA0284,Anandha Digital,13/05/2026,12:01,5,routine,
V02647,BDM002,Prakash M,OA0752,Thangam Electronics,2026-05-12,13:35,10,Collection,discussed scheme
V02648,BDM004,Ashok Kumar,OA0674,Thangam Enterprises,11/06/2026,14:42,15,Order,
V02649,BDM011,Ilango M,OA0412,Big C Enterprises,2026-06-08,15:31,20,Routine visit,
V02650,BDM003,Vetri S,OA0087,Galaxy Mobile,02/07/2026,12:32,20,,
V02651,BDM002,Prakash M,OA0728,Thangam Telecom,17/06/2026,12:07,45,routine,
V02652,BDM002,Prakash M,OA0585,Meenakshi Cellpoint,19/06/2026,15:00,25,Routine visit,
V02653,BDM008,Sathya N,OA0323,Vinayaga Traders,02/07/2026,12:19,15,Routine visit,will order next week
V02654,BDM012,Yuvaraj S,OA0709,New Star Mobile,2026-07-24,10:02,30,Order,stock displayed
V02655,BDM006,Jegan R,OA0440,Vasanth Telecom,22/05/2026,10:14,12,Order,collection pending
V02656,BDM001,Sundar R,OA0736,Muthu Infotech,11/07/2026,12:44,,Follow up,
V02657,BDM005,Dhanush P,OA0259,Karpagam Mobiles,06/07/2026,11:58,10,,stock displayed
V02658,BDM010,Praveen K,OA0463,Royal Cellpoint,30/06/2026,18:06,15,Routine visit,
V02659,BDM008,Sathya N,OA0120,City Gadgets,23/07/2026,15:58,5,Routine visit,
V02660,BDM011,Ilango M,OA0191,Devi Mobile,17/07/2026,10:57,12,Collection,stock displayed
V02661,BDM004,Ashok Kumar,OA0149,New Star Telecom,2026-07-02,14:02,12,Collection,
V02662,BDM012,Yuvaraj S,OA0616,,2026-05-13,16:48,8,Order,discussed scheme
V02663,BDM006,Jegan R,OA0429,Sri Balaji Telecom,2026-06-24,13:32,10,,asked for better margin
V02664,BDM012,Yuvaraj S,OA0387,Ganesh Electronics,01/06/2026,14:32,10,routine,
V02665,BDM008,Sathya N,OA0540,Karpagam Mobile,23/07/2026,10:18,15,Order,
V02666,BDM009,Gowtham S,OA0123,Muthu Mobiles,20/05/2026,14:48,30,Follow up,
V02667,BDM003,Vetri S,OA0416,Devi Agencies,04/06/2026,11:18,15,Complaint,will order next week
V02668,BDM009,Gowtham S,OA0343,Galaxy Infotech,29/06/2026,10:26,10,Routine visit,will order next week
V02669,BDM002,Prakash M,OA0413,Big C Digital,31/05/2026,10:15,20,New onboarding,display not as per norms
V02670,BDM009,Gowtham S,OA0223,Mobile World Traders,05/05/2026,11:18,25,Order,discussed scheme
V02671,BDM009,Gowtham S,OA0425,Ram Gadgets,10/05/2026,10:03,10,Order,display not as per norms
V02672,BDM007,Mohan Raj,OA0625,Karpagam Agencies,10/05/2026,11:00,20,Routine visit,
V02673,BDM004,Ashok Kumar,OA0292,Saravana Digital,06/05/2026,10:51,25,routine,
V02674,BDM001,Sundar R,OA0483,Ram Gadgets,18/07/2026,12:00,,Follow up,
V02675,BDM003,Vetri S,OA0766,Vasanth Enterprises,09/05/2026,12:04,,Routine visit,owner not available
V02676,BDM005,Dhanush P,OA0083,Amman Digital,2026-06-03,11:40,25,followup,
V02677,BDM005,Dhanush P,OA0349,iStore Enterprises,18/05/2026,16:17,8,Complaint,
V02678,BDM002,Prakash M,OA0677,Chennai Silks Electronics,2026-06-18,15:44,8,Order,asked for better margin
V02679,BDM004,Ashok Kumar,OA0777,City Communications,09/05/2026,16:32,15,Follow up,owner not available
V02680,BDM005,Dhanush P,OA0233,Galaxy Agencies,10/07/2026,12:22,15,Complaint,display not as per norms
V02681,BDM007,Mohan Raj,OA0452,Sri Balaji Enterprises,02/05/2026,13:56,30,New onboarding,
V02682,BDM009,Gowtham S,OA0714,Karpagam Digital,10/07/2026,11:38,,routine,
V02683,BDM005,Dhanush P,OA0318,Ram Gadgets,19/06/2026,10:14,10,Order,
V02684,BDM009,Gowtham S,OA0013,Ganesh Digital,30/05/2026,13:09,,Collection,
V02685,BDM004,Ashok Kumar,OA0564,Sakthi Mobile,2026-07-17,16:32,10,Follow up,will order next week
V02686,BDM011,Ilango M,OA0587,Big C Communications,2026-06-13,14:17,25,Collection,
V02687,BDM001,Sundar R,OA0065,Anandha Traders,2026-06-21,13:07,25,Follow up,asked for better margin
V02688,BDM009,Gowtham S,OA0287,Royal Mobile,2026-05-09,11:12,,Routine visit,owner not available
V02689,BDM003,Vetri S,OA0541,Chennai Silks Mobiles,08/05/2026,14:59,45,Complaint,stock displayed
V02690,BDM008,Sathya N,OA0272,Amman Telecom,06/06/2026,15:31,10,,
V02691,BDM008,Sathya N,OA0241,Muthu Digital,03/07/2026,12:17,8,New onboarding,collection pending
V02692,BDM003,Vetri S,OA0362,Big C Telecom,2026-05-02,11:07,30,,collection pending
V02693,BDM010,Praveen K,OA0213,Prime Electronics,28/05/2026,10:36,25,Collection,stock displayed
V02694,BDM008,Sathya N,OA0519,Sakthi Cellpoint,2026-06-20,11:10,,Complaint,
V02695,BDM003,Vetri S,OA0341,Prime Electronics,18/06/2026,16:13,45,routine,
V02696,BDM003,Vetri S,OA0072,,27/05/2026,12:46,10,Routine visit,collection pending
V02697,BDM010,Praveen K,OA0717,Poorvika Traders,07/05/2026,15:00,25,Routine visit,
V02698,BDM012,Yuvaraj S,OA0576,Lakshmi Digital,04/07/2026,12:17,20,routine,shop closed
V02699,BDM003,Vetri S,OA0583,Anandha Mobile,13/06/2026,10:07,25,Stock check,
V02700,BDM005,Dhanush P,OA0342,Selvam Telecom,09/06/2026,10:35,5,followup,will order next week
V02701,BDM007,Mohan Raj,OA0312,Meenakshi Traders,20/07/2026,15:00,20,Routine visit,shop closed
V02702,BDM007,Mohan Raj,OA0106,Sri Krishna Mobile,16/05/2026,11:14,8,Order,owner not available
V02703,BDM001,Sundar R,OA0791,Modern Telecom,11/06/2026,13:05,25,Complaint,display not as per norms
V02704,BDM003,Vetri S,OA0156,Sakthi Mobiles,2026-05-21,10:30,20,Complaint,asked for better margin
V02705,BDM010,Praveen K,OA0720,Sangeetha Traders,29/07/2026,10:19,12,Routine visit,stock displayed
V02706,BDM009,Gowtham S,OA0067,Galaxy Traders,27/06/2026,16:27,20,Collection,asked for better margin
V02707,BDM002,Prakash M,OA0558,Mobile World Agencies,01/06/2026,10:03,25,followup,stock displayed
V02708,BDM003,Vetri S,OA0652,Modern Infotech,29/06/2026,12:08,20,Routine visit,
V02709,BDM011,Ilango M,OA0346,Amman Communications,09/07/2026,15:00,30,Routine visit,stock displayed
V02710,BDM003,Vetri S,OA0515,New Star Infotech,2026-07-08,14:42,10,followup,
V02711,BDM001,Sundar R,OA0441,Bharath Enterprises,18/07/2026,13:00,25,Routine visit,shop closed
V02712,BDM006,Jegan R,OA0715,Kumaran Electronics,2026-05-12,15:50,12,Order,discussed scheme
V02713,BDM003,Vetri S,OA0161,New Star Infotech,04/05/2026,10:34,5,Complaint,display not as per norms
V02714,BDM002,Prakash M,OA0675,Jeyam Enterprises,20/05/2026,11:43,12,Follow up,shop closed
V02715,BDM012,Yuvaraj S,OA0764,Anandha Infotech,18/06/2026,17:38,20,Stock check,shop closed
V02716,BDM010,Praveen K,OA0090,Devi Traders,30/05/2026,10:08,20,Routine visit,
V02717,BDM009,Gowtham S,OA0549,Royal Gadgets,17/05/2026,11:00,30,Routine visit,collection pending
V02718,BDM004,Ashok Kumar,OA0066,Universal Traders,17/07/2026,13:06,10,Routine visit,shop closed
V02719,BDM010,Praveen K,OA0496,Saravana Communications,2026-07-13,11:07,20,followup,
V02720,BDM012,Yuvaraj S,OA0576,Lakshmi Digital,2026-05-26,11:54,12,Collection,collection pending
V02721,BDM012,Yuvaraj S,OA0282,Big C Mobile,06/06/2026,14:47,8,routine,
V02722,BDM003,Vetri S,OA0195,Prime Cellpoint,13/05/2026,10:28,5,Complaint,
V02723,BDM004,Ashok Kumar,OA0763,Kumaran Traders,2026-05-22,14:46,45,Collection,display not as per norms
V02724,BDM010,Praveen K,OA0798,Anandha Digital ,2026-05-28,11:07,,followup,will order next week
V02725,BDM002,Prakash M,OA0758,Prime Mobile,24/07/2026,10:33,8,routine,shop closed
V02726,BDM010,Praveen K,OA0518,Thangam Mobile,30/07/2026,10:00,20,Routine visit,discussed scheme
V02727,BDM001,Sundar R,OA0400,Sri Balaji Traders,13/06/2026,12:33,25,,
V02728,BDM012,Yuvaraj S,OA0764,Anandha Infotech,28/05/2026,10:16,5,Collection,shop closed
V02729,BDM001,Sundar R,OA0815,BIG C INFOTECH,2026-06-05,14:26,15,routine,
V02730,BDM005,Dhanush P,OA0722,Bharath Enterprises,2026-05-06,11:12,12,followup,
V02731,BDM008,Sathya N,OA0785,Prime Traders,29/07/2026,12:22,,Follow up,will order next week
V02732,BDM010,Praveen K,OA0463,Royal Cellpoint,08/05/2026,15:02,30,New onboarding,owner not available
V02733,BDM009,Gowtham S,OA0013,Ganesh Digital,2026-06-25,11:15,45,routine,stock displayed
V02734,BDM003,Vetri S,OA0053,Big C Agencies,08/05/2026,12:32,30,Follow up,discussed scheme
V02735,BDM003,Vetri S,OA0676,Prime Cellpoint,29/06/2026,16:06,45,followup,owner not available
V02736,BDM011,Ilango M,OA0795,Sri Krishna Digital,2026-06-18,12:10,5,Stock check,
V02737,BDM008,Sathya N,OA0622,Ganesh Enterprises,06/05/2026,13:44,8,Collection,
V02738,BDM012,Yuvaraj S,OA0365,Meenakshi Telecom,29/07/2026,14:29,8,Complaint,owner not available
V02739,BDM007,Mohan Raj,OA0061,Sri Balaji Communications,2026-05-20,10:53,45,,display not as per norms
V02740,BDM006,Jegan R,OA0469,Sri Balaji Infotech,16/05/2026,10:34,25,New onboarding,shop closed
V02741,BDM008,Sathya N,OA0354,Universal Cellpoint,30/05/2026,12:15,8,New onboarding,asked for better margin
V02742,BDM011,Ilango M,OA0605,Sri Krishna Infotech,2026-06-23,17:31,30,Collection,
V02743,BDM010,Praveen K,OA0414,iStore Agencies,17/07/2026,13:50,30,Stock check,
V02744,BDM011,Ilango M,OA0327,Prime Digital,2026-05-29,14:30,,routine,asked for better margin
V02745,BDM009,Gowtham S,OA0221,Thangam Mobile,2026-06-03,12:00,,New onboarding,
V02746,BDM009,Gowtham S,OA0006,Bharath Telecom,23/07/2026,12:42,20,Collection,collection pending
V02747,BDM006,Jegan R,OA0499,Selvam Digital,23/07/2026,14:29,30,Routine visit,discussed scheme
V02748,BDM008,Sathya N,OA0235,Muthu Gadgets,18/07/2026,14:07,,Collection,display not as per norms
V02749,BDM008,Sathya N,OA0017,Mobile World Infotech,01/06/2026,10:07,5,Stock check,
V02750,BDM003,Vetri S,OA0371,Amman Traders,07/05/2026,11:38,8,routine,collection pending
V02751,BDM009,Gowtham S,OA0068,Saravana Mobile,19/05/2026,13:55,20,Order,discussed scheme
V02752,BDM008,Sathya N,OA0622,Ganesh Enterprises,2026-07-08,13:57,,Collection,
V02753,BDM008,Sathya N,OA0272,Amman Telecom,04/06/2026,12:17,30,,
V02754,BDM004,Ashok Kumar,OA0307,Ram Infotech,14/05/2026,13:55,10,Complaint,asked for better margin
V02755,BDM009,Gowtham S,OA0287,Royal Mobile,05/06/2026,13:20,45,Stock check,owner not available
V02756,BDM012,Yuvaraj S,OA0604,Meenakshi Enterprises,2026-07-13,15:34,15,Routine visit,display not as per norms
V02757,BDM006,Jegan R,OA0247,iStore Infotech,2026-05-18,12:03,,followup,
V02758,BDM009,Gowtham S,OA0067,Galaxy Traders,13/05/2026,13:17,10,Order,
V02759,BDM003,Vetri S,OA0142,Bharath Agencies,2026-06-16,13:07,5,Order,will order next week
V02760,BDM005,Dhanush P,OA0561,Muthu Cellpoint,05/05/2026,15:13,30,Order,stock displayed
V02761,BDM004,Ashok Kumar,OA0116,Chennai Silks Communications,2026-06-06,16:18,8,Collection,
V02762,BDM002,Prakash M,OA0765,Amman Cellpoint,2026-06-29,11:53,12,followup,
V02763,BDM009,Gowtham S,OA0549,Royal Gadgets,2026-07-26,16:00,20,Routine visit,asked for better margin
V02764,BDM005,Dhanush P,OA0805,Mobile World Infotech ,2026-07-03,11:03,8,Collection,owner not available
V02765,BDM012,Yuvaraj S,OA0449,Muthu Mobile,2026-05-13,12:41,8,Follow up,asked for better margin
V02766,BDM003,Vetri S,OA0271,Amman Telecom,25/07/2026,14:11,,followup,collection pending
V02767,BDM005,Dhanush P,OA0192,Vinayaga Traders,2026-06-02,13:29,15,Complaint,
V02768,BDM003,Vetri S,OA0601,Prime Agencies,12/05/2026,12:09,,,
V02769,BDM004,Ashok Kumar,OA0478,Big C Mobile,03/06/2026,10:03,15,routine,collection pending
V02770,BDM007,Mohan Raj,OA0775,Prime Digital,20/06/2026,11:44,5,followup,
V02771,BDM001,Sundar R,OA0159,Meenakshi Mobiles,05/06/2026,17:02,30,Stock check,stock displayed
V02772,BDM012,Yuvaraj S,OA0368,Anandha Telecom,03/06/2026,10:03,5,New onboarding,will order next week
V02773,BDM008,Sathya N,OA0655,Muthu Communications,13/07/2026,15:09,20,New onboarding,shop closed
V02774,BDM006,Jegan R,OA0384,Bharath Mobile,06/07/2026,16:20,30,Stock check,will order next week
V02775,BDM011,Ilango M,OA0094,Vinayaga Mobiles,30/07/2026,10:32,5,routine,discussed scheme
V02776,BDM008,Sathya N,OA0389,Lakshmi Enterprises,2026-05-22,13:46,12,routine,discussed scheme
V02777,BDM009,Gowtham S,OA0067,Galaxy Traders,22/07/2026,11:30,10,New onboarding,
V02778,BDM010,Praveen K,OA0100,Ram Agencies,12/05/2026,15:07,,Order,discussed scheme
V02779,BDM011,Ilango M,OA0381,Galaxy Mobile,29/05/2026,12:34,10,routine,display not as per norms
V02780,BDM004,Ashok Kumar,OA0292,Saravana Digital,27/05/2026,10:36,10,Collection,collection pending
V02781,BDM005,Dhanush P,OA0600,Muthu Gadgets,2026-07-11,11:05,20,Stock check,
V02782,BDM003,Vetri S,OA0541,Chennai Silks Mobiles,26/05/2026,11:00,20,,
V02783,BDM003,Vetri S,OA0125,Devi Communications,2026-07-16,12:15,12,followup,collection pending
V02784,BDM003,Vetri S,OA0195,Prime Cellpoint,23/05/2026,10:31,20,followup,
V02785,BDM004,Ashok Kumar,OA0075,Ram Electronics,2026-07-11,12:05,,New onboarding,shop closed
V02786,BDM012,Yuvaraj S,OA0434,Galaxy Agencies,2026-05-19,12:49,12,routine,
V02787,BDM006,Jegan R,OA0047,Sakthi Infotech,2026-06-30,11:41,10,Follow up,discussed scheme
V02788,BDM008,Sathya N,OA0489,Anandha Telecom,2026-07-13,11:41,8,Complaint,collection pending
V02789,BDM002,Prakash M,OA0160,Jeyam Electronics,2026-05-02,13:30,30,Follow up,
V02790,BDM007,Mohan Raj,OA0535,,2026-05-14,11:45,20,Follow up,asked for better margin
V02791,BDM001,Sundar R,OA0553,Anandha Agencies,22/05/2026,15:39,8,New onboarding,will order next week
V02792,BDM001,Sundar R,OA0214,Sri Krishna Telecom,2026-06-13,10:29,10,routine,shop closed
V02793,BDM008,Sathya N,OA0588,Sri Balaji Electronics,2026-06-23,11:29,45,Routine visit,
V02794,BDM011,Ilango M,OA0078,,30/05/2026,14:35,20,routine,
V02795,BDM003,Vetri S,OA0676,Prime Cellpoint,26/06/2026,10:29,10,Order,owner not available
V02796,BDM006,Jegan R,OA0542,Kumaran Traders,21/07/2026,11:30,30,Stock check,
V02797,BDM010,Praveen K,OA0402,Kumaran Digital,08/05/2026,15:10,20,Collection,asked for better margin
V02798,BDM012,Yuvaraj S,OA0462,Royal Digital,2026-07-06,12:23,8,Stock check,discussed scheme
V02799,BDM001,Sundar R,OA0326,Selvam Communications,19/06/2026,13:53,,New onboarding,
V02800,BDM002,Prakash M,OA0162,Ram Mobile,21/05/2026,17:05,30,Order,asked for better margin
V02801,BDM002,Prakash M,OA0592,iStore Electronics,15/07/2026,11:50,12,routine,discussed scheme
V02802,BDM009,Gowtham S,OA0132,Big C Agencies,2026-06-06,13:03,20,New onboarding,display not as per norms
V02803,BDM001,Sundar R,OA0437,Thangam Mobile,21/06/2026,10:37,25,Complaint,
V02804,BDM010,Praveen K,OA0321,Vasanth Enterprises,19/06/2026,12:08,25,Follow up,owner not available
V02805,BDM004,Ashok Kumar,OA0521,Meenakshi Mobile,2026-07-09,12:00,20,,owner not available
V02806,BDM004,Ashok Kumar,OA0286,,12/06/2026,12:13,25,followup,discussed scheme
V02807,BDM004,Ashok Kumar,OA0716,Anandha Communications,24/07/2026,14:59,10,,display not as per norms
V02808,BDM004,Ashok Kumar,OA0202,Karpagam Communications,23/06/2026,12:02,20,Collection,
V02809,BDM003,Vetri S,OA0502,Lakshmi Gadgets,2026-05-15,13:58,10,New onboarding,display not as per norms
V02810,BDM004,Ashok Kumar,OA0036,Jeyam Digital,17/05/2026,11:11,15,followup,discussed scheme
V02811,BDM008,Sathya N,OA0016,Universal Infotech,30/05/2026,11:06,25,New onboarding,collection pending
V02812,BDM008,Sathya N,OA0143,Chennai Silks Communications,2026-06-15,12:44,10,followup,discussed scheme
V02813,BDM001,Sundar R,OA0784,,2026-06-12,13:24,15,Complaint,
V02814,BDM008,Sathya N,OA0687,Bharath Communications,30/06/2026,14:54,12,Stock check,stock displayed
V02815,BDM011,Ilango M,OA0397,Vasanth Traders,19/06/2026,13:00,,Routine visit,discussed scheme
V02816,BDM001,Sundar R,OA0234,Big C Infotech,07/07/2026,14:20,20,Collection,display not as per norms
V02817,BDM003,Vetri S,OA0129,Vasanth Traders,07/05/2026,15:18,12,New onboarding,owner not available
V02818,BDM011,Ilango M,OA0200,Devi Gadgets,01/07/2026,10:28,45,routine,shop closed
V02819,BDM009,Gowtham S,OA0530,Selvam Agencies,03/06/2026,11:02,,routine,will order next week
V02820,BDM001,Sundar R,OA0326,Selvam Communications,02/05/2026,13:20,8,Routine visit,shop closed
V02821,BDM002,Prakash M,OA0675,Jeyam Enterprises,2026-06-21,14:03,30,Routine visit,display not as per norms
V02822,BDM010,Praveen K,OA0518,Thangam Mobile,11/06/2026,12:00,,Routine visit,stock displayed
V02823,BDM005,Dhanush P,OA0494,New Star Telecom,23/07/2026,12:06,20,Complaint,owner not available
V02824,BDM004,Ashok Kumar,OA0615,Selvam Electronics,05/06/2026,12:05,10,Collection,
V02825,BDM011,Ilango M,OA0593,New Star Digital,2026-05-21,14:02,12,Order,
V02826,BDM005,Dhanush P,OA0599,Saravana Cellpoint,26/05/2026,11:54,5,Follow up,discussed scheme
V02827,BDM006,Jegan R,OA0536,Bharath Traders,2026-06-13,10:06,30,,
V02828,BDM010,Praveen K,OA0717,Poorvika Traders,02/07/2026,17:00,20,Routine visit,
V02829,BDM006,Jegan R,OA0047,Sakthi Infotech,2026-06-28,13:18,20,followup,stock displayed
V02830,BDM006,Jegan R,OA0734,Lakshmi Traders,20/07/2026,13:01,,Stock check,
V02831,BDM012,Yuvaraj S,OA0742,Lakshmi Enterprises,2026-06-06,13:08,15,Collection,
V02832,BDM002,Prakash M,OA0677,Chennai Silks Electronics,08/06/2026,10:52,10,Collection,stock displayed
V02833,BDM005,Dhanush P,OA0203,Karpagam Traders,2026-05-07,14:15,,routine,
V02834,BDM001,Sundar R,OA0382,iStore Traders,23/06/2026,11:16,5,Complaint,
V02835,BDM005,Dhanush P,OA0753,Big C Traders,18/07/2026,11:16,30,Routine visit,stock displayed
V02836,BDM003,Vetri S,OA0750,Vasanth Cellpoint,11/05/2026,12:58,8,routine,owner not available
V02837,BDM003,Vetri S,OA0579,Saravana Telecom,29/06/2026,16:43,8,Follow up,asked for better margin
V02838,BDM011,Ilango M,OA0700,Lakshmi Electronics,21/05/2026,10:13,25,Follow up,
V02839,BDM008,Sathya N,OA0389,Lakshmi Enterprises,05/07/2026,11:38,30,Order,
V02840,BDM011,Ilango M,OA0721,Devi Agencies,2026-07-01,11:12,45,Routine visit,stock displayed
V02841,BDM009,Gowtham S,OA0614,Sri Balaji Traders,20/07/2026,15:19,12,,
V02842,BDM005,Dhanush P,OA0084,Galaxy Mobile,2026-07-01,11:55,45,routine,
V02843,BDM005,Dhanush P,OA0347,Thangam Mobiles,22/07/2026,11:09,25,Complaint,
V02844,BDM007,Mohan Raj,OA0106,Sri Krishna Mobile,04/06/2026,12:40,,Complaint,stock displayed
V02845,BDM012,Yuvaraj S,OA0062,Jeyam Telecom,2026-05-30,02:21,,Order,collection pending
V02846,BDM011,Ilango M,OA0700,Lakshmi Electronics,09/06/2026,15:18,30,followup,collection pending
V02847,BDM012,Yuvaraj S,OA0449,Muthu Mobile,17/06/2026,11:18,,Collection,
V02848,BDM007,Mohan Raj,OA0238,Vinayaga Electronics,06/06/2026,10:03,10,routine,
V02849,BDM002,Prakash M,OA0498,Sangeetha Cellpoint,2026-05-08,15:09,15,Follow up,stock displayed
V02850,BDM010,Praveen K,OA0324,Sri Balaji Traders,18/07/2026,10:29,20,routine,will order next week
V02851,BDM002,Prakash M,OA0052,Kumaran Agencies,21/05/2026,17:16,20,routine,stock displayed
V02852,BDM009,Gowtham S,OA0370,Muthu Electronics,10/05/2026,10:57,8,Complaint,
V02853,BDM005,Dhanush P,OA0189,Muthu Cellpoint,25/06/2026,13:01,20,Follow up,owner not available
V02854,BDM011,Ilango M,OA0309,Ganesh Cellpoint,29/06/2026,12:31,30,Routine visit,
V02855,BDM011,Ilango M,OA0413,,2026-05-14,15:58,30,followup,
V02856,BDM005,Dhanush P,OA0465,Vasanth Electronics,21/07/2026,16:22,20,Follow up,
V02857,BDM011,Ilango M,OA0597,Selvam Electronics,2026-07-10,10:48,15,routine,
V02858,BDM012,Yuvaraj S,OA0729,Amman Gadgets,26/06/2026,14:59,,Complaint,collection pending
V02859,BDM007,Mohan Raj,OA0683,Lakshmi Telecom,2026-06-23,03:30,,Complaint,discussed scheme
V02860,BDM005,Dhanush P,OA0706,iStore Infotech,05/05/2026,10:47,5,followup,will order next week
V02861,BDM011,Ilango M,OA0109,Bharath Infotech,19/05/2026,14:45,25,New onboarding,asked for better margin
V02862,BDM007,Mohan Raj,OA0153,Galaxy Infotech,18/06/2026,11:55,,Stock check,shop closed
V02863,BDM005,Dhanush P,OA0737,Vasanth Agencies,2026-05-11,14:42,8,,shop closed
V02864,BDM012,Yuvaraj S,OA0550,Galaxy Mobile,2026-07-09,12:21,10,Routine visit,discussed scheme
V02865,BDM005,Dhanush P,OA0693,Poorvika Agencies,30/05/2026,10:10,30,New onboarding,
V02866,BDM010,Praveen K,OA0100,Ram Agencies,30/06/2026,10:33,8,New onboarding,shop closed
V02867,BDM002,Prakash M,OA0673,Karpagam Cellpoint,02/05/2026,13:01,,Routine visit,
V02868,BDM003,Vetri S,OA0578,Sri Krishna Cellpoint,15/06/2026,10:14,25,Routine visit,
V02869,BDM012,Yuvaraj S,OA0034,Poorvika Digital,26/05/2026,13:50,45,Stock check,owner not available
V02870,BDM005,Dhanush P,OA0693,Poorvika Agencies,05/06/2026,13:56,20,,stock displayed
V02871,BDM010,Praveen K,OA0717,Poorvika Traders,25/06/2026,12:00,25,Routine visit,owner not available
V02872,BDM005,Dhanush P,OA0494,New Star Telecom,2026-06-11,10:02,,Complaint,
V02873,BDM006,Jegan R,OA0415,Jeyam Electronics,2026-06-11,10:48,20,,
V02874,BDM011,Ilango M,OA0560,Sri Krishna Communications,12/06/2026,16:41,,Stock check,
V02875,BDM010,Praveen K,OA0638,Royal Enterprises,20/07/2026,14:10,45,Complaint,owner not available
V02876,BDM011,Ilango M,OA0642,Anandha Telecom,2026-05-01,12:15,10,Collection,display not as per norms
V02877,BDM010,Praveen K,OA0717,Poorvika Traders,27/05/2026,10:07,10,followup,will order next week
V02878,BDM010,Praveen K,OA0602,Sangeetha Electronics,03/06/2026,12:59,20,New onboarding,stock displayed
V02879,BDM006,Jegan R,OA0440,Vasanth Telecom,2026-06-24,10:26,,New onboarding,collection pending
V02880,BDM008,Sathya N,OA0113,Sakthi Infotech,08/07/2026,14:35,5,routine,owner not available
V02881,BDM005,Dhanush P,OA0193,Ganesh Infotech,14/05/2026,13:20,,routine,
V02882,BDM012,Yuvaraj S,OA0407,Meenakshi Enterprises,11/07/2026,12:30,12,Routine visit,
V02883,BDM003,Vetri S,OA0750,Vasanth Cellpoint,03/07/2026,13:58,8,routine,shop closed
V02884,BDM003,Vetri S,OA0271,Amman Telecom,11/07/2026,10:04,30,Follow up,
V02885,BDM006,Jegan R,OA0089,iStore Enterprises,09/07/2026,14:58,20,New onboarding,
V02886,BDM001,Sundar R,OA0618,City Telecom,16/07/2026,11:48,,routine,shop closed
V02887,BDM003,Vetri S,OA0289,Meenakshi Agencies,16/05/2026,13:11,10,routine,discussed scheme
V02888,BDM002,Prakash M,OA0474,Mobile World Electronics,2026-06-15,13:35,,followup,asked for better margin
V02889,BDM012,Yuvaraj S,OA0522,Galaxy Telecom,2026-05-31,14:05,20,Follow up,
V02890,BDM012,Yuvaraj S,OA0527,Devi Mobile,19/05/2026,15:00,20,Routine visit,shop closed
V02891,BDM009,Gowtham S,OA0386,Prime Mobiles,14/07/2026,16:33,12,Stock check,owner not available
V02892,BDM007,Mohan Raj,OA0506,Galaxy Cellpoint,10/06/2026,11:27,5,New onboarding,shop closed
V02893,BDM005,Dhanush P,OA0654,Anandha Mobiles,05/05/2026,15:29,15,Stock check,will order next week
V02894,BDM002,Prakash M,OA0719,Sakthi Infotech,03/06/2026,10:59,12,New onboarding,owner not available
V02895,BDM001,Sundar R,OA0617,Bharath Agencies,05/06/2026,15:03,10,New onboarding,stock displayed
V02896,BDM004,Ashok Kumar,OA0137,Vasanth Enterprises,2026-07-25,14:35,45,Complaint,stock displayed
V02897,BDM008,Sathya N,OA0540,Karpagam Mobile,03/06/2026,16:26,25,routine,owner not available
V02898,BDM005,Dhanush P,OA0654,Anandha Mobiles,25/05/2026,11:05,20,Complaint,owner not available
V02899,BDM009,Gowtham S,OA0338,Universal Communications,10/07/2026,16:02,20,followup,
V02900,BDM011,Ilango M,OA0495,iStore Gadgets,17/07/2026,,5,Collection,owner not available
V02901,BDM011,Ilango M,OA0797,Amman Gadgets,20/06/2026,14:46,5,Stock check,
V02902,BDM012,Yuvaraj S,OA0709,New Star Mobile,2026-07-11,10:21,30,Routine visit,owner not available
V02903,BDM008,Sathya N,OA0236,Galaxy Mobiles,03/06/2026,15:16,10,Collection,collection pending
V02904,BDM005,Dhanush P,OA0394,Prime Mobile,06/05/2026,10:39,45,Stock check,asked for better margin
V02905,BDM009,Gowtham S,OA0718,Vinayaga Infotech,27/05/2026,16:08,5,followup,shop closed
V02906,BDM012,Yuvaraj S,OA0046,Selvam Infotech,03/06/2026,15:23,,Follow up,discussed scheme
V02907,BDM005,Dhanush P,OA0693,Poorvika Agencies,27/06/2026,11:41,12,Routine visit,asked for better margin
V02908,BDM010,Praveen K,OA0128,Prime Infotech,03/06/2026,17:10,15,Collection,will order next week
V02909,BDM009,Gowtham S,OA0594,Sangeetha Cellpoint,30/06/2026,14:54,45,Routine visit,
V02910,BDM008,Sathya N,OA0107,Sri Krishna Traders,22/06/2026,11:47,12,routine,
V02911,BDM010,Praveen K,OA0463,Royal Cellpoint,2026-06-28,11:23,25,followup,display not as per norms
V02912,BDM010,Praveen K,OA0717,Poorvika Traders,21/05/2026,14:00,25,Routine visit,
V02913,BDM006,Jegan R,OA0628,Selvam Infotech,07/07/2026,10:07,12,Routine visit,owner not available
V02914,BDM010,Praveen K,OA0602,Sangeetha Electronics,29/05/2026,11:43,8,Order,
V02915,BDM008,Sathya N,OA0567,City Gadgets,11/05/2026,11:03,,followup,will order next week
V02916,BDM007,Mohan Raj,OA0170,Saravana Enterprises,2026-06-26,10:16,,followup,
V02917,BDM012,Yuvaraj S,OA0527,Devi Mobile,21/07/2026,17:00,20,Routine visit,asked for better margin
V02918,BDM005,Dhanush P,OA0281,iStore Communications,2026-05-04,12:00,8,followup,discussed scheme
V02919,BDM007,Mohan Raj,OA0312,Meenakshi Traders,2026-06-15,14:00,25,Routine visit,discussed scheme
V02920,BDM006,Jegan R,OA0734,Lakshmi Traders,06/06/2026,15:35,45,Stock check,
V02921,BDM004,Ashok Kumar,OA0168,Jeyam Traders,23/06/2026,12:08,30,Collection,asked for better margin
V02922,BDM011,Ilango M,OA0246,,2026-07-21,16:03,25,Order,will order next week
V02923,BDM007,Mohan Raj,OA0776,Sri Krishna Cellpoint,2026-07-03,10:38,20,routine,owner not available
V02924,BDM009,Gowtham S,OA0257,Vinayaga Mobiles,2026-05-15,11:52,45,,shop closed
V02925,BDM010,Praveen K,OA0380,Modern Traders,30/06/2026,17:10,5,Collection,
V02926,BDM010,Praveen K,OA0602,Sangeetha Electronics,10/07/2026,15:57,12,routine,
V02927,BDM005,Dhanush P,OA0533,Universal Mobile,09/06/2026,17:05,,,display not as per norms
V02928,BDM005,Dhanush P,OA0626,Galaxy Cellpoint,15/05/2026,10:22,45,Stock check,collection pending
V02929,BDM003,Vetri S,OA0142,Bharath Agencies,2026-06-06,13:18,20,Collection,shop closed
V02930,BDM008,Sathya N,OA0566,Ganesh Gadgets,07/07/2026,10:19,10,Collection,collection pending
V02931,BDM007,Mohan Raj,OA0817,ISTORE TELECOM,15/06/2026,12:25,25,routine,owner not available
V02932,BDM007,Mohan Raj,OA0039,Big C Electronics,2026-07-15,13:02,20,followup,display not as per norms
V02933,BDM011,Ilango M,OA0730,Saravana Communications,2026-06-02,13:00,25,Routine visit,
V02934,BDM010,Praveen K,OA0669,Bharath Enterprises,28/07/2026,11:55,10,Complaint,will order next week
V02935,BDM002,Prakash M,OA0546,Ganesh Agencies,2026-07-08,12:38,,Complaint,
V02936,BDM001,Sundar R,OA0154,Karpagam Enterprises,24/06/2026,16:01,20,routine,discussed scheme
V02937,BDM004,Ashok Kumar,OA0575,Ganesh Gadgets,15/06/2026,15:59,20,Routine visit,owner not available
V02938,BDM011,Ilango M,OA0597,Selvam Electronics,12/06/2026,11:41,15,routine,
V02939,BDM008,Sathya N,OA0682,Thangam Cellpoint,13/07/2026,14:16,10,,shop closed
V02940,BDM010,Praveen K,OA0717,Poorvika Traders,18/06/2026,14:00,30,Routine visit,shop closed
V02941,BDM006,Jegan R,OA0415,Jeyam Electronics,19/06/2026,14:07,,Stock check,will order next week
V02942,BDM002,Prakash M,OA0705,Bharath Agencies,2026-05-08,12:20,25,New onboarding,
V02943,BDM012,Yuvaraj S,OA0062,Jeyam Telecom,18/05/2026,12:22,45,followup,owner not available
V02944,BDM004,Ashok Kumar,OA0036,Jeyam Digital,25/05/2026,13:45,5,Stock check,discussed scheme
V02945,BDM009,Gowtham S,OA0344,Galaxy Electronics,2026-06-06,11:13,5,followup,
V02946,BDM010,Praveen K,OA0128,Prime Infotech,2026-07-30,12:34,20,New onboarding,owner not available
V02947,BDM010,Praveen K,OA0100,Ram Agencies,07/07/2026,12:12,,Order,owner not available
V02948,BDM003,Vetri S,OA0161,New Star Infotech,26/06/2026,12:49,20,Stock check,shop closed
V02949,BDM001,Sundar R,OA0298,Sri Krishna Electronics,25/06/2026,12:11,15,routine,
V02950,BDM002,Prakash M,OA0351,Devi Infotech,08/05/2026,10:45,,routine,will order next week
V02951,BDM001,Sundar R,OA0743,Sri Balaji Traders,14/05/2026,12:41,,Collection,
V02952,BDM012,Yuvaraj S,OA0358,,02/06/2026,13:38,30,routine,shop closed
V02953,BDM011,Ilango M,OA0730,Saravana Communications,05/05/2026,13:00,30,Routine visit,
V02954,BDM008,Sathya N,OA0373,Sri Balaji Mobiles,07/07/2026,12:07,,New onboarding,asked for better margin
V02955,BDM005,Dhanush P,OA0189,Muthu Cellpoint,24/06/2026,15:02,15,Complaint,
V02956,BDM012,Yuvaraj S,OA0206,City Digital,23/07/2026,12:58,25,routine,owner not available
V02957,BDM009,Gowtham S,OA0614,Sri Balaji Traders,14/05/2026,12:37,20,Order,collection pending
V02958,BDM004,Ashok Kumar,OA0681,Lakshmi Agencies,18/06/2026,10:41,8,Stock check,collection pending
V02959,BDM004,Ashok Kumar,OA0186,Ram Communications,2026-06-23,12:00,20,Follow up,owner not available
V02960,BDM012,Yuvaraj S,OA0104,Galaxy Telecom,2026-06-01,16:49,8,Routine visit,discussed scheme
V02961,BDM004,Ashok Kumar,OA0363,Saravana Mobiles,23/06/2026,12:09,15,Stock check,owner not available
V02962,BDM007,Mohan Raj,OA0746,,2026-05-19,13:31,,Collection,
V02963,BDM007,Mohan Raj,OA0686,Royal Electronics,05/06/2026,14:22,20,New onboarding,
V02964,BDM004,Ashok Kumar,OA0032,Modern Cellpoint,2026-05-09,11:55,,Order,
V02965,BDM005,Dhanush P,OA0394,Prime Mobile,18/05/2026,15:36,45,Complaint,shop closed
V02966,BDM005,Dhanush P,OA0193,,12/06/2026,10:16,45,Collection,stock displayed
V02967,BDM010,Praveen K,OA0375,,2026-06-03,10:04,20,followup,
V02968,BDM004,Ashok Kumar,OA0264,Thangam Enterprises,17/06/2026,15:09,10,Follow up,
V02969,BDM003,Vetri S,OA0053,Big C Agencies,01/07/2026,14:24,10,Follow up,shop closed
V02970,BDM004,Ashok Kumar,OA0264,Thangam Enterprises,06/06/2026,13:12,25,,
V02971,BDM010,Praveen K,OA0463,Royal Cellpoint,16/05/2026,10:34,30,New onboarding,collection pending
V02972,BDM007,Mohan Raj,OA0535,Ram Traders,2026-06-04,13:46,25,New onboarding,
V02973,BDM009,Gowtham S,OA0614,Sri Balaji Traders,05/06/2026,12:14,15,New onboarding,
V02974,BDM009,Gowtham S,OA0257,Vinayaga Mobiles,2026-06-10,15:21,8,Order,collection pending
V02975,BDM003,Vetri S,OA0596,Saravana Mobile,23/07/2026,14:08,20,Order,
V02976,BDM011,Ilango M,OA0534,Royal Traders,16/05/2026,15:09,15,followup,
V02977,BDM006,Jegan R,OA0390,Vasanth Enterprises,2026-06-15,12:13,25,Follow up,
V02978,BDM002,Prakash M,OA0160,Jeyam Electronics,23/06/2026,10:17,5,Order,discussed scheme
V02979,BDM011,Ilango M,OA0556,Amman Traders,2026-07-08,15:09,45,Follow up,shop closed
V02980,BDM002,Prakash M,OA0035,Selvam Electronics,12/06/2026,15:27,25,routine,owner not available
V02981,BDM003,Vetri S,OA0107,Sri Krishna Traders,30/07/2026,12:00,25,Routine visit,
V02982,BDM008,Sathya N,OA0016,Universal Infotech,2026-06-25,11:27,25,Follow up,asked for better margin
V02983,BDM011,Ilango M,OA0642,Anandha Telecom,29/06/2026,11:41,25,Complaint,shop closed
V02984,BDM011,Ilango M,OA0534,Royal Traders,11/05/2026,12:43,,Stock check,
V02985,BDM009,Gowtham S,OA0418,Prime Digital,12/05/2026,11:01,30,Stock check,collection pending
V02986,BDM006,Jegan R,OA0517,Sri Balaji Gadgets,2026-07-27,13:00,25,Collection,
V02987,BDM005,Dhanush P,OA0585,Meenakshi Cellpoint,01/06/2026,13:12,25,routine,
V02988,BDM002,Prakash M,OA0460,Big C Electronics,08/06/2026,10:20,12,Stock check,stock displayed
V02989,BDM001,Sundar R,OA0436,Vinayaga Agencies,01/07/2026,12:42,25,New onboarding,shop closed
V02990,BDM003,Vetri S,OA0053,Big C Agencies,27/05/2026,12:03,15,New onboarding,
V02991,BDM010,Praveen K,OA0818,Selvam Agencies ,10/06/2026,10:00,20,Routine visit,
V02992,BDM006,Jegan R,OA0085,Prime Enterprises,04/05/2026,13:20,15,Collection,display not as per norms
V02993,BDM005,Dhanush P,OA0177,Thangam Mobiles,04/06/2026,14:59,,Complaint,collection pending
V02994,BDM009,Gowtham S,OA0187,Sakthi Electronics,2026-07-28,13:33,10,Collection,
V02995,BDM004,Ashok Kumar,OA0025,Sangeetha Agencies,02/07/2026,13:05,10,Follow up,
V02996,BDM009,Gowtham S,OA0257,Vinayaga Mobiles,12/05/2026,10:34,25,Stock check,
V02997,BDM005,Dhanush P,OA0158,Ganesh Electronics,2026-06-20,11:49,12,,stock displayed
V02998,BDM005,Dhanush P,OA0599,Saravana Cellpoint,2026-05-23,11:48,20,,display not as per norms
V02999,BDM003,Vetri S,OA0476,Anandha Telecom,2026-07-16,14:47,8,Routine visit,display not as per norms
V03000,BDM003,Vetri S,OA0731,Mobile World Gadgets,04/05/2026,13:16,15,New onboarding,stock displayed
V03001,BDM006,Jegan R,OA0332,Sri Krishna Gadgets,25/07/2026,11:26,8,Routine visit,collection pending
V03002,BDM003,Vetri S,OA0156,Sakthi Mobiles,03/07/2026,14:57,5,Order,collection pending
V03003,BDM007,Mohan Raj,OA0535,Ram Traders,2026-05-04,11:00,30,Order,owner not available
V03004,BDM005,Dhanush P,OA0470,Sangeetha Mobiles,30/07/2026,11:24,5,Complaint,owner not available
V03005,BDM009,Gowtham S,OA0296,Galaxy Gadgets,27/06/2026,14:45,15,Routine visit,discussed scheme
V03006,BDM002,Prakash M,OA0162,Ram Mobile,16/07/2026,10:29,10,routine,stock displayed
V03007,BDM007,Mohan Raj,OA0305,iStore Telecom,2026-05-23,10:58,30,Follow up,collection pending
V03008,BDM011,Ilango M,OA0303,,13/07/2026,12:12,8,Collection,
V03009,BDM008,Sathya N,OA0107,Sri Krishna Traders,07/07/2026,15:34,5,routine,asked for better margin
V03010,BDM009,Gowtham S,OA0594,Sangeetha Cellpoint,2026-07-20,13:19,15,Order,display not as per norms
V03011,BDM011,Ilango M,OA0721,Devi Agencies,14/05/2026,11:08,45,Collection,
V03012,BDM011,Ilango M,OA0200,Devi Gadgets,01/05/2026,11:23,15,,display not as per norms
V03013,BDM002,Prakash M,OA0677,Chennai Silks Electronics,2026-06-02,10:56,25,Complaint,owner not available
V03014,BDM005,Dhanush P,OA0573,Muthu Communications,09/06/2026,11:59,,Complaint,
V03015,BDM001,Sundar R,OA0553,Anandha Agencies,2026-07-21,10:03,30,routine,
V03016,BDM004,Ashok Kumar,OA0211,Poorvika Gadgets,2026-06-21,14:34,8,New onboarding,
V03017,BDM003,Vetri S,OA0631,Chennai Silks Gadgets,04/06/2026,11:59,15,Order,asked for better margin
V03018,BDM009,Gowtham S,OA0401,Sakthi Traders,27/06/2026,13:45,25,followup,
V03019,BDM007,Mohan Raj,OA0117,Anandha Enterprises,13/07/2026,11:20,15,New onboarding,shop closed
V03020,BDM002,Prakash M,OA0500,Karpagam Infotech,2026-06-13,12:49,10,routine,
V03021,BDM006,Jegan R,OA0384,Bharath Mobile,2026-06-15,10:25,5,Complaint,asked for better margin
V03022,BDM002,Prakash M,OA0558,Mobile World Agencies,2026-05-21,17:09,30,,
V03023,BDM012,Yuvaraj S,OA0698,Sri Balaji Gadgets,2026-07-15,13:01,15,Routine visit,stock displayed
V03024,BDM012,Yuvaraj S,OA0358,Royal Enterprises,06/07/2026,12:59,15,Order,
V03025,BDM008,Sathya N,OA0785,Prime Traders,09/05/2026,14:39,,Follow up,
V03026,BDM002,Prakash M,OA0585,Meenakshi Cellpoint,2026-05-15,13:00,30,Routine visit,display not as per norms
V03027,BDM009,Gowtham S,OA0549,Royal Gadgets,05/07/2026,17:00,20,Routine visit,
V03028,BDM011,Ilango M,OA0022,Chennai Silks Mobiles,30/05/2026,17:00,20,Routine visit,
V03029,BDM009,Gowtham S,OA0254,Vinayaga Infotech,2026-06-05,10:28,,routine,display not as per norms
V03030,BDM004,Ashok Kumar,OA0670,Jeyam Digital,03/07/2026,13:16,30,New onboarding,shop closed
V03031,BDM012,Yuvaraj S,OA0319,Sri Krishna Mobile,02/05/2026,15:47,30,followup,
V03032,BDM012,Yuvaraj S,OA0082,Royal Electronics,16/07/2026,12:11,45,Routine visit,
V03033,BDM012,Yuvaraj S,OA0694,Devi Mobile,06/06/2026,13:10,15,Order,display not as per norms
V03034,BDM011,Ilango M,OA0755,Poorvika Traders,23/07/2026,11:04,15,Complaint,shop closed
V03035,BDM004,Ashok Kumar,OA0780,Devi Infotech,27/07/2026,15:00,12,Stock check,shop closed
V03036,BDM001,Sundar R,OA0730,Saravana Communications,24/06/2026,10:40,5,Complaint,asked for better margin
V03037,BDM007,Mohan Raj,OA0775,Prime Digital,14/07/2026,15:08,15,Stock check,
V03038,BDM004,Ashok Kumar,OA0716,Anandha Communications,2026-06-21,12:15,,Collection,display not as per norms
V03039,BDM004,Ashok Kumar,OA0486,Jeyam Infotech,2026-05-27,13:28,20,New onboarding,shop closed
V03040,BDM003,Vetri S,OA0050,Big C Electronics,15/05/2026,10:02,20,,stock displayed
V03041,BDM012,Yuvaraj S,OA0313,Chennai Silks Digital,2026-06-02,12:09,15,routine,display not as per norms
V03042,BDM002,Prakash M,OA0531,Prime Cellpoint,03/06/2026,11:46,15,Stock check,collection pending
V03043,BDM003,Vetri S,OA0334,Bharath Electronics,25/06/2026,12:12,30,Complaint,shop closed
V03044,BDM007,Mohan Raj,OA0563,Anandha Traders,25/05/2026,13:29,15,Stock check,
V03045,BDM011,Ilango M,OA0397,Vasanth Traders,2026-07-10,13:00,30,Routine visit,
V03046,BDM008,Sathya N,OA0229,Sri Krishna Digital,03/06/2026,13:27,30,New onboarding,will order next week
V03047,BDM001,Sundar R,OA0029,Lakshmi Traders,18/06/2026,11:55,10,,display not as per norms
V03048,BDM005,Dhanush P,OA0347,Thangam Mobiles,2026-07-16,12:45,20,Routine visit,stock displayed
V03049,BDM001,Sundar R,OA0730,Saravana Communications,30/05/2026,14:07,5,followup,asked for better margin
V03050,BDM008,Sathya N,OA0701,City Infotech,2026-05-08,15:29,8,Complaint,
V03051,BDM002,Prakash M,OA0052,Kumaran Agencies,2026-06-15,12:09,,New onboarding,
V03052,BDM012,Yuvaraj S,OA0062,Jeyam Telecom,2026-07-18,11:26,5,New onboarding,display not as per norms
V03053,BDM011,Ilango M,OA0619,Muthu Infotech,06/05/2026,10:11,15,New onboarding,
V03054,BDM010,Praveen K,OA0314,Muthu Enterprises,2026-07-24,13:22,8,Complaint,display not as per norms
V03055,BDM009,Gowtham S,OA0458,Saravana Agencies,14/05/2026,13:51,45,followup,
V03056,BDM001,Sundar R,OA0487,Sri Krishna Enterprises,14/05/2026,11:16,,,
V03057,BDM001,Sundar R,OA0051,Muthu Cellpoint,2026-05-11,14:26,5,Follow up,display not as per norms
V03058,BDM012,Yuvaraj S,OA0293,Mobile World Gadgets,10/07/2026,12:04,20,routine,display not as per norms
V03059,BDM012,Yuvaraj S,OA0694,Devi Mobile,2026-05-08,12:04,45,routine,collection pending
V03060,BDM012,Yuvaraj S,OA0252,Saravana Gadgets,17/06/2026,14:47,10,New onboarding,collection pending
V03061,BDM006,Jegan R,OA0166,Big C Infotech,2026-07-24,15:16,25,Order,
V03062,BDM010,Praveen K,OA0634,Poorvika Cellpoint,15/06/2026,11:52,8,followup,discussed scheme
V03063,BDM006,Jegan R,OA0734,Lakshmi Traders,29/07/2026,13:14,15,New onboarding,
V03064,BDM007,Mohan Raj,OA0582,Vasanth Digital,2026-06-13,11:33,12,followup,discussed scheme
V03065,BDM002,Prakash M,OA0752,,2026-07-23,11:13,20,Follow up,will order next week
V03066,BDM012,Yuvaraj S,OA0319,Sri Krishna Mobile,10/06/2026,14:12,45,Collection,display not as per norms
V03067,BDM012,Yuvaraj S,OA0604,Meenakshi Enterprises,21/07/2026,11:15,8,followup,asked for better margin
V03068,BDM006,Jegan R,OA0237,Jeyam Traders,20/07/2026,14:04,15,Complaint,
V03069,BDM003,Vetri S,OA0340,Devi Agencies,27/06/2026,12:45,5,routine,collection pending
V03070,BDM012,Yuvaraj S,OA0367,Devi Gadgets,30/06/2026,10:03,12,Collection,display not as per norms
V03071,BDM008,Sathya N,OA0714,Karpagam Digital,27/07/2026,15:00,30,Routine visit,
V03072,BDM001,Sundar R,OA0707,iStore Enterprises,2026-05-18,13:00,20,Routine visit,
V03073,BDM008,Sathya N,OA0235,Muthu Gadgets,15/05/2026,11:29,,followup,
V03074,BDM012,Yuvaraj S,OA0770,Sri Krishna Agencies,2026-06-12,10:36,20,Complaint,asked for better margin
V03075,BDM009,Gowtham S,OA0714,Karpagam Digital,14/05/2026,10:33,,New onboarding,
V03076,BDM007,Mohan Raj,OA0427,Vinayaga Mobile,2026-06-02,12:00,,Order,shop closed
V03077,BDM009,Gowtham S,OA0782,City Mobiles,10/07/2026,16:11,20,routine,will order next week
V03078,BDM008,Sathya N,OA0016,Universal Infotech,25/05/2026,12:13,30,Collection,
V03079,BDM004,Ashok Kumar,OA0019,Poorvika Gadgets,26/06/2026,13:11,5,Follow up,
V03080,BDM002,Prakash M,OA0328,New Star Telecom,2026-06-15,14:05,30,Stock check,
V03081,BDM001,Sundar R,OA0529,iStore Enterprises,15/07/2026,10:52,,followup,
V03082,BDM012,Yuvaraj S,OA0493,Bharath Traders,2026-05-15,12:19,45,Stock check,owner not available
V03083,BDM003,Vetri S,OA0502,Lakshmi Gadgets,05/07/2026,15:29,15,Collection,discussed scheme
V03084,BDM009,Gowtham S,OA0479,Vasanth Cellpoint,09/07/2026,14:47,,Stock check,
V03085,BDM012,Yuvaraj S,OA0290,iStore Communications,11/05/2026,12:45,15,followup,will order next week
V03086,BDM007,Mohan Raj,OA0115,Bharath Electronics,2026-07-23,14:11,45,Complaint,will order next week
V03087,BDM009,Gowtham S,OA0530,Selvam Agencies,27/07/2026,10:16,20,Complaint,
V03088,BDM001,Sundar R,OA0112,Karpagam Infotech,10/07/2026,12:05,30,routine,display not as per norms
V03089,BDM010,Praveen K,OA0571,Amman Telecom,06/05/2026,11:15,20,Complaint,
V03090,BDM002,Prakash M,OA0035,Selvam Electronics,08/05/2026,15:12,20,Complaint,owner not available
V03091,BDM012,Yuvaraj S,OA0417,Muthu Enterprises,15/06/2026,11:24,10,Follow up,stock displayed
V03092,BDM006,Jegan R,OA0662,Vinayaga Mobile,01/05/2026,16:27,5,Follow up,will order next week
V03093,BDM009,Gowtham S,OA0404,Saravana Gadgets,03/06/2026,14:00,30,Routine visit,shop closed
V03094,BDM005,Dhanush P,OA0470,Sangeetha Mobiles,13/06/2026,14:35,20,Routine visit,stock displayed
V03095,BDM005,Dhanush P,OA0088,Saravana Telecom,29/07/2026,11:55,20,,display not as per norms
V03096,BDM010,Praveen K,OA0128,Prime Infotech,19/05/2026,11:36,45,Routine visit,owner not available
V03097,BDM004,Ashok Kumar,OA0292,Saravana Digital,16/07/2026,14:46,8,Collection,discussed scheme
V03098,BDM001,Sundar R,OA0421,Meenakshi Enterprises,13/05/2026,13:56,,Follow up,stock displayed
V03099,BDM007,Mohan Raj,OA0037,Karpagam Infotech,04/06/2026,15:33,5,routine,owner not available
V03100,BDM004,Ashok Kumar,OA0307,Ram Infotech,21/07/2026,10:13,8,New onboarding,
V03101,BDM003,Vetri S,OA0087,Galaxy Mobile,2026-07-22,11:52,25,Routine visit,
V03102,BDM003,Vetri S,OA0762,Sakthi Electronics,11/06/2026,12:08,,Routine visit,display not as per norms
V03103,BDM004,Ashok Kumar,OA0292,Saravana Digital,29/05/2026,12:01,12,Follow up,
V03104,BDM003,Vetri S,OA0266,Anandha Cellpoint,09/06/2026,10:07,15,Collection,collection pending
V03105,BDM011,Ilango M,OA0811,Big C Agencies ,10/07/2026,11:50,30,followup,
V03106,BDM011,Ilango M,OA0781,,22/07/2026,13:44,10,New onboarding,shop closed
V03107,BDM003,Vetri S,OA0804,Devi Communications ,28/07/2026,12:25,45,Stock check,will order next week
V03108,BDM012,Yuvaraj S,OA0768,City Telecom,29/05/2026,16:26,12,routine,
V03109,BDM010,Praveen K,OA0179,Ram Agencies,2026-07-08,12:47,30,followup,stock displayed
V03110,BDM005,Dhanush P,OA0805,Mobile World Infotech ,29/07/2026,14:50,10,Routine visit,
V03111,BDM010,Praveen K,OA0463,Royal Cellpoint,23/05/2026,15:42,20,followup,discussed scheme
V03112,BDM002,Prakash M,OA0801,SANGEETHA DIGITAL,2026-07-29,10:26,5,routine,discussed scheme
V03113,BDM012,Yuvaraj S,OA0008,Sri Krishna Communications,02/07/2026,11:23,30,followup,
V03114,BDM012,Yuvaraj S,OA0226,Poorvika Gadgets,13/07/2026,14:43,30,,
V03115,BDM011,Ilango M,OA0283,Modern Mobile,25/05/2026,12:38,8,,
V03116,BDM008,Sathya N,OA0196,Universal Gadgets,06/05/2026,,30,Collection,
V03117,BDM006,Jegan R,OA0415,Jeyam Electronics,10/07/2026,10:36,8,followup,collection pending
V03118,BDM010,Praveen K,OA0518,Thangam Mobile,09/07/2026,11:00,30,Routine visit,display not as per norms
V03119,BDM002,Prakash M,OA0328,New Star Telecom,30/07/2026,10:28,,Order,shop closed
V03120,BDM001,Sundar R,OA0055,Saravana Digital,18/05/2026,11:18,12,Follow up,will order next week
V03121,BDM007,Mohan Raj,OA0127,Sangeetha Agencies,2026-06-26,12:13,,followup,discussed scheme
V03122,BDM008,Sathya N,OA0105,,03/06/2026,14:10,12,Stock check,discussed scheme
V03123,BDM010,Praveen K,OA0463,Royal Cellpoint,21/05/2026,12:02,30,Stock check,discussed scheme
V03124,BDM009,Gowtham S,OA0183,Anandha Communications,07/05/2026,11:54,5,,asked for better margin
V03125,BDM002,Prakash M,OA0673,Karpagam Cellpoint,10/06/2026,13:32,30,Routine visit,display not as per norms
V03126,BDM003,Vetri S,OA0652,Modern Infotech,06/06/2026,12:21,20,Routine visit,shop closed
V03127,BDM009,Gowtham S,OA0530,Selvam Agencies,12/06/2026,12:01,15,Routine visit,
V03128,BDM007,Mohan Raj,OA0305,iStore Telecom,14/07/2026,15:00,20,routine,owner not available
V03129,BDM003,Vetri S,OA0345,,2026-07-09,12:28,20,Order,owner not available
V03130,BDM011,Ilango M,OA0412,Big C Enterprises,08/05/2026,16:24,,Order,will order next week
V03131,BDM001,Sundar R,OA0396,Saravana Agencies,2026-06-08,10:24,25,followup,display not as per norms
V03132,BDM006,Jegan R,OA0649,,20/07/2026,14:06,15,Follow up,will order next week
V03133,BDM004,Ashok Kumar,OA0066,Universal Traders,17/07/2026,12:21,8,Follow up,asked for better margin
V03134,BDM012,Yuvaraj S,OA0046,Selvam Infotech,2026-05-12,12:45,8,Complaint,
V03135,BDM006,Jegan R,OA0646,Vinayaga Cellpoint,17/07/2026,14:43,12,Routine visit,asked for better margin
V03136,BDM003,Vetri S,OA0002,Sakthi Telecom,15/06/2026,14:27,30,Order,
V03137,BDM004,Ashok Kumar,OA0292,Saravana Digital,2026-07-28,15:10,15,followup,stock displayed
V03138,BDM009,Gowtham S,OA0370,Muthu Electronics,30/06/2026,14:27,8,followup,display not as per norms
V03139,BDM010,Praveen K,OA0643,Sri Krishna Communications,10/06/2026,10:27,10,Order,
V03140,BDM005,Dhanush P,OA0672,Saravana Cellpoint,07/05/2026,12:20,8,Stock check,shop closed
V03141,BDM011,Ilango M,OA0412,,25/05/2026,14:01,10,Stock check,stock displayed
V03142,BDM007,Mohan Raj,OA0563,,19/05/2026,15:33,,Collection,owner not available
V03143,BDM003,Vetri S,OA0243,Jeyam Digital,03/07/2026,13:10,,,
V03144,BDM010,Praveen K,OA0321,Vasanth Enterprises,13/07/2026,13:50,25,Stock check,discussed scheme
V03145,BDM012,Yuvaraj S,OA0770,Sri Krishna Agencies,11/07/2026,13:28,8,,display not as per norms
V03146,BDM009,Gowtham S,OA0175,Lakshmi Communications,11/07/2026,10:16,8,Order,will order next week
V03147,BDM001,Sundar R,OA0065,Anandha Traders,14/07/2026,14:03,30,Follow up,stock displayed
V03148,BDM001,Sundar R,OA0819,RAM COMMUNICATIONS,27/06/2026,11:02,10,Routine visit,
V03149,BDM010,Praveen K,OA0725,Lakshmi Communications,01/07/2026,14:23,5,routine,shop closed
V03150,BDM006,Jegan R,OA0392,Karpagam Communications,2026-07-27,15:59,20,New onboarding,will order next week
V03151,BDM004,Ashok Kumar,OA0225,Karpagam Cellpoint,28/05/2026,13:44,15,Follow up,collection pending
V03152,BDM009,Gowtham S,OA0789,Modern Cellpoint,25/06/2026,10:49,8,Routine visit,asked for better margin
V03153,BDM002,Prakash M,OA0569,Bharath Gadgets,15/05/2026,13:30,,Stock check,collection pending
V03154,BDM004,Ashok Kumar,OA0119,City Communications,16/06/2026,10:40,8,,will order next week
V03155,BDM011,Ilango M,OA0671,Vasanth Traders,2026-05-14,10:36,,followup,shop closed
V03156,BDM002,Prakash M,OA0167,Meenakshi Telecom,29/05/2026,13:02,20,,discussed scheme
V03157,BDM006,Jegan R,OA0586,Lakshmi Infotech,01/07/2026,13:39,,Follow up,
V03158,BDM008,Sathya N,OA0016,Universal Infotech,21/05/2026,10:56,15,Routine visit,asked for better margin
V03159,BDM001,Sundar R,OA0400,Sri Balaji Traders,2026-07-14,11:10,5,followup,collection pending
V03160,BDM002,Prakash M,OA0660,Universal Mobile,06/06/2026,12:55,25,routine,collection pending
V03161,BDM005,Dhanush P,OA0189,Muthu Cellpoint,2026-07-28,12:20,,New onboarding,will order next week
V03162,BDM004,Ashok Kumar,OA0075,Ram Electronics,2026-07-01,13:36,25,Collection,discussed scheme
V03163,BDM003,Vetri S,OA0222,Karpagam Cellpoint,2026-07-15,15:21,12,Complaint,display not as per norms
V03164,BDM002,Prakash M,OA0660,Universal Mobile,2026-06-18,10:13,5,followup,
V03165,BDM005,Dhanush P,OA0031,City Mobile,14/05/2026,14:08,8,routine,discussed scheme
V03166,BDM005,Dhanush P,OA0805,Mobile World Infotech ,24/07/2026,12:26,5,Order,shop closed
V03167,BDM001,Sundar R,OA0539,Ram Infotech,2026-06-27,12:48,25,New onboarding,
V03168,BDM002,Prakash M,OA0147,Jeyam Enterprises,13/05/2026,11:29,30,Complaint,
V03169,BDM010,Praveen K,OA0245,Karpagam Infotech,04/07/2026,10:11,8,Order,stock displayed
V03170,BDM001,Sundar R,OA0065,Anandha Traders,19/06/2026,13:19,45,Routine visit,
V03171,BDM007,Mohan Raj,OA0580,iStore Mobiles,06/05/2026,11:02,,Stock check,asked for better margin
V03172,BDM001,Sundar R,OA0138,Prime Electronics,2026-05-21,10:39,5,Follow up,stock displayed
V03173,BDM004,Ashok Kumar,OA0149,New Star Telecom,2026-05-11,11:12,10,Stock check,
V03174,BDM009,Gowtham S,OA0276,,07/05/2026,17:11,15,New onboarding,asked for better margin
V03175,BDM007,Mohan Raj,OA0103,New Star Enterprises,04/07/2026,10:09,5,Order,shop closed
V03176,BDM005,Dhanush P,OA0494,New Star Telecom,25/06/2026,12:00,10,Order,will order next week
V03177,BDM011,Ilango M,OA0661,Devi Cellpoint,2026-05-21,13:32,8,Routine visit,collection pending
V03178,BDM002,Prakash M,OA0242,Mobile World Electronics,21/06/2026,15:55,,Routine visit,collection pending
V03179,BDM007,Mohan Raj,OA0817,ISTORE TELECOM,2026-06-02,10:18,25,New onboarding,
V03180,BDM001,Sundar R,OA0159,Meenakshi Mobiles,2026-06-25,11:31,10,New onboarding,stock displayed
V03181,BDM011,Ilango M,OA0454,Muthu Electronics,2026-05-26,12:28,20,Stock check,will order next week
V03182,BDM009,Gowtham S,OA0458,Saravana Agencies,10/05/2026,12:48,,Complaint,asked for better margin
V03183,BDM007,Mohan Raj,OA0817,ISTORE TELECOM,30/06/2026,10:26,30,,shop closed
V03184,BDM011,Ilango M,OA0556,Amman Traders,27/05/2026,11:59,8,Order,will order next week
V03185,BDM001,Sundar R,OA0743,Sri Balaji Traders,18/06/2026,16:20,,Order,owner not available
V03186,BDM004,Ashok Kumar,OA0475,,26/06/2026,10:03,12,followup,
V03187,BDM005,Dhanush P,OA0083,Amman Digital,2026-07-11,11:16,20,Stock check,
V03188,BDM006,Jegan R,OA0628,Selvam Infotech,2026-05-05,13:11,8,,will order next week
V03189,BDM003,Vetri S,OA0073,Universal Communications,14/05/2026,14:39,,Collection,will order next week
V03190,BDM002,Prakash M,OA0772,Ganesh Cellpoint,2026-06-11,12:02,12,routine,
V03191,BDM011,Ilango M,OA0172,iStore Electronics,04/07/2026,11:25,20,Follow up,stock displayed
V03192,BDM005,Dhanush P,OA0757,Universal Enterprises,2026-07-22,11:38,,Complaint,
V03193,BDM010,Praveen K,OA0380,Modern Traders,2026-06-26,10:20,5,Stock check,display not as per norms
V03194,BDM011,Ilango M,OA0303,Sangeetha Enterprises,20/06/2026,13:28,45,Routine visit,discussed scheme
V03195,BDM004,Ashok Kumar,OA0685,Selvam Gadgets,22/07/2026,12:59,15,Follow up,owner not available
V03196,BDM001,Sundar R,OA0408,Galaxy Infotech,04/05/2026,11:19,15,Stock check,
V03197,BDM011,Ilango M,OA0572,Galaxy Traders,20/07/2026,12:06,20,New onboarding,discussed scheme
V03198,BDM004,Ashok Kumar,OA0279,Sangeetha Communications,25/05/2026,14:28,20,Routine visit,
V03199,BDM005,Dhanush P,OA0706,,07/05/2026,13:17,,,stock displayed
V03200,BDM008,Sathya N,OA0773,Karpagam Enterprises,21/05/2026,13:48,15,followup,
V03201,BDM005,Dhanush P,OA0011,Universal Electronics,04/06/2026,11:38,20,Collection,discussed scheme
V03202,BDM009,Gowtham S,OA0404,Saravana Gadgets,2026-05-13,10:00,30,Routine visit,collection pending
V03203,BDM009,Gowtham S,OA0574,Amman Digital,09/07/2026,15:35,,followup,
V03204,BDM002,Prakash M,OA0677,Chennai Silks Electronics,25/07/2026,13:10,10,routine,owner not available
V03205,BDM012,Yuvaraj S,OA0764,Anandha Infotech,2026-06-18,12:33,20,Stock check,
V03206,BDM004,Ashok Kumar,OA0286,Poorvika Telecom,2026-05-13,13:00,30,routine,collection pending
V03207,BDM010,Praveen K,OA0606,Big C Electronics,2026-07-07,10:34,30,New onboarding,
V03208,BDM001,Sundar R,OA0539,Ram Infotech,2026-06-23,14:03,20,followup,shop closed
V03209,BDM007,Mohan Raj,OA0061,Sri Balaji Communications,01/06/2026,13:58,45,,asked for better margin
V03210,BDM011,Ilango M,OA0077,City Enterprises,06/06/2026,11:28,20,Follow up,shop closed
V03211,BDM004,Ashok Kumar,OA0473,Ganesh Cellpoint,2026-07-02,12:00,20,New onboarding,discussed scheme
V03212,BDM009,Gowtham S,OA0699,Universal Communications,2026-05-01,10:18,8,followup,collection pending
V03213,BDM001,Sundar R,OA0613,Devi Infotech,26/06/2026,14:26,25,Follow up,
V03214,BDM001,Sundar R,OA0157,Vasanth Gadgets,2026-05-15,11:09,5,Stock check,owner not available
V03215,BDM001,Sundar R,OA0487,Sri Krishna Enterprises,2026-06-08,14:21,5,routine,display not as per norms
V03216,BDM006,Jegan R,OA0044,Muthu Mobiles,2026-07-10,11:55,8,,asked for better margin
V03217,BDM012,Yuvaraj S,OA0152,Meenakshi Gadgets,10/06/2026,10:17,45,followup,discussed scheme
V03218,BDM012,Yuvaraj S,OA0461,Chennai Silks Traders,16/05/2026,16:10,20,Follow up,stock displayed
V03219,BDM010,Praveen K,OA0310,Devi Digital,06/07/2026,18:05,30,Routine visit,display not as per norms
V03220,BDM006,Jegan R,OA0166,Big C Infotech,05/06/2026,13:06,12,routine,stock displayed
V03221,BDM001,Sundar R,OA0041,,04/07/2026,11:06,20,Follow up,will order next week
V03222,BDM006,Jegan R,OA0044,Muthu Mobiles,06/05/2026,14:02,15,Follow up,collection pending
V03223,BDM012,Yuvaraj S,OA0008,Sri Krishna Communications,29/07/2026,11:09,20,routine,
V03224,BDM004,Ashok Kumar,OA0174,Universal Enterprises,2026-05-13,12:45,15,followup,will order next week
V03225,BDM002,Prakash M,OA0328,New Star Telecom,2026-05-24,10:25,20,routine,stock displayed
V03226,BDM007,Mohan Raj,OA0111,City Infotech,24/06/2026,12:24,,followup,will order next week
V03227,BDM003,Vetri S,OA0635,Kumaran Gadgets,15/07/2026,11:44,20,Follow up,collection pending
V03228,BDM005,Dhanush P,OA0509,Saravana Digital,2026-06-26,11:20,15,Follow up,shop closed
V03229,BDM003,Vetri S,OA0074,Poorvika Cellpoint,03/06/2026,10:21,30,Collection,
V03230,BDM009,Gowtham S,OA0183,Anandha Communications,30/07/2026,14:10,,routine,shop closed
V03231,BDM010,Praveen K,OA0638,Royal Enterprises,10/07/2026,13:08,25,Complaint,
V03232,BDM012,Yuvaraj S,OA0522,Galaxy Telecom,2026-05-16,11:59,8,Order,asked for better margin
V03233,BDM010,Praveen K,OA0643,Sri Krishna Communications,14/07/2026,15:06,20,Routine visit,asked for better margin
V03234,BDM009,Gowtham S,OA0609,Kumaran Infotech,2026-05-09,10:19,12,Order,will order next week
V03235,BDM005,Dhanush P,OA0250,Ram Enterprises,10/06/2026,12:39,12,Stock check,stock displayed
V03236,BDM010,Praveen K,OA0581,Mobile World Telecom,24/06/2026,11:56,8,,shop closed
V03237,BDM007,Mohan Raj,OA0337,Ram Gadgets,28/06/2026,13:35,30,Complaint,discussed scheme
V03238,BDM012,Yuvaraj S,OA0729,Amman Gadgets,22/06/2026,13:28,12,Complaint,asked for better margin
V03239,BDM004,Ashok Kumar,OA0292,Saravana Digital,10/07/2026,10:26,20,followup,display not as per norms
V03240,BDM001,Sundar R,OA0791,,2026-07-15,11:32,,followup,owner not available
V03241,BDM009,Gowtham S,OA0530,Selvam Agencies,25/07/2026,10:44,45,routine,collection pending
V03242,BDM011,Ilango M,OA0495,iStore Gadgets,12/05/2026,13:12,15,New onboarding,display not as per norms
V03243,BDM011,Ilango M,OA0040,Modern Mobile,2026-06-15,14:42,25,routine,
V03244,BDM001,Sundar R,OA0163,Sri Krishna Communications,11/05/2026,10:38,30,followup,will order next week
V03245,BDM011,Ilango M,OA0642,Anandha Telecom,2026-06-08,,10,Follow up,stock displayed
V03246,BDM002,Prakash M,OA0667,Bharath Communications,06/06/2026,13:49,10,routine,
V03247,BDM006,Jegan R,OA0448,Devi Enterprises,23/07/2026,10:43,,Order,
V03248,BDM002,Prakash M,OA0353,New Star Agencies,2026-05-23,16:31,20,Follow up,display not as per norms
V03249,BDM002,Prakash M,OA0498,Sangeetha Cellpoint,30/06/2026,10:33,45,New onboarding,display not as per norms
V03250,BDM008,Sathya N,OA0432,Ram Electronics,12/05/2026,11:15,20,Complaint,discussed scheme
V03251,BDM002,Prakash M,OA0204,Sangeetha Mobiles,18/07/2026,12:10,25,,owner not available
V03252,BDM010,Praveen K,OA0638,Royal Enterprises,2026-05-25,13:13,15,New onboarding,stock displayed
V03253,BDM004,Ashok Kumar,OA0403,Mobile World Digital,06/06/2026,10:42,10,followup,shop closed
V03254,BDM003,Vetri S,OA0176,Sri Krishna Cellpoint,08/05/2026,11:03,12,Order,
V03255,BDM007,Mohan Raj,OA0775,Prime Digital,2026-05-12,14:32,25,New onboarding,
V03256,BDM011,Ilango M,OA0200,Devi Gadgets,08/07/2026,14:25,45,followup,display not as per norms
V03257,BDM005,Dhanush P,OA0069,Mobile World Infotech,05/05/2026,15:05,15,Stock check,shop closed
V03258,BDM002,Prakash M,OA0728,Thangam Telecom,22/05/2026,13:09,5,Follow up,
V03259,BDM001,Sundar R,OA0760,Sakthi Infotech,15/06/2026,11:53,15,routine,
V03260,BDM003,Vetri S,OA0804,Devi Communications ,29/06/2026,14:34,12,New onboarding,collection pending
V03261,BDM006,Jegan R,OA0364,Galaxy Electronics,2026-07-07,13:10,15,Follow up,display not as per norms
V03262,BDM003,Vetri S,OA0243,Jeyam Digital,06/07/2026,14:09,20,,
V03263,BDM002,Prakash M,OA0525,Meenakshi Electronics,02/06/2026,12:04,15,Complaint,will order next week
V03264,BDM010,Praveen K,OA0634,Poorvika Cellpoint,12/06/2026,14:32,10,Collection,collection pending
V03265,BDM001,Sundar R,OA0003,Anandha Enterprises,20/05/2026,12:19,8,followup,collection pending
V03266,BDM012,Yuvaraj S,OA0008,Sri Krishna Communications,2026-07-22,10:44,8,Stock check,collection pending
V03267,BDM006,Jegan R,OA0364,Galaxy Electronics,25/06/2026,10:29,20,Collection,
V03268,BDM004,Ashok Kumar,OA0485,Ram Traders,26/06/2026,12:04,10,Collection,owner not available
V03269,BDM010,Praveen K,OA0726,,12/05/2026,11:04,15,followup,display not as per norms
V03270,BDM003,Vetri S,OA0340,Devi Agencies,21/05/2026,11:09,12,Stock check,shop closed
V03271,BDM011,Ilango M,OA0078,,23/05/2026,13:05,12,Order,
V03272,BDM007,Mohan Raj,OA0312,Meenakshi Traders,18/05/2026,14:00,20,Routine visit,
V03273,BDM006,Jegan R,OA0662,Vinayaga Mobile,21/05/2026,10:37,15,Stock check,shop closed
V03274,BDM008,Sathya N,OA0788,Chennai Silks Electronics,2026-06-27,13:29,5,Routine visit,stock displayed
V03275,BDM009,Gowtham S,OA0789,Modern Cellpoint,2026-07-02,11:12,12,Order,collection pending
V03276,BDM006,Jegan R,OA0611,Royal Traders,07/07/2026,14:03,20,Collection,
V03277,BDM003,Vetri S,OA0053,Big C Agencies,04/06/2026,14:40,15,Order,collection pending
V03278,BDM004,Ashok Kumar,OA0292,Saravana Digital,29/07/2026,18:10,8,Stock check,
V03279,BDM001,Sundar R,OA0098,Vasanth Enterprises,27/06/2026,12:05,30,,asked for better margin
V03280,BDM001,Sundar R,OA0054,Lakshmi Gadgets,16/07/2026,10:20,12,Follow up,stock displayed
V03281,BDM002,Prakash M,OA0592,iStore Electronics,22/07/2026,10:13,,Routine visit,
V03282,BDM005,Dhanush P,OA0189,Muthu Cellpoint,07/05/2026,14:44,45,Follow up,
V03283,BDM004,Ashok Kumar,OA0307,Ram Infotech,2026-06-08,10:51,,Collection,
V03284,BDM004,Ashok Kumar,OA0137,Vasanth Enterprises,17/06/2026,11:18,25,Follow up,
V03285,BDM001,Sundar R,OA0784,,02/05/2026,10:23,10,Follow up,asked for better margin
V03286,BDM006,Jegan R,OA0429,Sri Balaji Telecom,2026-06-12,13:32,45,Complaint,shop closed
V03287,BDM003,Vetri S,OA0731,Mobile World Gadgets,30/06/2026,10:39,30,routine,stock displayed
V03288,BDM008,Sathya N,OA0519,Sakthi Cellpoint,2026-05-26,10:36,15,routine,
V03289,BDM006,Jegan R,OA0453,Sri Krishna Digital,13/07/2026,12:14,15,,
V03290,BDM011,Ilango M,OA0721,Devi Agencies,25/05/2026,10:56,30,New onboarding,will order next week
V03291,BDM005,Dhanush P,OA0509,Saravana Digital,24/05/2026,14:37,45,Routine visit,collection pending
V03292,BDM003,Vetri S,OA0129,Vasanth Traders,19/06/2026,10:40,25,Collection,
V03293,BDM012,Yuvaraj S,OA0698,Sri Balaji Gadgets,02/07/2026,13:15,20,Routine visit,
V03294,BDM007,Mohan Raj,OA0452,Sri Balaji Enterprises,10/05/2026,11:12,8,followup,
V03295,BDM012,Yuvaraj S,OA0800,MEENAKSHI ENTERPRISES,2026-05-02,12:17,,Complaint,asked for better margin
V03296,BDM007,Mohan Raj,OA0683,Lakshmi Telecom,16/05/2026,10:07,30,followup,
V03297,BDM011,Ilango M,OA0022,Chennai Silks Mobiles,04/07/2026,10:00,30,Routine visit,stock displayed
V03298,BDM012,Yuvaraj S,OA0799,Thangam Cellpoint,2026-05-21,11:10,30,Routine visit,
V03299,BDM012,Yuvaraj S,OA0365,Meenakshi Telecom,12/05/2026,12:18,15,Follow up,
V03300,BDM003,Vetri S,OA0362,Big C Telecom,2026-06-24,13:46,5,Stock check,asked for better margin
V03301,BDM001,Sundar R,OA0437,Thangam Mobile,11/06/2026,15:25,10,routine,shop closed
V03302,BDM003,Vetri S,OA0228,Amman Agencies,2026-06-04,10:30,8,routine,discussed scheme
V03303,BDM005,Dhanush P,OA0706,iStore Infotech,2026-06-04,12:04,25,routine,
V03304,BDM001,Sundar R,OA0051,Muthu Cellpoint,07/05/2026,11:43,5,routine,stock displayed
V03305,BDM004,Ashok Kumar,OA0019,Poorvika Gadgets,2026-06-24,13:21,8,Collection,
V03306,BDM008,Sathya N,OA0230,Ram Digital,01/05/2026,14:23,20,New onboarding,display not as per norms
V03307,BDM011,Ilango M,OA0587,Big C Communications,04/07/2026,12:49,20,New onboarding,display not as per norms
V03308,BDM008,Sathya N,OA0714,Karpagam Digital,18/05/2026,11:00,30,Routine visit,
V03309,BDM012,Yuvaraj S,OA0407,Meenakshi Enterprises,26/06/2026,12:49,10,Order,collection pending
V03310,BDM010,Praveen K,OA0375,,2026-06-29,12:28,20,followup,collection pending
V03311,BDM012,Yuvaraj S,OA0121,Devi Digital,25/06/2026,14:44,,Complaint,shop closed
V03312,BDM012,Yuvaraj S,OA0208,Universal Mobile,2026-07-08,10:26,12,Order,shop closed
V03313,BDM004,Ashok Kumar,OA0668,Bharath Mobiles,2026-07-04,13:11,12,followup,
V03314,BDM010,Praveen K,OA0798,Anandha Digital ,2026-06-16,12:48,5,Complaint,
V03315,BDM007,Mohan Raj,OA0039,Big C Electronics,29/05/2026,10:30,8,,shop closed
V03316,BDM005,Dhanush P,OA0744,,2026-07-16,10:55,8,followup,
V03317,BDM011,Ilango M,OA0666,Anandha Gadgets,08/05/2026,15:27,10,routine,shop closed
V03318,BDM007,Mohan Raj,OA0739,Sangeetha Communications,14/07/2026,15:03,20,routine,
V03319,BDM001,Sundar R,OA0618,City Telecom,05/06/2026,17:12,30,Routine visit,display not as per norms
V03320,BDM001,Sundar R,OA0436,,07/05/2026,14:21,30,,
V03321,BDM009,Gowtham S,OA0603,Amman Enterprises,2026-05-16,13:59,30,Complaint,collection pending
V03322,BDM002,Prakash M,OA0569,Bharath Gadgets,2026-05-12,15:06,20,Collection,
V03323,BDM004,Ashok Kumar,OA0149,New Star Telecom,2026-07-13,11:29,45,Complaint,owner not available
V03324,BDM005,Dhanush P,OA0349,iStore Enterprises,21/07/2026,12:27,,Follow up,
V03325,BDM011,Ilango M,OA0642,Anandha Telecom,2026-06-29,10:34,10,Stock check,display not as per norms
V03326,BDM007,Mohan Raj,OA0253,Amman Gadgets,01/06/2026,10:16,5,Routine visit,
V03327,BDM006,Jegan R,OA0439,Sakthi Enterprises,09/06/2026,14:22,15,Routine visit,shop closed
V03328,BDM008,Sathya N,OA0584,iStore Electronics,2026-07-03,13:55,,,owner not available
V03329,BDM004,Ashok Kumar,OA0615,Selvam Electronics,2026-06-01,11:50,15,Order,discussed scheme
V03330,BDM010,Praveen K,OA0518,Thangam Mobile,04/06/2026,14:00,30,Routine visit,stock displayed
V03331,BDM001,Sundar R,OA0617,Bharath Agencies,10/06/2026,11:37,30,Follow up,
V03332,BDM011,Ilango M,OA0218,Meenakshi Communications,2026-06-04,15:33,10,Collection,
V03333,BDM010,Praveen K,OA0210,Mobile World Enterprises,2026-05-23,11:07,,followup,
V03334,BDM004,Ashok Kumar,OA0363,Saravana Mobiles,09/05/2026,14:27,12,followup,
V03335,BDM009,Gowtham S,OA0397,Vasanth Traders,25/07/2026,11:20,20,Stock check,discussed scheme
V03336,BDM010,Praveen K,OA0134,Jeyam Enterprises,23/06/2026,12:06,30,Order,owner not available
V03337,BDM008,Sathya N,OA0714,Karpagam Digital,2026-05-11,10:00,20,Routine visit,owner not available
V03338,BDM004,Ashok Kumar,OA0066,Universal Traders,01/05/2026,11:06,5,Order,
V03339,BDM011,Ilango M,OA0397,Vasanth Traders,26/06/2026,17:00,20,Routine visit,asked for better margin
V03340,BDM009,Gowtham S,OA0549,Royal Gadgets,28/06/2026,12:00,25,Routine visit,
V03341,BDM011,Ilango M,OA0781,City Gadgets,26/06/2026,11:06,15,followup,
V03342,BDM008,Sathya N,OA0230,Ram Digital,17/07/2026,10:39,8,Collection,owner not available
V03343,BDM012,Yuvaraj S,OA0764,Anandha Infotech,31/05/2026,14:02,15,followup,display not as per norms
V03344,BDM008,Sathya N,OA0323,Vinayaga Traders,05/07/2026,10:23,5,followup,asked for better margin
V03345,BDM001,Sundar R,OA0736,Muthu Infotech,04/07/2026,12:12,20,New onboarding,stock displayed
V03346,BDM001,Sundar R,OA0154,Karpagam Enterprises,2026-05-26,12:34,5,Routine visit,stock displayed
V03347,BDM004,Ashok Kumar,OA0239,Selvam Traders,26/05/2026,14:50,25,Stock check,owner not available
V03348,BDM001,Sundar R,OA0640,Chennai Silks Agencies,15/06/2026,12:43,15,Follow up,asked for better margin
V03349,BDM012,Yuvaraj S,OA0493,Bharath Traders,2026-07-10,10:39,45,Stock check,
V03350,BDM005,Dhanush P,OA0509,Saravana Digital,2026-05-19,12:09,45,Order,collection pending
V03351,BDM005,Dhanush P,OA0470,Sangeetha Mobiles,26/06/2026,10:50,10,Complaint,collection pending
V03352,BDM005,Dhanush P,OA0543,Poorvika Agencies,21/07/2026,10:22,25,Collection,discussed scheme
V03353,BDM004,Ashok Kumar,OA0670,Jeyam Digital,2026-05-28,10:08,15,Stock check,owner not available
V03354,BDM007,Mohan Raj,OA0004,Bharath Digital,2026-07-02,10:40,45,New onboarding,owner not available
V03355,BDM010,Praveen K,OA0669,Bharath Enterprises,2026-05-02,10:34,,Follow up,
V03356,BDM004,Ashok Kumar,OA0137,Vasanth Enterprises,26/06/2026,14:51,,,owner not available
V03357,BDM002,Prakash M,OA0772,Ganesh Cellpoint,06/06/2026,14:45,30,routine,shop closed
V03358,BDM003,Vetri S,OA0289,Meenakshi Agencies,30/06/2026,13:53,12,Routine visit,
V03359,BDM004,Ashok Kumar,OA0119,City Communications,30/06/2026,10:02,25,New onboarding,
V03360,BDM012,Yuvaraj S,OA0407,Meenakshi Enterprises,2026-07-18,12:32,15,Routine visit,will order next week
V03361,BDM005,Dhanush P,OA0722,Bharath Enterprises,2026-06-23,10:22,25,routine,
V03362,BDM005,Dhanush P,OA0600,Muthu Gadgets,24/07/2026,11:20,25,Order,
V03363,BDM006,Jegan R,OA0166,Big C Infotech,09/06/2026,14:59,15,Routine visit,shop closed
V03364,BDM012,Yuvaraj S,OA0206,City Digital,22/07/2026,12:23,25,Collection,owner not available
V03365,BDM002,Prakash M,OA0719,Sakthi Infotech,2026-07-02,13:26,25,Routine visit,collection pending
V03366,BDM007,Mohan Raj,OA0185,New Star Cellpoint,29/07/2026,13:53,,Routine visit,discussed scheme
V03367,BDM006,Jegan R,OA0044,Muthu Mobiles,01/06/2026,15:48,8,routine,stock displayed
V03368,BDM010,Praveen K,OA0814,Poorvika Traders ,04/07/2026,11:13,12,Follow up,asked for better margin
V03369,BDM001,Sundar R,OA0815,BIG C INFOTECH,09/05/2026,11:19,15,,shop closed
V03370,BDM001,Sundar R,OA0098,Vasanth Enterprises,30/05/2026,13:03,,followup,
V03371,BDM010,Praveen K,OA0798,Anandha Digital ,12/06/2026,11:59,15,routine,
V03372,BDM008,Sathya N,OA0773,Karpagam Enterprises,2026-05-11,13:05,15,Routine visit,
V03373,BDM012,Yuvaraj S,OA0062,Jeyam Telecom,2026-06-22,15:34,20,Order,
V03374,BDM006,Jegan R,OA0091,Bharath Mobile,2026-07-27,15:08,10,Routine visit,stock displayed
V03375,BDM008,Sathya N,OA0014,Ganesh Cellpoint,20/07/2026,15:09,8,followup,owner not available
V03376,BDM009,Gowtham S,OA0782,City Mobiles,10/06/2026,13:40,,Follow up,
V03377,BDM008,Sathya N,OA0773,Karpagam Enterprises,16/05/2026,12:34,10,followup,collection pending
V03378,BDM011,Ilango M,OA0077,City Enterprises,24/07/2026,14:18,12,followup,display not as per norms
V03379,BDM004,Ashok Kumar,OA0036,Jeyam Digital,2026-07-27,11:24,30,routine,owner not available
V03380,BDM006,Jegan R,OA0484,Sangeetha Gadgets,2026-07-29,12:37,12,Complaint,
V03381,BDM011,Ilango M,OA0077,City Enterprises,02/05/2026,10:23,12,Routine visit,asked for better margin
V03382,BDM005,Dhanush P,OA0816,MUTHU AGENCIES,30/05/2026,13:49,5,Stock check,
V03383,BDM006,Jegan R,OA0649,Prime Mobile,2026-07-14,13:24,20,Order,display not as per norms
V03384,BDM012,Yuvaraj S,OA0034,Poorvika Digital,07/07/2026,14:27,20,followup,stock displayed
V03385,BDM010,Praveen K,OA0219,Vinayaga Communications,17/07/2026,12:40,25,followup,shop closed
V03386,BDM001,Sundar R,OA0112,Karpagam Infotech,21/06/2026,10:04,5,Follow up,shop closed
V03387,BDM002,Prakash M,OA0752,Thangam Electronics,05/05/2026,13:30,25,Stock check,
V03388,BDM011,Ilango M,OA0413,Big C Digital,2026-07-11,12:04,12,,
V03389,BDM004,Ashok Kumar,OA0075,Ram Electronics,2026-07-13,10:36,12,Collection,collection pending
V03390,BDM008,Sathya N,OA0519,,12/06/2026,10:10,5,Complaint,
V03391,BDM012,Yuvaraj S,OA0792,Devi Mobile,13/05/2026,13:39,15,,
V03392,BDM007,Mohan Raj,OA0756,Modern Telecom,28/05/2026,11:17,25,New onboarding,
V03393,BDM012,Yuvaraj S,OA0181,Mobile World Telecom,2026-06-15,10:22,8,Complaint,discussed scheme
V03394,BDM012,Yuvaraj S,OA0114,Selvam Electronics,2026-07-22,13:54,20,routine,
V03395,BDM003,Vetri S,OA0680,Karpagam Mobiles,19/06/2026,12:05,5,Follow up,shop closed
V03396,BDM001,Sundar R,OA0163,Sri Krishna Communications,29/06/2026,11:15,30,New onboarding,
V03397,BDM012,Yuvaraj S,OA0367,Devi Gadgets,2026-06-19,16:33,5,,asked for better margin
V03398,BDM009,Gowtham S,OA0068,Saravana Mobile,25/06/2026,12:28,10,Follow up,owner not available
V03399,BDM003,Vetri S,OA0129,Vasanth Traders,2026-05-15,12:48,20,,
V03400,BDM007,Mohan Raj,OA0683,Lakshmi Telecom,10/06/2026,12:16,15,routine,
V03401,BDM002,Prakash M,OA0774,Meenakshi Agencies,2026-05-20,14:53,30,followup,
V03402,BDM009,Gowtham S,OA0221,Thangam Mobile,2026-05-30,12:09,30,New onboarding,
V03403,BDM011,Ilango M,OA0797,Amman Gadgets,2026-05-29,11:41,45,Stock check,collection pending
V03404,BDM004,Ashok Kumar,OA0473,Ganesh Cellpoint,29/05/2026,10:31,45,New onboarding,owner not available
V03405,BDM004,Ashok Kumar,OA0685,Selvam Gadgets,2026-06-17,13:14,8,New onboarding,asked for better margin
V03406,BDM010,Praveen K,OA0520,Sangeetha Agencies,08/05/2026,11:22,12,New onboarding,asked for better margin
V03407,BDM003,Vetri S,OA0786,Vasanth Electronics,2026-06-16,10:51,8,Complaint,
V03408,BDM007,Mohan Raj,OA0180,Vinayaga Telecom,16/06/2026,11:18,8,Collection,asked for better margin
V03409,BDM006,Jegan R,OA0517,Sri Balaji Gadgets,13/06/2026,10:50,,Order,
V03410,BDM012,Yuvaraj S,OA0442,Big C Telecom,11/05/2026,15:14,10,Routine visit,display not as per norms
V03411,BDM012,Yuvaraj S,OA0417,Muthu Enterprises,20/07/2026,12:52,8,Collection,display not as per norms
V03412,BDM009,Gowtham S,OA0650,,30/06/2026,13:50,25,,discussed scheme
V03413,BDM008,Sathya N,OA0584,iStore Electronics,30/05/2026,14:05,45,,owner not available
V03414,BDM005,Dhanush P,OA0330,Chennai Silks Infotech,2026-05-07,15:29,30,Order,shop closed
V03415,BDM005,Dhanush P,OA0182,Devi Telecom,05/05/2026,12:22,15,,
V03416,BDM008,Sathya N,OA0030,Big C Mobile,12/05/2026,14:00,12,Order,
V03417,BDM008,Sathya N,OA0030,Big C Mobile,02/05/2026,11:34,12,Collection,shop closed
V03418,BDM004,Ashok Kumar,OA0545,Vasanth Agencies,2026-05-22,10:39,,Follow up,shop closed
V03419,BDM001,Sundar R,OA0608,Devi Gadgets,04/06/2026,13:29,15,Order,shop closed
V03420,BDM010,Praveen K,OA0404,Saravana Gadgets,17/07/2026,10:40,20,followup,
V03421,BDM007,Mohan Raj,OA0506,Galaxy Cellpoint,03/06/2026,10:29,10,followup,collection pending
V03422,BDM008,Sathya N,OA0016,Universal Infotech,11/06/2026,15:17,20,routine,will order next week
V03423,BDM004,Ashok Kumar,OA0732,Selvam Agencies,04/07/2026,14:44,,Routine visit,stock displayed
V03424,BDM011,Ilango M,OA0619,Muthu Infotech,2026-05-28,03:02,20,New onboarding,
V03425,BDM004,Ashok Kumar,OA0119,City Communications,2026-07-17,14:09,5,followup,collection pending
V03426,BDM005,Dhanush P,OA0084,Galaxy Mobile,05/05/2026,15:15,20,,asked for better margin
V03427,BDM007,Mohan Raj,OA0312,,13/07/2026,10:00,30,Routine visit,
V03428,BDM003,Vetri S,OA0676,,2026-05-16,12:26,,Complaint,
V03429,BDM005,Dhanush P,OA0182,Devi Telecom,10/07/2026,10:18,8,followup,owner not available
V03430,BDM004,Ashok Kumar,OA0478,Big C Mobile,2026-05-06,12:45,30,Routine visit,shop closed
V03431,BDM001,Sundar R,OA0707,iStore Enterprises,2026-05-25,10:00,20,Routine visit,will order next week
V03432,BDM003,Vetri S,OA0190,Sangeetha Agencies,03/07/2026,13:03,15,,
V03433,BDM008,Sathya N,OA0230,Ram Digital,18/05/2026,16:59,25,Stock check,
V03434,BDM003,Vetri S,OA0678,Kumaran Electronics,2026-05-18,15:41,10,New onboarding,
V03435,BDM012,Yuvaraj S,OA0742,Lakshmi Enterprises,23/07/2026,13:34,8,,
V03436,BDM003,Vetri S,OA0466,Vinayaga Communications,11/06/2026,13:40,20,Follow up,asked for better margin
V03437,BDM005,Dhanush P,OA0212,Sangeetha Agencies,25/07/2026,11:57,,Complaint,asked for better margin
V03438,BDM004,Ashok Kumar,OA0473,Ganesh Cellpoint,05/06/2026,10:44,20,Order,
V03439,BDM011,Ilango M,OA0255,Selvam Gadgets,21/07/2026,10:03,,Collection,asked for better margin
V03440,BDM004,Ashok Kumar,OA0615,Selvam Electronics,2026-05-21,13:10,20,Stock check,discussed scheme
V03441,BDM011,Ilango M,OA0184,Big C Agencies,05/06/2026,15:26,25,followup,
V03442,BDM006,Jegan R,OA0658,Thangam Traders,06/05/2026,14:59,45,Stock check,
V03443,BDM007,Mohan Raj,OA0092,Poorvika Enterprises,21/07/2026,12:19,15,Follow up,
V03444,BDM001,Sundar R,OA0741,Lakshmi Enterprises,2026-06-16,11:29,12,Routine visit,shop closed
V03445,BDM009,Gowtham S,OA0132,Big C Agencies,2026-06-11,13:55,30,Collection,
V03446,BDM006,Jegan R,OA0646,Vinayaga Cellpoint,29/06/2026,15:10,,followup,
V03447,BDM007,Mohan Raj,OA0061,Sri Balaji Communications,30/07/2026,13:09,5,Stock check,will order next week
V03448,BDM001,Sundar R,OA0553,Anandha Agencies,10/07/2026,13:49,10,Collection,shop closed
V03449,BDM012,Yuvaraj S,OA0800,MEENAKSHI ENTERPRISES,2026-05-27,16:47,15,Stock check,
V03450,BDM009,Gowtham S,OA0425,Ram Gadgets,2026-07-01,11:38,45,New onboarding,asked for better margin
V03451,BDM011,Ilango M,OA0671,Vasanth Traders,25/07/2026,13:38,,Collection,shop closed
V03452,BDM004,Ashok Kumar,OA0119,City Communications,24/07/2026,13:27,30,Follow up,
V03453,BDM009,Gowtham S,OA0751,Ganesh Gadgets,2026-05-15,13:01,20,Follow up,will order next week
V03454,BDM010,Praveen K,OA0703,Thangam Telecom,25/06/2026,11:06,12,Collection,discussed scheme
V03455,BDM003,Vetri S,OA0266,Anandha Cellpoint,15/05/2026,13:32,,Collection,discussed scheme
V03456,BDM009,Gowtham S,OA0650,Vinayaga Electronics,29/07/2026,11:35,10,Stock check,asked for better margin
V03457,BDM010,Praveen K,OA0096,New Star Traders,16/05/2026,12:00,45,Follow up,display not as per norms
V03458,BDM012,Yuvaraj S,OA0644,Karpagam Enterprises,2026-06-12,11:37,5,,will order next week
V03459,BDM010,Praveen K,OA0410,Amman Telecom,22/06/2026,14:49,,followup,shop closed
V03460,BDM008,Sathya N,OA0682,Thangam Cellpoint,18/05/2026,15:11,30,Stock check,display not as per norms
V03461,BDM003,Vetri S,OA0228,Amman Agencies,06/07/2026,10:36,20,,
V03462,BDM009,Gowtham S,OA0656,Ram Cellpoint,02/06/2026,11:38,8,Routine visit,
V03463,BDM008,Sathya N,OA0205,Royal Mobiles,2026-05-22,14:48,15,Follow up,
V03464,BDM008,Sathya N,OA0527,Devi Mobile,2026-07-23,12:14,10,Routine visit,
V03465,BDM003,Vetri S,OA0243,Jeyam Digital,27/06/2026,13:23,10,Complaint,asked for better margin
V03466,BDM001,Sundar R,OA0481,Muthu Traders,30/07/2026,10:22,,followup,will order next week
V03467,BDM004,Ashok Kumar,OA0036,Jeyam Digital,2026-06-08,02:41,5,,collection pending
V03468,BDM003,Vetri S,OA0466,Vinayaga Communications,2026-05-19,14:25,8,followup,collection pending
V03469,BDM001,Sundar R,OA0400,Sri Balaji Traders,04/05/2026,12:20,12,Collection,
V03470,BDM002,Prakash M,OA0758,Prime Mobile,05/06/2026,11:51,20,Follow up,collection pending
V03471,BDM006,Jegan R,OA0628,Selvam Infotech,12/05/2026,12:44,45,Stock check,
V03472,BDM009,Gowtham S,OA0548,Lakshmi Gadgets,23/06/2026,10:58,15,routine,asked for better margin
V03473,BDM011,Ilango M,OA0077,City Enterprises,2026-05-25,10:30,5,Complaint,shop closed
V03474,BDM010,Praveen K,OA0321,Vasanth Enterprises,15/07/2026,12:03,5,Complaint,
V03475,BDM007,Mohan Raj,OA0081,Devi Communications,16/05/2026,13:35,15,Follow up,stock displayed
V03476,BDM006,Jegan R,OA0648,Vinayaga Digital,02/05/2026,11:43,45,Complaint,
V03477,BDM010,Praveen K,OA0404,Saravana Gadgets,2026-06-21,11:24,8,Collection,
V03478,BDM010,Praveen K,OA0703,Thangam Telecom,23/06/2026,13:15,10,Stock check,asked for better margin
V03479,BDM008,Sathya N,OA0227,Devi Cellpoint,25/07/2026,11:15,15,Routine visit,
V03480,BDM010,Praveen K,OA0818,Selvam Agencies ,2026-05-13,12:00,20,Routine visit,
V03481,BDM010,Praveen K,OA0135,Selvam Mobiles,28/06/2026,12:08,25,New onboarding,
V03482,BDM009,Gowtham S,OA0068,Saravana Mobile,03/07/2026,10:00,10,Stock check,
V03483,BDM001,Sundar R,OA0396,Saravana Agencies,06/07/2026,10:30,8,followup,stock displayed
V03484,BDM008,Sathya N,OA0244,Sri Balaji Mobile,29/05/2026,11:21,8,,discussed scheme
V03485,BDM007,Mohan Raj,OA0775,Prime Digital,18/07/2026,15:22,30,Routine visit,
V03486,BDM007,Mohan Raj,OA0081,Devi Communications,27/06/2026,10:22,15,Order,owner not available
V03487,BDM003,Vetri S,OA0228,Amman Agencies,24/06/2026,12:40,25,New onboarding,display not as per norms
V03488,BDM002,Prakash M,OA0242,Mobile World Electronics,08/06/2026,14:04,25,New onboarding,discussed scheme
V03489,BDM008,Sathya N,OA0489,Anandha Telecom,22/05/2026,10:34,15,Complaint,owner not available
V03490,BDM008,Sathya N,OA0749,Thangam Digital,22/07/2026,14:54,45,followup,will order next week
V03491,BDM011,Ilango M,OA0346,Amman Communications,11/06/2026,11:00,30,Routine visit,asked for better margin
V03492,BDM002,Prakash M,OA0328,New Star Telecom,17/05/2026,01:46,,Routine visit,discussed scheme
V03493,BDM004,Ashok Kumar,OA0038,Royal Communications,2026-06-05,14:12,20,,
V03494,BDM012,Yuvaraj S,OA0358,Royal Enterprises,2026-06-14,11:06,20,New onboarding,asked for better margin
V03495,BDM009,Gowtham S,OA0609,Kumaran Infotech,05/06/2026,15:04,25,Complaint,
V03496,BDM012,Yuvaraj S,OA0659,Thangam Cellpoint,06/05/2026,10:30,15,New onboarding,shop closed
V03497,BDM012,Yuvaraj S,OA0367,,29/06/2026,10:26,,Routine visit,stock displayed
V03498,BDM012,Yuvaraj S,OA0319,Sri Krishna Mobile,11/07/2026,14:59,,Collection,shop closed
V03499,BDM010,Praveen K,OA0725,Lakshmi Communications,2026-07-04,12:10,25,Stock check,asked for better margin
V03500,BDM004,Ashok Kumar,OA0264,Thangam Enterprises,2026-05-01,11:58,45,Complaint,
V03501,BDM011,Ilango M,OA0797,Amman Gadgets,11/06/2026,10:59,12,Order,will order next week
V03502,BDM011,Ilango M,OA0495,iStore Gadgets,2026-06-13,13:32,25,,asked for better margin
V03503,BDM002,Prakash M,OA0569,Bharath Gadgets,11/05/2026,11:31,45,followup,
V03504,BDM001,Sundar R,OA0640,Chennai Silks Agencies,2026-06-04,10:42,20,Order,
V03505,BDM002,Prakash M,OA0328,New Star Telecom,12/06/2026,12:30,12,followup,
V03506,BDM012,Yuvaraj S,OA0121,Devi Digital,14/07/2026,11:05,8,Complaint,display not as per norms
V03507,BDM012,Yuvaraj S,OA0803,Royal Enterprises - Branch,2026-06-30,13:04,,Stock check,discussed scheme
V03508,BDM008,Sathya N,OA0236,Galaxy Mobiles,25/07/2026,10:00,25,,
V03509,BDM001,Sundar R,OA0529,iStore Enterprises,19/05/2026,15:16,12,Complaint,owner not available
V03510,BDM009,Gowtham S,OA0148,Ganesh Communications,2026-07-03,15:21,,Follow up,will order next week
V03511,BDM006,Jegan R,OA0058,New Star Telecom,06/06/2026,12:45,20,Complaint,
V03512,BDM001,Sundar R,OA0163,Sri Krishna Communications,2026-06-11,11:40,20,Complaint,
V03513,BDM008,Sathya N,OA0527,Devi Mobile,2026-07-18,10:32,,New onboarding,collection pending
V03514,BDM001,Sundar R,OA0055,Saravana Digital,2026-06-03,13:33,15,Collection,will order next week
V03515,BDM001,Sundar R,OA0003,Anandha Enterprises,17/07/2026,12:38,45,,
V03516,BDM010,Praveen K,OA0134,Jeyam Enterprises,05/05/2026,14:14,8,Complaint,
V03517,BDM006,Jegan R,OA0439,Sakthi Enterprises,01/05/2026,15:02,5,New onboarding,discussed scheme
V03518,BDM011,Ilango M,OA0778,Vasanth Infotech,17/06/2026,14:19,30,Follow up,stock displayed
V03519,BDM002,Prakash M,OA0242,Mobile World Electronics,24/05/2026,14:05,30,Order,owner not available
V03520,BDM003,Vetri S,OA0476,Anandha Telecom,06/05/2026,16:08,,Follow up,
V03521,BDM002,Prakash M,OA0592,iStore Electronics,01/06/2026,12:40,15,Follow up,shop closed
V03522,BDM003,Vetri S,OA0345,,18/07/2026,14:17,45,New onboarding,owner not available
V03523,BDM004,Ashok Kumar,OA0066,Universal Traders,08/05/2026,12:31,20,Routine visit,asked for better margin
V03524,BDM011,Ilango M,OA0079,Vasanth Electronics,30/05/2026,10:02,25,Follow up,display not as per norms
V03525,BDM010,Praveen K,OA0606,Big C Electronics,08/05/2026,12:58,5,Collection,
V03526,BDM010,Praveen K,OA0213,Prime Electronics,03/06/2026,17:03,,Complaint,owner not available
V03527,BDM001,Sundar R,OA0689,Ram Communications,16/06/2026,10:27,15,Collection,
V03528,BDM005,Dhanush P,OA0173,Bharath Mobile,18/05/2026,13:17,45,followup,discussed scheme
V03529,BDM010,Praveen K,OA0496,Saravana Communications,30/06/2026,14:18,,Stock check,stock displayed
V03530,BDM010,Praveen K,OA0126,iStore Electronics,2026-06-13,10:09,5,Stock check,
V03531,BDM004,Ashok Kumar,OA0651,iStore Digital,21/07/2026,14:05,30,Stock check,owner not available
V03532,BDM005,Dhanush P,OA0015,Saravana Gadgets,2026-07-16,10:28,8,routine,discussed scheme
V03533,BDM011,Ilango M,OA0605,Sri Krishna Infotech,25/06/2026,13:26,20,routine,owner not available
V03534,BDM005,Dhanush P,OA0688,Sri Krishna Mobiles,2026-06-03,12:07,30,Stock check,discussed scheme
V03535,BDM004,Ashok Kumar,OA0174,Universal Enterprises,18/07/2026,12:30,25,routine,owner not available
V03536,BDM010,Praveen K,OA0179,Ram Agencies,2026-07-01,16:27,25,Routine visit,stock displayed
V03537,BDM011,Ilango M,OA0309,Ganesh Cellpoint,16/06/2026,10:38,12,Stock check,collection pending
V03538,BDM001,Sundar R,OA0481,Muthu Traders,10/07/2026,14:52,5,routine,owner not available
V03539,BDM001,Sundar R,OA0139,Galaxy Infotech,2026-07-07,10:19,15,Routine visit,
V03540,BDM006,Jegan R,OA0469,Sri Balaji Infotech,28/06/2026,10:10,15,Collection,
V03541,BDM011,Ilango M,OA0797,Amman Gadgets,02/05/2026,11:16,12,Order,asked for better margin
V03542,BDM007,Mohan Raj,OA0426,Modern Digital,08/06/2026,11:28,45,Complaint,will order next week
V03543,BDM008,Sathya N,OA0771,Big C Communications,2026-07-23,14:26,25,Stock check,
V03544,BDM007,Mohan Raj,OA0185,New Star Cellpoint,12/05/2026,12:30,8,followup,will order next week
V03545,BDM008,Sathya N,OA0771,Big C Communications,07/07/2026,16:07,25,Routine visit,
V03546,BDM003,Vetri S,OA0190,Sangeetha Agencies,2026-07-08,10:33,20,Stock check,collection pending
V03547,BDM009,Gowtham S,OA0308,Prime Cellpoint,22/06/2026,11:20,,New onboarding,will order next week
V03548,BDM005,Dhanush P,OA0543,,30/05/2026,12:56,5,Collection,
V03549,BDM004,Ashok Kumar,OA0174,Universal Enterprises,15/06/2026,11:24,10,Order,
V03550,BDM003,Vetri S,OA0813,Sakthi Electronics - Branch,08/06/2026,13:35,,Stock check,shop closed
V03551,BDM004,Ashok Kumar,OA0038,Royal Communications,04/07/2026,12:40,20,routine,stock displayed
V03552,BDM005,Dhanush P,OA0533,Universal Mobile,2026-06-23,13:16,,Complaint,discussed scheme
V03553,BDM006,Jegan R,OA0384,Bharath Mobile,17/07/2026,11:32,,Follow up,
V03554,BDM001,Sundar R,OA0139,Galaxy Infotech,2026-05-30,11:33,8,Follow up,display not as per norms
V03555,BDM008,Sathya N,OA0566,Ganesh Gadgets,22/07/2026,16:15,25,Complaint,
V03556,BDM001,Sundar R,OA0297,New Star Mobiles,20/06/2026,14:10,30,Collection,owner not available
V03557,BDM001,Sundar R,OA0815,BIG C INFOTECH,25/07/2026,12:08,12,Order,display not as per norms
V03558,BDM004,Ashok Kumar,OA0116,Chennai Silks Communications,22/05/2026,12:43,25,New onboarding,
V03559,BDM006,Jegan R,OA0646,Vinayaga Cellpoint,2026-05-03,11:03,10,,display not as per norms
V03560,BDM003,Vetri S,OA0810,Amman Cellpoint,22/05/2026,12:12,20,Order,
V03561,BDM003,Vetri S,OA0156,Sakthi Mobiles,2026-05-02,10:34,10,,
V03562,BDM002,Prakash M,OA0724,New Star Communications,28/05/2026,10:33,10,Collection,
V03563,BDM010,Praveen K,OA0818,Selvam Agencies ,2026-07-15,17:00,25,Routine visit,asked for better margin
V03564,BDM011,Ilango M,OA0555,Big C Infotech,2026-05-28,14:03,,New onboarding,
V03565,BDM011,Ilango M,OA0413,Big C Digital,08/07/2026,16:13,45,routine,owner not available
V03566,BDM002,Prakash M,OA0684,City Digital,19/05/2026,11:08,10,routine,discussed scheme
V03567,BDM012,Yuvaraj S,OA0290,iStore Communications,25/05/2026,12:09,,Routine visit,shop closed
V03568,BDM005,Dhanush P,OA0591,City Traders,2026-06-09,14:01,,Complaint,discussed scheme
V03569,BDM006,Jegan R,OA0439,Sakthi Enterprises,20/07/2026,14:01,30,Collection,display not as per norms
V03570,BDM004,Ashok Kumar,OA0032,Modern Cellpoint,20/05/2026,10:53,10,routine,
V03571,BDM011,Ilango M,OA0778,Vasanth Infotech,22/07/2026,16:51,30,Stock check,shop closed
V03572,BDM004,Ashok Kumar,OA0748,Ganesh Electronics,16/07/2026,15:22,12,Collection,shop closed
V03573,BDM010,Praveen K,OA0076,Royal Agencies,11/07/2026,13:14,20,Stock check,
V03574,BDM011,Ilango M,OA0700,Lakshmi Electronics,2026-06-23,12:32,8,New onboarding,stock displayed
V03575,BDM006,Jegan R,OA0124,Vasanth Electronics,15/07/2026,10:43,10,Complaint,
V03576,BDM008,Sathya N,OA0424,Sri Krishna Cellpoint,22/06/2026,11:14,20,Stock check,
V03577,BDM009,Gowtham S,OA0699,Universal Communications,01/06/2026,13:40,25,followup,discussed scheme
V03578,BDM006,Jegan R,OA0646,Vinayaga Cellpoint,2026-07-10,11:26,12,New onboarding,display not as per norms
V03579,BDM011,Ilango M,OA0412,Big C Enterprises,2026-07-21,13:30,25,Order,collection pending
V03580,BDM009,Gowtham S,OA0627,Jeyam Digital,17/07/2026,11:13,30,,
V03581,BDM007,Mohan Raj,OA0010,City Infotech,06/05/2026,10:23,,Complaint,asked for better margin
V03582,BDM010,Praveen K,OA0265,Chennai Silks Cellpoint,2026-07-31,16:17,15,Complaint,
V03583,BDM008,Sathya N,OA0399,Muthu Electronics,15/06/2026,13:43,10,Order,shop closed
V03584,BDM009,Gowtham S,OA0613,Devi Infotech,18/05/2026,12:06,20,Stock check,
V03585,BDM009,Gowtham S,OA0718,Vinayaga Infotech,2026-06-17,14:01,8,Follow up,asked for better margin
V03586,BDM005,Dhanush P,OA0696,Sakthi Cellpoint,10/06/2026,10:43,45,Follow up,
V03587,BDM008,Sathya N,OA0399,Muthu Electronics,28/07/2026,10:27,5,Routine visit,
V03588,BDM012,Yuvaraj S,OA0302,Saravana Telecom,2026-06-27,11:17,10,followup,display not as per norms
V03589,BDM010,Praveen K,OA0447,Devi Enterprises,2026-06-24,11:06,30,,stock displayed
V03590,BDM007,Mohan Raj,OA0452,Sri Balaji Enterprises,09/05/2026,13:19,,routine,display not as per norms
V03591,BDM007,Mohan Raj,OA0010,City Infotech,02/07/2026,11:14,30,New onboarding,collection pending
V03592,BDM004,Ashok Kumar,OA0225,Karpagam Cellpoint,07/05/2026,10:31,,followup,
V03593,BDM010,Praveen K,OA0414,iStore Agencies,2026-05-01,14:09,25,Collection,will order next week
V03594,BDM005,Dhanush P,OA0738,Selvam Mobiles,03/07/2026,14:11,,Routine visit,
V03595,BDM005,Dhanush P,OA0330,Chennai Silks Infotech,24/06/2026,15:07,15,,display not as per norms
V03596,BDM005,Dhanush P,OA0011,Universal Electronics,12/06/2026,13:31,45,Stock check,stock displayed
V03597,BDM007,Mohan Raj,OA0153,Galaxy Infotech,2026-06-15,13:25,15,New onboarding,asked for better margin
V03598,BDM006,Jegan R,OA0304,Chennai Silks Enterprises,2026-07-14,15:28,30,routine,display not as per norms
V03599,BDM008,Sathya N,OA0584,iStore Electronics,2026-07-09,17:06,20,Stock check,
V03600,BDM005,Dhanush P,OA0507,Galaxy Traders,13/06/2026,15:27,20,routine,
V03601,BDM010,Praveen K,OA0669,Bharath Enterprises,2026-05-12,10:33,8,Stock check,
V03602,BDM004,Ashok Kumar,OA0777,City Communications,2026-06-11,17:24,,New onboarding,shop closed
V03603,BDM003,Vetri S,OA0769,Sangeetha Telecom,2026-07-01,10:18,20,Stock check,asked for better margin
V03604,BDM008,Sathya N,OA0444,Meenakshi Mobile,2026-06-25,14:14,5,routine,shop closed
V03605,BDM010,Praveen K,OA0702,Sakthi Infotech,2026-06-09,12:51,5,routine,stock displayed
V03606,BDM012,Yuvaraj S,OA0721,Devi Agencies,23/06/2026,11:16,20,New onboarding,
V03607,BDM001,Sundar R,OA0796,Saravana Electronics,15/05/2026,10:05,20,Routine visit,shop closed
V03608,BDM012,Yuvaraj S,OA0026,Meenakshi Infotech,2026-05-15,11:29,15,Complaint,will order next week
V03609,BDM006,Jegan R,OA0237,Jeyam Traders,18/07/2026,16:02,20,Follow up,will order next week
V03610,BDM010,Praveen K,OA0720,Sangeetha Traders,2026-07-18,16:59,30,Complaint,display not as per norms
V03611,BDM008,Sathya N,OA0692,Sri Balaji Infotech,09/05/2026,13:34,5,Routine visit,display not as per norms
V03612,BDM003,Vetri S,OA0786,Vasanth Electronics,16/07/2026,11:11,12,Collection,
V03613,BDM006,Jegan R,OA0611,Royal Traders,11/05/2026,10:30,5,Routine visit,will order next week
V03614,BDM011,Ilango M,OA0671,Vasanth Traders,13/05/2026,12:28,25,,asked for better margin
V03615,BDM001,Sundar R,OA0154,Karpagam Enterprises,05/05/2026,12:08,20,Collection,will order next week
V03616,BDM004,Ashok Kumar,OA0149,New Star Telecom,12/05/2026,10:32,12,Complaint,
V03617,BDM008,Sathya N,OA0622,Ganesh Enterprises,2026-06-11,01:15,45,Follow up,will order next week
V03618,BDM011,Ilango M,OA0078,,16/06/2026,11:17,,Routine visit,
V03619,BDM006,Jegan R,OA0734,Lakshmi Traders,25/05/2026,11:52,12,Stock check,display not as per norms
V03620,BDM004,Ashok Kumar,OA0679,Vasanth Gadgets,2026-06-23,13:43,12,,discussed scheme
V03621,BDM005,Dhanush P,OA0585,Meenakshi Cellpoint,30/07/2026,12:06,8,Follow up,discussed scheme
V03622,BDM007,Mohan Raj,OA0262,,02/07/2026,15:29,15,New onboarding,shop closed
V03623,BDM008,Sathya N,OA0523,Mobile World Mobiles,2026-07-18,16:03,,New onboarding,shop closed
V03624,BDM006,Jegan R,OA0649,Prime Mobile,14/05/2026,12:07,5,followup,will order next week
V03625,BDM009,Gowtham S,OA0370,Muthu Electronics,08/06/2026,14:14,25,Routine visit,
V03626,BDM002,Prakash M,OA0552,Poorvika Mobile,22/06/2026,14:38,15,New onboarding,
V03627,BDM002,Prakash M,OA0812,Meenakshi Traders - Branch,11/07/2026,13:01,8,Complaint,
V03628,BDM008,Sathya N,OA0229,,2026-05-02,12:02,15,Follow up,
V03629,BDM005,Dhanush P,OA0591,City Traders,25/06/2026,14:03,12,Stock check,
V03630,BDM008,Sathya N,OA0306,City Telecom,23/06/2026,12:50,,Collection,
V03631,BDM003,Vetri S,OA0125,Devi Communications,02/07/2026,10:12,5,Order,discussed scheme
V03632,BDM009,Gowtham S,OA0254,Vinayaga Infotech,04/07/2026,12:51,10,,
V03633,BDM002,Prakash M,OA0460,Big C Electronics,11/05/2026,10:26,25,Complaint,
V03634,BDM006,Jegan R,OA0085,Prime Enterprises,04/06/2026,12:05,45,Routine visit,will order next week
V03635,BDM010,Praveen K,OA0638,,10/06/2026,12:56,20,,discussed scheme
V03636,BDM011,Ilango M,OA0274,Muthu Electronics,2026-05-14,13:58,,Order,
V03637,BDM005,Dhanush P,OA0189,Muthu Cellpoint,12/05/2026,12:01,20,Order,
V03638,BDM007,Mohan Raj,OA0710,Karpagam Agencies,04/06/2026,13:17,12,Collection,collection pending
V03639,BDM004,Ashok Kumar,OA0679,Vasanth Gadgets,13/06/2026,10:45,20,followup,
V03640,BDM008,Sathya N,OA0682,Thangam Cellpoint,15/07/2026,13:46,12,New onboarding,
V03641,BDM012,Yuvaraj S,OA0462,Royal Digital,2026-07-07,10:28,,Routine visit,
V03642,BDM005,Dhanush P,OA0559,Karpagam Cellpoint,05/05/2026,14:31,,Routine visit,
V03643,BDM008,Sathya N,OA0105,Chennai Silks Agencies,2026-06-27,10:01,,Stock check,stock displayed
V03644,BDM011,Ilango M,OA0322,Saravana Enterprises,2026-06-13,11:40,45,routine,discussed scheme
V03645,BDM008,Sathya N,OA0045,Amman Agencies,09/06/2026,13:30,12,routine,
V03646,BDM010,Praveen K,OA0524,Vasanth Electronics,2026-05-02,12:15,45,,will order next week
V03647,BDM012,Yuvaraj S,OA0527,Devi Mobile,26/05/2026,15:00,30,Routine visit,discussed scheme
V03648,BDM005,Dhanush P,OA0088,Saravana Telecom,30/07/2026,10:04,45,New onboarding,will order next week
V03649,BDM007,Mohan Raj,OA0426,Modern Digital,07/05/2026,13:07,8,,
V03650,BDM006,Jegan R,OA0423,Bharath Electronics,2026-07-14,12:19,12,Routine visit,owner not available
V03651,BDM001,Sundar R,OA0553,Anandha Agencies,06/07/2026,12:34,5,Collection,display not as per norms
V03652,BDM002,Prakash M,OA0498,Sangeetha Cellpoint,2026-06-13,10:37,10,Follow up,collection pending
V03653,BDM002,Prakash M,OA0328,New Star Telecom,14/05/2026,14:09,45,New onboarding,discussed scheme
V03654,BDM012,Yuvaraj S,OA0493,Bharath Traders,23/05/2026,10:07,5,Follow up,
V03655,BDM001,Sundar R,OA0216,iStore Gadgets,02/05/2026,12:26,25,Order,display not as per norms
V03656,BDM010,Praveen K,OA0284,Anandha Digital,01/05/2026,15:18,15,routine,owner not available
V03657,BDM006,Jegan R,OA0429,Sri Balaji Telecom,08/05/2026,11:26,5,routine,discussed scheme
V03658,BDM010,Praveen K,OA0703,Thangam Telecom,08/05/2026,13:51,5,Routine visit,owner not available
V03659,BDM003,Vetri S,OA0334,Bharath Electronics,02/07/2026,13:38,,,discussed scheme
V03660,BDM001,Sundar R,OA0613,Devi Infotech,20/06/2026,14:57,5,Complaint,
V03661,BDM008,Sathya N,OA0354,Universal Cellpoint,2026-05-18,10:39,30,Complaint,collection pending
V03662,BDM002,Prakash M,OA0528,Mobile World Infotech,2026-05-14,,,routine,
V03663,BDM010,Praveen K,OA0717,Poorvika Traders,2026-07-16,14:00,30,Routine visit,stock displayed
V03664,BDM002,Prakash M,OA0151,Chennai Silks Communications,23/05/2026,14:59,5,Complaint,collection pending
V03665,BDM008,Sathya N,OA0260,iStore Telecom,05/05/2026,12:49,20,Order,
V03666,BDM002,Prakash M,OA0433,Vinayaga Cellpoint,2026-06-10,15:07,,Collection,
V03667,BDM007,Mohan Raj,OA0146,Kumaran Telecom,28/06/2026,12:49,12,Stock check,
V03668,BDM007,Mohan Raj,OA0817,ISTORE TELECOM,11/05/2026,10:05,,Follow up,owner not available
V03669,BDM008,Sathya N,OA0105,Chennai Silks Agencies,2026-05-29,10:35,20,Order,
V03670,BDM012,Yuvaraj S,OA0462,Royal Digital,26/07/2026,14:08,20,Order,
V03671,BDM011,Ilango M,OA0172,iStore Electronics,2026-05-20,10:07,5,routine,discussed scheme
V03672,BDM009,Gowtham S,OA0594,Sangeetha Cellpoint,2026-05-07,17:14,30,Collection,
V03673,BDM002,Prakash M,OA0431,Amman Communications,29/05/2026,16:11,,Stock check,discussed scheme
V03674,BDM011,Ilango M,OA0409,Amman Mobile,23/05/2026,15:19,12,New onboarding,asked for better margin
V03675,BDM005,Dhanush P,OA0559,Karpagam Cellpoint,02/07/2026,10:54,10,Routine visit,
V03676,BDM003,Vetri S,OA0568,Vinayaga Mobiles,13/07/2026,17:00,30,Complaint,
V03677,BDM006,Jegan R,OA0088,Saravana Telecom,03/06/2026,10:10,20,Complaint,
V03678,BDM012,Yuvaraj S,OA0008,Sri Krishna Communications,03/07/2026,13:04,5,followup,stock displayed
V03679,BDM004,Ashok Kumar,OA0307,Ram Infotech,30/06/2026,11:43,25,Order,
V03680,BDM008,Sathya N,OA0727,Royal Electronics,15/05/2026,12:17,,,
V03681,BDM012,Yuvaraj S,OA0449,Muthu Mobile,04/06/2026,13:28,45,Order,owner not available
V03682,BDM012,Yuvaraj S,OA0197,Prime Digital,24/06/2026,13:45,5,Collection,collection pending
V03683,BDM004,Ashok Kumar,OA0357,Universal Mobile,2026-07-05,14:08,10,Stock check,
V03684,BDM006,Jegan R,OA0091,Bharath Mobile,19/05/2026,10:23,45,,asked for better margin
V03685,BDM006,Jegan R,OA0662,Vinayaga Mobile,06/05/2026,11:21,45,Routine visit,
V03686,BDM006,Jegan R,OA0453,Sri Krishna Digital,2026-05-22,13:06,10,,will order next week
V03687,BDM008,Sathya N,OA0059,Selvam Cellpoint,30/06/2026,10:17,10,Collection,
V03688,BDM001,Sundar R,OA0508,Saravana Mobile,13/07/2026,15:01,20,Routine visit,discussed scheme
V03689,BDM005,Dhanush P,OA0330,Chennai Silks Infotech,2026-05-14,10:24,20,followup,asked for better margin
V03690,BDM007,Mohan Raj,OA0630,Anandha Telecom,02/06/2026,11:00,20,Routine visit,shop closed
V03691,BDM010,Praveen K,OA0798,Anandha Digital ,16/06/2026,11:48,,New onboarding,stock displayed
V03692,BDM005,Dhanush P,OA0737,Vasanth Agencies,2026-05-20,15:20,30,,collection pending
V03693,BDM007,Mohan Raj,OA0069,Mobile World Infotech,08/07/2026,17:00,30,Routine visit,will order next week
V03694,BDM003,Vetri S,OA0583,Anandha Mobile,22/06/2026,11:15,45,Stock check,
V03695,BDM007,Mohan Raj,OA0253,Amman Gadgets,28/05/2026,11:56,10,followup,
V03696,BDM006,Jegan R,OA0044,Muthu Mobiles,2026-06-20,10:07,,Follow up,display not as per norms
V03697,BDM012,Yuvaraj S,OA0709,New Star Mobile,28/05/2026,11:29,5,Complaint,
V03698,BDM009,Gowtham S,OA0067,Galaxy Traders,17/06/2026,10:22,45,routine,shop closed
V03699,BDM003,Vetri S,OA0130,iStore Electronics,16/07/2026,16:39,8,Stock check,collection pending
V03700,BDM011,Ilango M,OA0309,Ganesh Cellpoint,2026-06-18,14:17,5,New onboarding,
V03701,BDM005,Dhanush P,OA0450,Sangeetha Enterprises,2026-05-20,10:36,,followup,
V03702,BDM012,Yuvaraj S,OA0434,Galaxy Agencies,2026-07-11,14:06,15,New onboarding,
V03703,BDM009,Gowtham S,OA0458,Saravana Agencies,19/07/2026,23:47,45,Complaint,
V03704,BDM009,Gowtham S,OA0603,Amman Enterprises,10/07/2026,16:10,20,Stock check,
V03705,BDM002,Prakash M,OA0422,Anandha Agencies,20/07/2026,14:20,25,Follow up,
V03706,BDM011,Ilango M,OA0759,Ram Infotech,13/07/2026,14:52,,routine,
V03707,BDM008,Sathya N,OA0059,Selvam Cellpoint,11/06/2026,10:33,5,Complaint,asked for better margin
V03708,BDM004,Ashok Kumar,OA0269,Amman Cellpoint,26/05/2026,13:06,45,,
V03709,BDM009,Gowtham S,OA0548,Lakshmi Gadgets,26/05/2026,13:35,8,Order,
V03710,BDM001,Sundar R,OA0539,Ram Infotech,27/07/2026,10:30,30,,
V03711,BDM011,Ilango M,OA0300,Sri Krishna Gadgets,08/07/2026,12:51,8,,owner not available
V03712,BDM001,Sundar R,OA0157,Vasanth Gadgets,17/07/2026,11:29,25,Collection,owner not available
V03713,BDM011,Ilango M,OA0155,Sakthi Electronics,2026-07-10,10:21,20,Collection,collection pending
V03714,BDM002,Prakash M,OA0433,Vinayaga Cellpoint,27/07/2026,13:40,,routine,shop closed
V03715,BDM007,Mohan Raj,OA0427,Vinayaga Mobile,2026-05-23,12:20,12,Stock check,display not as per norms
V03716,BDM008,Sathya N,OA0740,New Star Agencies,15/07/2026,10:29,,Order,discussed scheme
V03717,BDM002,Prakash M,OA0353,New Star Agencies,23/06/2026,10:48,,,
V03718,BDM005,Dhanush P,OA0275,Poorvika Electronics,02/05/2026,11:46,15,routine,discussed scheme
V03719,BDM002,Prakash M,OA0433,Vinayaga Cellpoint,02/05/2026,10:15,,Follow up,display not as per norms
V03720,BDM003,Vetri S,OA0002,Sakthi Telecom,23/07/2026,14:00,20,routine,display not as per norms
V03721,BDM005,Dhanush P,OA0688,Sri Krishna Mobiles,20/06/2026,14:25,25,Routine visit,owner not available
V03722,BDM004,Ashok Kumar,OA0225,Karpagam Cellpoint,03/07/2026,14:31,45,New onboarding,collection pending
V03723,BDM008,Sathya N,OA0220,Chennai Silks Enterprises,06/05/2026,12:17,5,New onboarding,
V03724,BDM010,Praveen K,OA0638,Royal Enterprises,07/07/2026,13:06,20,Collection,asked for better margin
V03725,BDM007,Mohan Raj,OA0115,Bharath Electronics,25/07/2026,10:33,12,New onboarding,will order next week
V03726,BDM004,Ashok Kumar,OA0686,Royal Electronics,2026-05-20,12:11,20,Order,
V03727,BDM003,Vetri S,OA0612,Sri Balaji Infotech,13/05/2026,15:19,25,Collection,display not as per norms
V03728,BDM010,Praveen K,OA0703,Thangam Telecom,08/07/2026,12:21,8,followup,
V03729,BDM002,Prakash M,OA0503,Sri Balaji Infotech,22/06/2026,12:46,45,Collection,
V03730,BDM001,Sundar R,OA0791,Modern Telecom,2026-05-11,13:50,30,Order,discussed scheme
V03731,BDM009,Gowtham S,OA0596,Saravana Mobile,09/05/2026,13:28,25,New onboarding,
V03732,BDM010,Praveen K,OA0518,Thangam Mobile,2026-05-07,13:00,25,Routine visit,display not as per norms
V03733,BDM005,Dhanush P,OA0559,Karpagam Cellpoint,11/07/2026,11:00,30,Order,discussed scheme
V03734,BDM010,Praveen K,OA0134,Jeyam Enterprises,23/05/2026,10:05,,Routine visit,shop closed
V03735,BDM010,Praveen K,OA0814,Poorvika Traders ,10/07/2026,15:10,5,followup,asked for better margin
V03736,BDM010,Praveen K,OA0806,Modern Communications ,06/06/2026,11:52,5,Stock check,discussed scheme
V03737,BDM009,Gowtham S,OA0291,Big C Mobiles,2026-07-28,11:59,10,,shop closed
V03738,BDM009,Gowtham S,OA0549,Royal Gadgets,24/05/2026,14:00,30,Routine visit,asked for better margin
V03739,BDM009,Gowtham S,OA0372,Universal Communications,19/05/2026,11:53,8,followup,will order next week
V03740,BDM003,Vetri S,OA0107,Sri Krishna Traders,23/07/2026,10:00,20,Routine visit,
V03741,BDM008,Sathya N,OA0108,Anandha Mobiles,2026-07-21,15:12,10,Routine visit,discussed scheme
V03742,BDM008,Sathya N,OA0230,Ram Digital,09/06/2026,10:16,15,,display not as per norms
V03743,BDM004,Ashok Kumar,OA0346,Amman Communications,2026-05-13,13:03,15,Order,
V03744,BDM009,Gowtham S,OA0549,Royal Gadgets,2026-05-31,14:00,25,Routine visit,
V03745,BDM002,Prakash M,OA0772,Ganesh Cellpoint,21/06/2026,14:13,30,Collection,will order next week
V03746,BDM004,Ashok Kumar,OA0716,Anandha Communications,16/07/2026,16:12,5,Complaint,owner not available
V03747,BDM002,Prakash M,OA0667,Bharath Communications,04/05/2026,12:26,30,routine,discussed scheme
V03748,BDM011,Ilango M,OA0155,Sakthi Electronics,20/05/2026,11:21,30,New onboarding,owner not available
V03749,BDM003,Vetri S,OA0053,Big C Agencies,2026-07-03,15:34,,Stock check,discussed scheme
V03750,BDM010,Praveen K,OA0213,Prime Electronics,21/05/2026,13:52,,Collection,collection pending
V03751,BDM011,Ilango M,OA0795,Sri Krishna Digital,2026-07-02,12:52,5,Collection,collection pending
V03752,BDM012,Yuvaraj S,OA0226,Poorvika Gadgets,01/05/2026,11:46,30,Follow up,
V03753,BDM007,Mohan Raj,OA0778,Vasanth Infotech,30/05/2026,11:00,25,Routine visit,discussed scheme
V03754,BDM009,Gowtham S,OA0458,Saravana Agencies,24/05/2026,17:02,15,Collection,
V03755,BDM010,Praveen K,OA0321,Vasanth Enterprises,11/07/2026,12:16,5,Order,shop closed
V03756,BDM005,Dhanush P,OA0507,Galaxy Traders,25/05/2026,13:50,8,Order,collection pending
V03757,BDM010,Praveen K,OA0447,Devi Enterprises,10/07/2026,10:33,12,,
V03758,BDM010,Praveen K,OA0783,iStore Telecom,15/05/2026,13:22,,Routine visit,discussed scheme
V03759,BDM011,Ilango M,OA0246,,2026-07-15,10:05,10,Order,asked for better margin
V03760,BDM003,Vetri S,OA0315,Ganesh Enterprises,13/05/2026,15:58,20,,collection pending
V03761,BDM009,Gowtham S,OA0789,Modern Cellpoint,02/06/2026,10:29,5,followup,display not as per norms
V03762,BDM011,Ilango M,OA0565,Ram Traders,2026-06-18,11:18,45,Complaint,display not as per norms
V03763,BDM004,Ashok Kumar,OA0473,Ganesh Cellpoint,2026-07-17,16:00,45,Order,shop closed
V03764,BDM011,Ilango M,OA0598,Devi Gadgets,2026-07-18,13:34,20,Order,discussed scheme
V03765,BDM006,Jegan R,OA0070,Big C Digital,08/06/2026,10:29,25,,will order next week
V03766,BDM012,Yuvaraj S,OA0508,Saravana Mobile,06/06/2026,14:00,20,Routine visit,
V03767,BDM011,Ilango M,OA0022,Chennai Silks Mobiles,20/06/2026,13:00,25,Routine visit,discussed scheme
V03768,BDM010,Praveen K,OA0571,Amman Telecom,06/05/2026,10:07,15,Complaint,discussed scheme
V03769,BDM009,Gowtham S,OA0257,Vinayaga Mobiles,02/05/2026,10:30,,Complaint,
V03770,BDM012,Yuvaraj S,OA0417,Muthu Enterprises,08/06/2026,16:27,30,Follow up,discussed scheme
V03771,BDM011,Ilango M,OA0078,,11/05/2026,15:28,15,Routine visit,
V03772,BDM011,Ilango M,OA0374,Karpagam Telecom,2026-06-04,13:48,12,routine,will order next week
V03773,BDM012,Yuvaraj S,OA0104,Galaxy Telecom,2026-07-02,14:09,20,Complaint,display not as per norms
V03774,BDM002,Prakash M,OA0503,Sri Balaji Infotech,2026-05-08,17:14,20,Order,
V03775,BDM010,Praveen K,OA0210,,15/07/2026,10:01,8,Order,discussed scheme
V03776,BDM006,Jegan R,OA0641,Bharath Enterprises,29/05/2026,14:09,15,Order,
V03777,BDM012,Yuvaraj S,OA0365,Meenakshi Telecom,2026-06-18,10:39,,followup,will order next week
V03778,BDM008,Sathya N,OA0472,Big C Gadgets,2026-05-04,13:08,15,followup,owner not available
V03779,BDM011,Ilango M,OA0303,Sangeetha Enterprises,2026-07-22,10:39,20,,will order next week
V03780,BDM006,Jegan R,OA0001,Bharath Traders,20/05/2026,16:04,8,Follow up,
V03781,BDM011,Ilango M,OA0300,Sri Krishna Gadgets,2026-07-23,13:09,12,Order,asked for better margin
V03782,BDM005,Dhanush P,OA0559,Karpagam Cellpoint,30/07/2026,10:58,15,routine,owner not available
V03783,BDM012,Yuvaraj S,OA0405,Galaxy Digital,2026-06-08,14:49,8,Complaint,display not as per norms
V03784,BDM009,Gowtham S,OA0794,Muthu Mobiles,2026-05-19,10:56,20,followup,display not as per norms
V03785,BDM006,Jegan R,OA0445,Amman Gadgets,03/06/2026,11:11,,Collection,
V03786,BDM009,Gowtham S,OA0549,Royal Gadgets,14/06/2026,12:00,25,Routine visit,
V03787,BDM011,Ilango M,OA0661,Devi Cellpoint,18/07/2026,11:13,12,New onboarding,asked for better margin
V03788,BDM001,Sundar R,OA0613,Devi Infotech,2026-06-18,11:08,5,Collection,will order next week
V03789,BDM007,Mohan Raj,OA0535,Ram Traders,2026-06-08,14:15,10,Routine visit,will order next week
V03790,BDM003,Vetri S,OA0416,Devi Agencies,18/07/2026,10:36,30,followup,
V03791,BDM009,Gowtham S,OA0690,Sangeetha Mobiles,2026-07-14,14:54,10,followup,stock displayed
V03792,BDM001,Sundar R,OA0796,Saravana Electronics,2026-07-04,11:10,30,Order,asked for better margin
V03793,BDM010,Praveen K,OA0217,Devi Electronics,18/07/2026,12:38,8,New onboarding,shop closed
V03794,BDM007,Mohan Raj,OA0506,Galaxy Cellpoint,2026-07-25,13:26,10,Order,
V03795,BDM004,Ashok Kumar,OA0615,Selvam Electronics,11/05/2026,10:39,12,Stock check,asked for better margin
V03796,BDM006,Jegan R,OA0484,Sangeetha Gadgets,2026-07-23,11:38,15,Stock check,
V03797,BDM009,Gowtham S,OA0401,Sakthi Traders,2026-07-21,16:05,15,New onboarding,display not as per norms
V03798,BDM008,Sathya N,OA0687,Bharath Communications,04/06/2026,11:12,45,,discussed scheme
V03799,BDM011,Ilango M,OA0605,Sri Krishna Infotech,2026-06-17,15:34,10,Complaint,
V03800,BDM005,Dhanush P,OA0360,Lakshmi Communications,06/06/2026,12:18,8,routine,will order next week
V03801,BDM002,Prakash M,OA0719,Sakthi Infotech,07/07/2026,11:14,30,Complaint,
V03802,BDM006,Jegan R,OA0611,Royal Traders,13/07/2026,14:30,30,routine,
V03803,BDM011,Ilango M,OA0397,Vasanth Traders,12/06/2026,16:00,20,Routine visit,
V03804,BDM004,Ashok Kumar,OA0269,Amman Cellpoint,18/06/2026,13:36,,New onboarding,stock displayed
V03805,BDM008,Sathya N,OA0230,Ram Digital,21/05/2026,11:58,,followup,stock displayed
V03806,BDM007,Mohan Raj,OA0012,Ram Enterprises,28/06/2026,10:14,30,Complaint,
V03807,BDM005,Dhanush P,OA0543,Poorvika Agencies,14/07/2026,10:48,45,Routine visit,
V03808,BDM002,Prakash M,OA0160,Jeyam Electronics,22/06/2026,12:21,15,Order,display not as per norms
V03809,BDM005,Dhanush P,OA0011,Universal Electronics,02/06/2026,10:37,15,,owner not available
V03810,BDM006,Jegan R,OA0517,Sri Balaji Gadgets,15/07/2026,14:00,20,Stock check,
V03811,BDM007,Mohan Raj,OA0516,Meenakshi Agencies,22/07/2026,12:25,5,Stock check,
V03812,BDM004,Ashok Kumar,OA0269,Amman Cellpoint,16/05/2026,10:12,20,,
V03813,BDM008,Sathya N,OA0701,City Infotech,02/07/2026,14:38,12,Complaint,
V03814,BDM002,Prakash M,OA0457,Jeyam Traders,24/05/2026,11:34,10,Follow up,will order next week
V03815,BDM011,Ilango M,OA0283,Modern Mobile,10/06/2026,14:25,20,routine,
V03816,BDM007,Mohan Raj,OA0069,Mobile World Infotech,17/06/2026,17:00,20,Routine visit,display not as per norms
V03817,BDM011,Ilango M,OA0102,Thangam Enterprises,02/06/2026,12:38,8,New onboarding,
V03818,BDM012,Yuvaraj S,OA0659,Thangam Cellpoint,19/05/2026,10:32,12,Stock check,display not as per norms
V03819,BDM011,Ilango M,OA0283,Modern Mobile,22/07/2026,15:06,45,Routine visit,stock displayed
V03820,BDM002,Prakash M,OA0151,Chennai Silks Communications,2026-06-04,12:58,30,Complaint,shop closed
V03821,BDM007,Mohan Raj,OA0686,Royal Electronics,14/07/2026,15:05,30,Routine visit,
V03822,BDM012,Yuvaraj S,OA0644,Karpagam Enterprises,2026-06-01,13:21,45,Routine visit,discussed scheme
V03823,BDM002,Prakash M,OA0433,Vinayaga Cellpoint,06/05/2026,11:58,15,,owner not available
V03824,BDM009,Gowtham S,OA0594,Sangeetha Cellpoint,26/05/2026,12:26,30,Collection,owner not available
V03825,BDM009,Gowtham S,OA0782,City Mobiles,2026-06-29,15:06,10,Routine visit,asked for better margin
V03826,BDM005,Dhanush P,OA0240,Sangeetha Mobile,10/07/2026,11:25,15,Order,
V03827,BDM003,Vetri S,OA0652,Modern Infotech,2026-07-29,12:35,45,New onboarding,
V03828,BDM009,Gowtham S,OA0388,Galaxy Telecom,11/07/2026,10:41,20,Stock check,discussed scheme
V03829,BDM001,Sundar R,OA0441,Bharath Enterprises,06/06/2026,12:00,25,Routine visit,display not as per norms
V03830,BDM002,Prakash M,OA0677,Chennai Silks Electronics,05/06/2026,14:10,15,Collection,asked for better margin
V03831,BDM002,Prakash M,OA0167,Meenakshi Telecom,2026-06-17,10:21,20,followup,display not as per norms
V03832,BDM003,Vetri S,OA0345,,2026-06-23,13:49,15,New onboarding,shop closed
V03833,BDM010,Praveen K,OA0606,Big C Electronics,11/06/2026,12:48,25,followup,
V03834,BDM006,Jegan R,OA0299,Vinayaga Gadgets,06/05/2026,16:40,8,Order,discussed scheme
V03835,BDM008,Sathya N,OA0788,Chennai Silks Electronics,23/07/2026,13:09,20,Stock check,
V03836,BDM012,Yuvaraj S,OA0637,Vinayaga Enterprises,2026-05-30,13:24,5,followup,
V03837,BDM003,Vetri S,OA0466,,03/07/2026,16:11,30,Stock check,shop closed
V03838,BDM006,Jegan R,OA0124,Vasanth Electronics,2026-05-03,12:09,,followup,stock displayed
V03839,BDM008,Sathya N,OA0263,Meenakshi Cellpoint,2026-06-18,11:19,,New onboarding,stock displayed
V03840,BDM009,Gowtham S,OA0199,Muthu Enterprises,2026-05-27,13:09,15,Collection,
V03841,BDM009,Gowtham S,OA0425,Ram Gadgets,18/05/2026,12:05,,Order,collection pending
V03842,BDM001,Sundar R,OA0163,Sri Krishna Communications,2026-06-24,14:23,10,,collection pending
V03843,BDM007,Mohan Raj,OA0778,Vasanth Infotech,18/07/2026,17:00,20,Routine visit,discussed scheme
V03844,BDM007,Mohan Raj,OA0630,Anandha Telecom,21/07/2026,11:00,30,Routine visit,stock displayed
V03845,BDM007,Mohan Raj,OA0790,Sangeetha Mobile,12/05/2026,15:41,,Follow up,
V03846,BDM003,Vetri S,OA0676,Prime Cellpoint,14/05/2026,12:03,5,Collection,
V03847,BDM012,Yuvaraj S,OA0792,Devi Mobile,27/06/2026,10:14,15,Collection,stock displayed
V03848,BDM011,Ilango M,OA0755,Poorvika Traders,2026-06-10,11:24,15,Collection,
V03849,BDM007,Mohan Raj,OA0027,Universal Cellpoint,14/07/2026,15:02,20,Order,discussed scheme
V03850,BDM010,Praveen K,OA0128,Prime Infotech,2026-05-05,10:15,12,New onboarding,
V03851,BDM009,Gowtham S,OA0718,Vinayaga Infotech,20/05/2026,14:04,5,followup,
V03852,BDM007,Mohan Raj,OA0111,City Infotech,10/07/2026,12:55,45,,collection pending
V03853,BDM011,Ilango M,OA0598,Devi Gadgets,2026-06-16,14:32,45,Collection,stock displayed
V03854,BDM001,Sundar R,OA0406,Saravana Communications,06/07/2026,13:56,25,Complaint,
V03855,BDM004,Ashok Kumar,OA0239,,21/07/2026,11:30,8,Stock check,shop closed
V03856,BDM010,Praveen K,OA0213,,30/06/2026,12:12,8,Follow up,discussed scheme
V03857,BDM006,Jegan R,OA0513,Devi Telecom,08/07/2026,11:26,10,Stock check,
V03858,BDM008,Sathya N,OA0028,Anandha Enterprises,2026-05-08,14:03,8,Collection,
V03859,BDM009,Gowtham S,OA0006,Bharath Telecom,2026-06-04,14:18,8,New onboarding,
V03860,BDM006,Jegan R,OA0734,Lakshmi Traders,21/05/2026,15:00,20,Complaint,asked for better margin
V03861,BDM005,Dhanush P,OA0043,Jeyam Electronics,13/05/2026,13:30,12,Collection,display not as per norms
V03862,BDM001,Sundar R,OA0436,Vinayaga Agencies,07/07/2026,11:51,8,Order,
V03863,BDM012,Yuvaraj S,OA0062,Jeyam Telecom,25/05/2026,17:12,20,Follow up,
V03864,BDM004,Ashok Kumar,OA0511,Thangam Telecom,16/07/2026,10:04,45,Collection,
V03865,BDM011,Ilango M,OA0795,Sri Krishna Digital,2026-06-18,13:51,5,routine,
V03866,BDM002,Prakash M,OA0169,Meenakshi Traders,03/07/2026,10:39,45,Follow up,asked for better margin
V03867,BDM011,Ilango M,OA0759,,06/07/2026,13:05,30,Stock check,
V03868,BDM009,Gowtham S,OA0418,Prime Digital,23/07/2026,11:15,20,routine,stock displayed
V03869,BDM001,Sundar R,OA0551,Meenakshi Enterprises,2026-06-09,14:06,25,,discussed scheme
V03870,BDM008,Sathya N,OA0131,Thangam Digital,25/06/2026,15:04,8,followup,
V03871,BDM009,Gowtham S,OA0614,Sri Balaji Traders,10/07/2026,16:13,30,Stock check,
V03872,BDM005,Dhanush P,OA0240,Sangeetha Mobile,2026-05-30,15:48,,,asked for better margin
V03873,BDM001,Sundar R,OA0455,Ram Mobiles,10/07/2026,13:24,,followup,shop closed
V03874,BDM004,Ashok Kumar,OA0681,Lakshmi Agencies,14/05/2026,12:39,5,followup,collection pending
V03875,BDM009,Gowtham S,OA0425,Ram Gadgets,2026-06-11,12:44,25,New onboarding,
V03876,BDM002,Prakash M,OA0160,Jeyam Electronics,2026-07-09,14:43,10,routine,
V03877,BDM007,Mohan Raj,OA0377,New Star Mobiles,29/07/2026,10:32,12,Stock check,discussed scheme
V03878,BDM008,Sathya N,OA0017,Mobile World Infotech,08/05/2026,10:38,5,Order,stock displayed
V03879,BDM003,Vetri S,OA0612,Sri Balaji Infotech,2026-07-05,13:27,30,Routine visit,
V03880,BDM012,Yuvaraj S,OA0800,MEENAKSHI ENTERPRISES,11/05/2026,14:44,25,Collection,shop closed
V03881,BDM002,Prakash M,OA0691,Royal Traders,06/07/2026,14:04,,followup,
V03882,BDM005,Dhanush P,OA0465,Vasanth Electronics,16/06/2026,11:55,10,Collection,will order next week
V03883,BDM012,Yuvaraj S,OA0313,Chennai Silks Digital,28/05/2026,10:57,30,routine,
V03884,BDM004,Ashok Kumar,OA0403,Mobile World Digital,28/07/2026,15:21,,Complaint,discussed scheme
V03885,BDM011,Ilango M,OA0309,Ganesh Cellpoint,2026-05-14,11:43,5,routine,shop closed
V03886,BDM009,Gowtham S,OA0118,Selvam Mobile,04/06/2026,11:07,,Collection,asked for better margin
V03887,BDM011,Ilango M,OA0397,Vasanth Traders,17/07/2026,11:00,30,Routine visit,
V03888,BDM004,Ashok Kumar,OA0716,Anandha Communications,15/06/2026,14:24,30,Collection,will order next week
V03889,BDM006,Jegan R,OA0001,Bharath Traders,17/06/2026,10:39,20,,shop closed
V03890,BDM010,Praveen K,OA0135,Selvam Mobiles,23/07/2026,12:00,20,Routine visit,
V03891,BDM005,Dhanush P,OA0599,Saravana Cellpoint,08/07/2026,10:06,25,Complaint,will order next week
V03892,BDM009,Gowtham S,OA0404,Saravana Gadgets,20/05/2026,17:00,20,Routine visit,
V03893,BDM006,Jegan R,OA0044,Muthu Mobiles,17/07/2026,12:53,30,Collection,collection pending
V03894,BDM010,Praveen K,OA0702,Sakthi Infotech,20/05/2026,13:13,30,Complaint,
V03895,BDM003,Vetri S,OA0471,Amman Cellpoint,2026-07-24,10:22,,Order,
V03896,BDM006,Jegan R,OA0484,Sangeetha Gadgets,23/06/2026,10:04,10,Complaint,collection pending
V03897,BDM009,Gowtham S,OA0287,Royal Mobile,02/06/2026,13:36,8,Order,shop closed
V03898,BDM011,Ilango M,OA0172,iStore Electronics,2026-06-12,12:13,10,Follow up,display not as per norms
V03899,BDM011,Ilango M,OA0661,Devi Cellpoint,2026-06-07,12:35,8,Follow up,shop closed
V03900,BDM002,Prakash M,OA0351,Devi Infotech,21/06/2026,14:04,20,followup,
V03901,BDM005,Dhanush P,OA0360,Lakshmi Communications,07/07/2026,13:14,15,Collection,discussed scheme
V03902,BDM011,Ilango M,OA0621,Mobile World Enterprises,20/05/2026,10:50,30,Stock check,display not as per norms
V03903,BDM012,Yuvaraj S,OA0589,Sakthi Electronics,03/07/2026,11:07,20,Complaint,discussed scheme
V03904,BDM002,Prakash M,OA0684,City Digital,22/05/2026,12:01,12,New onboarding,collection pending
V03905,BDM002,Prakash M,OA0022,Chennai Silks Mobiles,12/07/2026,14:09,5,Order,will order next week
V03906,BDM004,Ashok Kumar,OA0168,Jeyam Traders,2026-05-28,14:34,,Complaint,collection pending
V03907,BDM005,Dhanush P,OA0021,Ram Cellpoint,04/06/2026,16:08,12,Order,
V03908,BDM003,Vetri S,OA0195,Prime Cellpoint,25/06/2026,11:41,,Complaint,discussed scheme
V03909,BDM003,Vetri S,OA0129,Vasanth Traders,2026-07-03,13:05,20,Collection,
V03910,BDM006,Jegan R,OA0439,Sakthi Enterprises,2026-05-25,14:10,45,Stock check,
V03911,BDM001,Sundar R,OA0815,BIG C INFOTECH,29/07/2026,15:23,15,Stock check,asked for better margin
V03912,BDM009,Gowtham S,OA0254,Vinayaga Infotech,23/05/2026,14:55,10,New onboarding,asked for better margin
V03913,BDM005,Dhanush P,OA0706,iStore Infotech,08/07/2026,13:25,20,routine,
V03914,BDM007,Mohan Raj,OA0686,Royal Electronics,17/07/2026,11:51,,Collection,asked for better margin
V03915,BDM002,Prakash M,OA0558,Mobile World Agencies,2026-07-17,14:22,8,Collection,owner not available
V03916,BDM005,Dhanush P,OA0193,Ganesh Infotech,24/06/2026,15:12,20,Collection,owner not available
V03917,BDM004,Ashok Kumar,OA0511,Thangam Telecom,2026-05-20,14:11,25,New onboarding,owner not available
V03918,BDM005,Dhanush P,OA0133,Devi Electronics,10/07/2026,15:01,20,followup,discussed scheme
V03919,BDM010,Praveen K,OA0100,Ram Agencies,07/07/2026,15:52,30,routine,owner not available
V03920,BDM010,Praveen K,OA0702,Sakthi Infotech,02/07/2026,10:05,12,Complaint,stock displayed
V03921,BDM008,Sathya N,OA0514,Jeyam Digital,2026-05-16,11:38,12,Routine visit,
V03922,BDM004,Ashok Kumar,OA0670,Jeyam Digital,2026-06-17,12:10,5,Follow up,
V03923,BDM004,Ashok Kumar,OA0780,Devi Infotech,26/06/2026,10:28,45,Collection,collection pending
V03924,BDM007,Mohan Raj,OA0686,Royal Electronics,2026-06-23,10:34,12,Collection,
V03925,BDM001,Sundar R,OA0298,Sri Krishna Electronics,08/06/2026,11:20,10,New onboarding,
V03926,BDM011,Ilango M,OA0300,Sri Krishna Gadgets,2026-06-18,13:08,8,New onboarding,
V03927,BDM002,Prakash M,OA0422,Anandha Agencies,2026-05-08,17:11,15,followup,
V03928,BDM004,Ashok Kumar,OA0478,Big C Mobile,20/05/2026,15:20,8,Stock check,
V03929,BDM005,Dhanush P,OA0033,Sri Balaji Mobile,2026-06-17,11:53,15,Complaint,
V03930,BDM011,Ilango M,OA0102,Thangam Enterprises,19/05/2026,11:34,,,will order next week
V03931,BDM007,Mohan Raj,OA0526,,04/07/2026,11:12,12,Order,display not as per norms
V03932,BDM007,Mohan Raj,OA0468,Ram Enterprises,18/07/2026,11:43,20,New onboarding,stock displayed
V03933,BDM007,Mohan Raj,OA0092,Poorvika Enterprises,2026-06-26,13:19,30,routine,display not as per norms
V03934,BDM007,Mohan Raj,OA0069,Mobile World Infotech,15/07/2026,15:00,30,Routine visit,discussed scheme
V03935,BDM006,Jegan R,OA0166,Big C Infotech,2026-05-22,12:08,,Collection,
V03936,BDM008,Sathya N,OA0424,Sri Krishna Cellpoint,27/07/2026,13:35,45,New onboarding,
V03937,BDM002,Prakash M,OA0664,New Star Traders,2026-07-15,10:45,20,Order,shop closed
V03938,BDM006,Jegan R,OA0658,Thangam Traders,2026-05-01,12:29,15,New onboarding,asked for better margin
V03939,BDM005,Dhanush P,OA0043,Jeyam Electronics,08/07/2026,12:58,5,Complaint,
V03940,BDM004,Ashok Kumar,OA0486,Jeyam Infotech,24/07/2026,17:01,5,,
V03941,BDM009,Gowtham S,OA0425,Ram Gadgets,25/06/2026,12:00,45,Order,owner not available
V03942,BDM006,Jegan R,OA0542,Kumaran Traders,2026-07-20,14:00,15,Complaint,owner not available
V03943,BDM011,Ilango M,OA0666,Anandha Gadgets,13/05/2026,01:43,10,followup,discussed scheme
V03944,BDM003,Vetri S,OA0635,Kumaran Gadgets,2026-06-25,13:46,25,followup,
V03945,BDM007,Mohan Raj,OA0526,Galaxy Cellpoint,23/05/2026,10:12,20,New onboarding,asked for better margin
V03946,BDM005,Dhanush P,OA0330,Chennai Silks Infotech,08/07/2026,11:15,12,routine,
V03947,BDM010,Praveen K,OA0179,Ram Agencies,16/07/2026,14:50,15,Complaint,
V03948,BDM001,Sundar R,OA0689,Ram Communications,2026-07-20,12:01,8,Complaint,will order next week
V03949,BDM012,Yuvaraj S,OA0576,Lakshmi Digital,13/06/2026,15:45,10,New onboarding,discussed scheme
V03950,BDM012,Yuvaraj S,OA0368,Anandha Telecom,2026-07-04,13:05,25,Complaint,collection pending
V03951,BDM010,Praveen K,OA0096,New Star Traders,29/05/2026,15:49,8,Follow up,will order next week
V03952,BDM008,Sathya N,OA0260,iStore Telecom,2026-05-09,15:04,15,Stock check,stock displayed
V03953,BDM007,Mohan Raj,OA0563,Anandha Traders,13/07/2026,10:12,5,Routine visit,display not as per norms
V03954,BDM003,Vetri S,OA0195,Prime Cellpoint,13/06/2026,11:03,5,Order,owner not available
V03955,BDM003,Vetri S,OA0142,Bharath Agencies,11/05/2026,12:23,20,Complaint,
V03956,BDM012,Yuvaraj S,OA0639,Mobile World Gadgets,29/06/2026,11:02,30,routine,
V03957,BDM006,Jegan R,OA0273,Royal Enterprises,09/07/2026,11:12,45,Complaint,will order next week
V03958,BDM001,Sundar R,OA0298,Sri Krishna Electronics,09/05/2026,13:04,,,display not as per norms
V03959,BDM010,Praveen K,OA0463,Royal Cellpoint,01/05/2026,13:21,5,followup,
V03960,BDM001,Sundar R,OA0224,Selvam Electronics,25/06/2026,10:28,,Follow up,will order next week
V03961,BDM009,Gowtham S,OA0699,Universal Communications,27/06/2026,17:54,15,,
V03962,BDM003,Vetri S,OA0334,Bharath Electronics,19/05/2026,10:06,,,shop closed
V03963,BDM010,Praveen K,OA0314,Muthu Enterprises,08/05/2026,15:14,30,Stock check,
V03964,BDM007,Mohan Raj,OA0069,Mobile World Infotech,06/05/2026,12:00,20,Routine visit,will order next week
V03965,BDM005,Dhanush P,OA0301,Amman Enterprises,2026-05-09,11:11,20,followup,owner not available
V03966,BDM001,Sundar R,OA0054,Lakshmi Gadgets,16/06/2026,13:26,20,routine,asked for better margin
V03967,BDM003,Vetri S,OA0578,Sri Krishna Cellpoint,2026-05-13,13:17,45,New onboarding,stock displayed
V03968,BDM004,Ashok Kumar,OA0681,Lakshmi Agencies,05/06/2026,11:16,5,Follow up,
V03969,BDM002,Prakash M,OA0035,Selvam Electronics,2026-05-13,13:17,15,Order,display not as per norms
V03970,BDM007,Mohan Raj,OA0451,Kumaran Mobiles,10/07/2026,11:02,8,Stock check,
V03971,BDM009,Gowtham S,OA0425,Ram Gadgets,21/07/2026,12:54,20,Follow up,will order next week
V03972,BDM009,Gowtham S,OA0331,Kumaran Electronics,02/07/2026,10:14,5,Follow up,will order next week
V03973,BDM009,Gowtham S,OA0627,Jeyam Digital,04/05/2026,12:55,,Routine visit,
V03974,BDM012,Yuvaraj S,OA0729,Amman Gadgets,01/05/2026,10:33,,New onboarding,
V03975,BDM009,Gowtham S,OA0223,Mobile World Traders,2026-06-17,13:16,20,New onboarding,
V03976,BDM004,Ashok Kumar,OA0269,Amman Cellpoint,15/07/2026,13:39,45,Follow up,
V03977,BDM003,Vetri S,OA0532,City Communications,08/07/2026,16:31,25,followup,discussed scheme
V03978,BDM002,Prakash M,OA0801,SANGEETHA DIGITAL,04/06/2026,14:53,,Complaint,
V03979,BDM006,Jegan R,OA0658,Thangam Traders,06/07/2026,12:05,20,followup,
V03980,BDM004,Ashok Kumar,OA0137,Vasanth Enterprises,29/07/2026,17:11,,New onboarding,
V03981,BDM009,Gowtham S,OA0549,Royal Gadgets,21/06/2026,15:00,30,Routine visit,
V03982,BDM009,Gowtham S,OA0148,Ganesh Communications,29/07/2026,12:19,,Collection,asked for better margin
V03983,BDM003,Vetri S,OA0779,Jeyam Agencies,2026-06-23,10:17,10,Order,display not as per norms
V03984,BDM001,Sundar R,OA0400,Sri Balaji Traders,19/05/2026,12:23,,Collection,display not as per norms
V03985,BDM001,Sundar R,OA0138,Prime Electronics,13/07/2026,12:20,15,,owner not available
V03986,BDM006,Jegan R,OA0089,iStore Enterprises,2026-07-07,14:34,20,New onboarding,
V03987,BDM010,Praveen K,OA0725,Lakshmi Communications,11/06/2026,10:32,,Stock check,
V03988,BDM004,Ashok Kumar,OA0264,Thangam Enterprises,16/06/2026,14:09,15,Stock check,discussed scheme
V03989,BDM008,Sathya N,OA0444,Meenakshi Mobile,16/05/2026,14:54,,followup,shop closed
V03990,BDM009,Gowtham S,OA0068,Saravana Mobile,2026-05-29,11:26,20,routine,display not as per norms
V03991,BDM006,Jegan R,OA0469,Sri Balaji Infotech,08/07/2026,10:31,10,Stock check,owner not available
V03992,BDM010,Praveen K,OA0410,Amman Telecom,21/05/2026,12:54,15,routine,
V03993,BDM001,Sundar R,OA0436,Vinayaga Agencies,25/05/2026,12:00,12,Stock check,display not as per norms
V03994,BDM008,Sathya N,OA0514,Jeyam Digital,23/05/2026,12:10,10,,display not as per norms
V03995,BDM012,Yuvaraj S,OA0508,Saravana Mobile,16/05/2026,15:00,25,Routine visit,asked for better margin
V03996,BDM012,Yuvaraj S,OA0589,Sakthi Electronics,2026-06-15,14:48,25,Routine visit,owner not available
V03997,BDM007,Mohan Raj,OA0512,Universal Mobiles,09/06/2026,11:27,15,routine,owner not available
V03998,BDM002,Prakash M,OA0707,iStore Enterprises,02/07/2026,10:58,,Order,collection pending
V03999,BDM012,Yuvaraj S,OA0319,Sri Krishna Mobile,25/05/2026,10:30,12,Follow up,
V04000,BDM001,Sundar R,OA0481,Muthu Traders,13/07/2026,10:40,15,Collection,display not as per norms
V04001,BDM003,Vetri S,OA0064,Sakthi Cellpoint,04/05/2026,11:40,5,New onboarding,stock displayed
V04002,BDM004,Ashok Kumar,OA0485,Ram Traders,27/07/2026,14:23,30,Stock check,collection pending
V04003,BDM004,Ashok Kumar,OA0511,Thangam Telecom,09/05/2026,15:36,15,routine,asked for better margin
V04004,BDM007,Mohan Raj,OA0106,Sri Krishna Mobile,2026-07-02,12:00,20,Complaint,
V04005,BDM005,Dhanush P,OA0258,Sangeetha Electronics,03/07/2026,10:19,30,Collection,
V04006,BDM005,Dhanush P,OA0805,Mobile World Infotech ,25/07/2026,12:23,12,Stock check,
V04007,BDM010,Praveen K,OA0007,Modern Communications,2026-07-30,10:34,15,Follow up,collection pending
V04008,BDM008,Sathya N,OA0131,Thangam Digital,23/06/2026,11:03,30,Stock check,discussed scheme
V04009,BDM010,Praveen K,OA0702,Sakthi Infotech,2026-07-18,14:22,20,Collection,collection pending
V04010,BDM012,Yuvaraj S,OA0442,Big C Telecom,14/07/2026,13:15,8,New onboarding,shop closed
V04011,BDM008,Sathya N,OA0802,Mobile World Mobiles,16/05/2026,10:32,5,Follow up,will order next week
V04012,BDM002,Prakash M,OA0660,Universal Mobile,25/05/2026,11:41,10,,display not as per norms
V04013,BDM002,Prakash M,OA0482,New Star Digital,02/07/2026,14:36,20,Follow up,display not as per norms
V04014,BDM002,Prakash M,OA0353,New Star Agencies,2026-05-21,17:13,20,Collection,display not as per norms
V04015,BDM003,Vetri S,OA0723,Lakshmi Communications,2026-06-23,12:59,,,will order next week
V04016,BDM008,Sathya N,OA0120,City Gadgets,04/05/2026,11:30,,Routine visit,stock displayed
V04017,BDM003,Vetri S,OA0107,Sri Krishna Traders,25/06/2026,13:00,30,Routine visit,
V04018,BDM002,Prakash M,OA0719,Sakthi Infotech,18/06/2026,12:16,20,Routine visit,
V04019,BDM006,Jegan R,OA0649,Prime Mobile,13/05/2026,11:14,10,Collection,
V04020,BDM009,Gowtham S,OA0063,Amman Mobile,18/05/2026,14:37,10,Stock check,
V04021,BDM012,Yuvaraj S,OA0252,Saravana Gadgets,31/05/2026,14:07,15,,asked for better margin
V04022,BDM004,Ashok Kumar,OA0202,Karpagam Communications,16/07/2026,12:53,30,Stock check,
V04023,BDM002,Prakash M,OA0569,Bharath Gadgets,05/05/2026,14:08,30,Follow up,stock displayed
V04024,BDM001,Sundar R,OA0455,,06/05/2026,12:14,30,,
V04025,BDM009,Gowtham S,OA0285,Sakthi Mobiles,09/06/2026,12:08,45,,owner not available
V04026,BDM006,Jegan R,OA0332,Sri Krishna Gadgets,15/07/2026,11:45,12,Follow up,shop closed
V04027,BDM001,Sundar R,OA0551,,25/07/2026,13:06,25,routine,
V04028,BDM002,Prakash M,OA0675,Jeyam Enterprises,2026-07-17,12:42,,followup,discussed scheme
V04029,BDM001,Sundar R,OA0784,,13/06/2026,14:13,20,Follow up,display not as per norms
V04030,BDM011,Ilango M,OA0309,Ganesh Cellpoint,11/05/2026,11:03,8,routine,collection pending
V04031,BDM011,Ilango M,OA0621,Mobile World Enterprises,26/05/2026,14:11,30,routine,
V04032,BDM009,Gowtham S,OA0609,Kumaran Infotech,2026-07-09,14:04,25,Follow up,asked for better margin
V04033,BDM010,Praveen K,OA0135,Selvam Mobiles,2026-05-15,13:57,10,Collection,will order next week
V04034,BDM008,Sathya N,OA0687,Bharath Communications,15/05/2026,10:52,30,routine,
V04035,BDM012,Yuvaraj S,OA0316,Saravana Cellpoint,28/05/2026,14:30,12,routine,
V04036,BDM002,Prakash M,OA0531,Prime Cellpoint,11/06/2026,10:20,25,,
V04037,BDM005,Dhanush P,OA0688,Sri Krishna Mobiles,2026-06-12,15:16,30,Routine visit,asked for better margin
V04038,BDM003,Vetri S,OA0053,,2026-06-10,11:52,45,Complaint,display not as per norms
V04039,BDM002,Prakash M,OA0667,Bharath Communications,12/05/2026,14:29,10,followup,will order next week
V04040,BDM005,Dhanush P,OA0069,Mobile World Infotech,09/05/2026,12:03,5,Order,collection pending
V04041,BDM005,Dhanush P,OA0259,Karpagam Mobiles,02/07/2026,10:07,,Collection,asked for better margin
V04042,BDM007,Mohan Raj,OA0512,Universal Mobiles,21/05/2026,10:23,20,Collection,
V04043,BDM001,Sundar R,OA0157,Vasanth Gadgets,2026-07-18,11:26,12,Collection,shop closed
V04044,BDM007,Mohan Raj,OA0790,Sangeetha Mobile,2026-06-27,13:44,,followup,display not as per norms
V04045,BDM011,Ilango M,OA0593,New Star Digital,2026-06-17,12:42,25,,collection pending
V04046,BDM001,Sundar R,OA0539,Ram Infotech,03/07/2026,10:58,30,Order,
V04047,BDM011,Ilango M,OA0322,Saravana Enterprises,20/05/2026,12:48,15,Follow up,will order next week
V04048,BDM008,Sathya N,OA0354,Universal Cellpoint,17/07/2026,10:03,15,Stock check,collection pending
V04049,BDM001,Sundar R,OA0796,Saravana Electronics,21/05/2026,12:27,20,Complaint,
V04050,BDM005,Dhanush P,OA0492,Muthu Agencies,06/06/2026,11:18,,followup,asked for better margin
V04051,BDM012,Yuvaraj S,OA0770,Sri Krishna Agencies,2026-06-06,11:44,45,followup,
V04052,BDM006,Jegan R,OA0648,Vinayaga Digital,2026-05-02,13:23,10,Follow up,
V04053,BDM004,Ashok Kumar,OA0521,Meenakshi Mobile,16/05/2026,12:07,5,,
V04054,BDM004,Ashok Kumar,OA0075,Ram Electronics,10/07/2026,13:08,5,Follow up,shop closed
V04055,BDM008,Sathya N,OA0584,iStore Electronics,07/05/2026,11:10,8,Order,collection pending
V04056,BDM001,Sundar R,OA0487,Sri Krishna Enterprises,13/05/2026,10:30,5,Stock check,shop closed
V04057,BDM004,Ashok Kumar,OA0168,Jeyam Traders,06/07/2026,12:34,15,Collection,will order next week
V04058,BDM010,Praveen K,OA0480,Mobile World Digital,13/07/2026,15:07,30,followup,
V04059,BDM011,Ilango M,OA0572,Galaxy Traders,04/07/2026,10:22,10,New onboarding,
V04060,BDM007,Mohan Raj,OA0775,Prime Digital,2026-07-15,11:57,12,Collection,shop closed
V04061,BDM005,Dhanush P,OA0248,Big C Telecom,13/05/2026,12:41,15,Collection,
V04062,BDM010,Praveen K,OA0697,Modern Cellpoint,12/06/2026,12:47,30,Order,owner not available
V04063,BDM003,Vetri S,OA0676,Prime Cellpoint,24/07/2026,12:27,,Follow up,will order next week
V04064,BDM008,Sathya N,OA0263,,25/06/2026,10:33,15,Stock check,
V04065,BDM001,Sundar R,OA0139,Galaxy Infotech,11/06/2026,16:06,,,
V04066,BDM010,Praveen K,OA0096,New Star Traders,22/06/2026,12:54,45,Follow up,will order next week
V04067,BDM003,Vetri S,OA0107,Sri Krishna Traders,07/05/2026,10:00,20,Routine visit,
V04068,BDM001,Sundar R,OA0617,Bharath Agencies,11/06/2026,13:30,20,Routine visit,owner not available
V04069,BDM004,Ashok Kumar,OA0019,Poorvika Gadgets,11/06/2026,18:24,30,New onboarding,
V04070,BDM012,Yuvaraj S,OA0295,Sakthi Communications,06/06/2026,10:39,15,Order,owner not available
V04071,BDM002,Prakash M,OA0585,Meenakshi Cellpoint,2026-07-10,16:00,,Routine visit,display not as per norms
V04072,BDM003,Vetri S,OA0813,Sakthi Electronics - Branch,03/07/2026,13:13,20,Stock check,discussed scheme
V04073,BDM003,Vetri S,OA0779,Jeyam Agencies,29/07/2026,11:45,10,,asked for better margin
V04074,BDM005,Dhanush P,OA0250,,25/06/2026,10:31,5,Order,
V04075,BDM001,Sundar R,OA0570,New Star Infotech,18/06/2026,13:36,15,Complaint,display not as per norms
V04076,BDM011,Ilango M,OA0040,Modern Mobile,22/07/2026,12:35,30,Order,owner not available
V04077,BDM009,Gowtham S,OA0285,Sakthi Mobiles,11/06/2026,10:35,25,Follow up,shop closed
V04078,BDM012,Yuvaraj S,OA0290,iStore Communications,18/07/2026,10:55,5,Collection,
V04079,BDM012,Yuvaraj S,OA0121,Devi Digital,2026-05-13,16:22,20,Order,
V04080,BDM009,Gowtham S,OA0690,Sangeetha Mobiles,2026-06-13,13:36,45,routine,
V04081,BDM005,Dhanush P,OA0753,Big C Traders,2026-07-27,13:02,10,Order,owner not available
V04082,BDM002,Prakash M,OA0695,Ram Cellpoint,12/05/2026,15:09,20,,
V04083,BDM008,Sathya N,OA0523,Mobile World Mobiles,09/06/2026,12:18,15,,collection pending
V04084,BDM002,Prakash M,OA0151,Chennai Silks Communications,26/05/2026,12:31,25,New onboarding,display not as per norms
V04085,BDM009,Gowtham S,OA0794,Muthu Mobiles,30/06/2026,11:54,5,Stock check,owner not available
V04086,BDM003,Vetri S,OA0635,Kumaran Gadgets,20/05/2026,14:25,20,Complaint,owner not available
V04087,BDM010,Praveen K,OA0375,,12/05/2026,11:44,20,Order,will order next week
V04088,BDM008,Sathya N,OA0306,City Telecom,20/07/2026,13:09,,,will order next week
V04089,BDM006,Jegan R,OA0384,Bharath Mobile,30/06/2026,13:06,12,Collection,asked for better margin
V04090,BDM010,Praveen K,OA0783,iStore Telecom,2026-07-08,10:15,,Complaint,display not as per norms
V04091,BDM001,Sundar R,OA0003,Anandha Enterprises,2026-07-01,13:47,30,followup,
V04092,BDM011,Ilango M,OA0109,Bharath Infotech,18/07/2026,13:07,10,New onboarding,
V04093,BDM006,Jegan R,OA0001,Bharath Traders,10/06/2026,10:13,25,Collection,
V04094,BDM006,Jegan R,OA0044,Muthu Mobiles,12/05/2026,12:05,45,Order,
V04095,BDM011,Ilango M,OA0577,Saravana Digital,15/07/2026,14:48,12,Complaint,collection pending
V04096,BDM010,Praveen K,OA0496,Saravana Communications,10/07/2026,11:34,5,Routine visit,shop closed
V04097,BDM006,Jegan R,OA0611,Royal Traders,2026-05-07,13:11,,Stock check,discussed scheme
V04098,BDM008,Sathya N,OA0629,Big C Traders,30/07/2026,11:10,12,followup,
V04099,BDM005,Dhanush P,OA0182,Devi Telecom,08/06/2026,10:52,12,Collection,collection pending
V04100,BDM012,Yuvaraj S,OA0733,New Star Mobile,07/05/2026,13:00,30,followup,display not as per norms
V04101,BDM006,Jegan R,OA0299,Vinayaga Gadgets,2026-05-09,12:17,25,routine,display not as per norms
V04102,BDM010,Praveen K,OA0217,Devi Electronics,2026-05-05,13:18,30,Order,will order next week
V04103,BDM009,Gowtham S,OA0013,Ganesh Digital,10/07/2026,16:03,30,Complaint,
V04104,BDM012,Yuvaraj S,OA0768,City Telecom,2026-05-05,11:00,10,routine,
V04105,BDM003,Vetri S,OA0631,,22/07/2026,11:08,45,Follow up,
V04106,BDM007,Mohan Raj,OA0010,City Infotech,27/06/2026,10:50,,New onboarding,
V04107,BDM006,Jegan R,OA0178,,06/05/2026,12:32,10,Collection,
V04108,BDM002,Prakash M,OA0167,Meenakshi Telecom,17/06/2026,14:32,20,New onboarding,
V04109,BDM002,Prakash M,OA0328,,2026-05-08,15:00,15,Order,
V04110,BDM009,Gowtham S,OA0232,Meenakshi Electronics,13/05/2026,10:34,30,New onboarding,owner not available
V04111,BDM005,Dhanush P,OA0248,Big C Telecom,29/07/2026,10:53,5,Collection,display not as per norms
V04112,BDM010,Praveen K,OA0524,Vasanth Electronics,31/07/2026,16:04,30,Collection,collection pending
V04113,BDM002,Prakash M,OA0772,Ganesh Cellpoint,17/07/2026,16:03,5,New onboarding,
V04114,BDM002,Prakash M,OA0500,Karpagam Infotech,2026-06-24,13:06,12,Collection,discussed scheme
V04115,BDM009,Gowtham S,OA0187,Sakthi Electronics,2026-05-22,12:56,20,Complaint,discussed scheme
V04116,BDM011,Ilango M,OA0577,Saravana Digital,08/05/2026,14:55,8,,collection pending
V04117,BDM001,Sundar R,OA0618,City Telecom,29/07/2026,14:00,25,Follow up,collection pending
V04118,BDM005,Dhanush P,OA0704,Royal Infotech,01/06/2026,10:28,8,Routine visit,
V04119,BDM005,Dhanush P,OA0330,Chennai Silks Infotech,12/06/2026,12:23,15,Stock check,
V04120,BDM006,Jegan R,OA0448,Devi Enterprises,2026-07-06,15:24,45,Stock check,discussed scheme
V04121,BDM012,Yuvaraj S,OA0792,Devi Mobile,2026-07-27,11:20,25,routine,stock displayed
V04122,BDM008,Sathya N,OA0629,Big C Traders,08/06/2026,13:15,25,,asked for better margin
V04123,BDM007,Mohan Raj,OA0069,Mobile World Infotech,24/06/2026,10:00,20,Routine visit,
V04124,BDM005,Dhanush P,OA0757,Universal Enterprises,07/07/2026,14:07,12,Follow up,
V04125,BDM007,Mohan Raj,OA0790,Sangeetha Mobile,23/07/2026,13:04,10,Follow up,
V04126,BDM008,Sathya N,OA0754,Thangam Enterprises,23/07/2026,13:37,5,routine,
V04127,BDM011,Ilango M,OA0369,Universal Mobiles,2026-06-06,10:34,,Routine visit,will order next week
V04128,BDM007,Mohan Raj,OA0419,New Star Telecom,2026-05-08,10:49,10,Follow up,shop closed
V04129,BDM008,Sathya N,OA0169,Meenakshi Traders,2026-05-31,15:00,25,Routine visit,
V04130,BDM004,Ashok Kumar,OA0716,,2026-05-16,11:20,5,followup,display not as per norms
V04131,BDM008,Sathya N,OA0312,Meenakshi Traders,08/05/2026,14:28,30,followup,
V04132,BDM002,Prakash M,OA0428,Ganesh Communications,07/05/2026,13:06,25,routine,
V04133,BDM005,Dhanush P,OA0318,Ram Gadgets,2026-06-01,15:05,45,Order,shop closed
V04134,BDM001,Sundar R,OA0297,New Star Mobiles,07/05/2026,10:55,30,routine,
V04135,BDM002,Prakash M,OA0592,iStore Electronics,2026-06-05,12:51,20,Order,stock displayed
V04136,BDM001,Sundar R,OA0154,Karpagam Enterprises,24/06/2026,15:14,8,Routine visit,
V04137,BDM002,Prakash M,OA0801,SANGEETHA DIGITAL,2026-07-18,11:10,12,Routine visit,
V04138,BDM002,Prakash M,OA0774,Meenakshi Agencies,2026-06-20,10:55,25,Collection,
V04139,BDM009,Gowtham S,OA0268,Devi Mobiles,07/07/2026,11:58,,,discussed scheme
V04140,BDM006,Jegan R,OA0273,Royal Enterprises,29/05/2026,16:50,45,Complaint,owner not available
V04141,BDM008,Sathya N,OA0107,Sri Krishna Traders,27/05/2026,15:08,25,Stock check,will order next week
V04142,BDM003,Vetri S,OA0315,Ganesh Enterprises,06/06/2026,10:07,,Routine visit,shop closed
V04143,BDM005,Dhanush P,OA0150,Universal Communications,2026-06-01,14:04,10,followup,owner not available
V04144,BDM003,Vetri S,OA0678,Kumaran Electronics,03/07/2026,11:48,45,New onboarding,will order next week
V04145,BDM001,Sundar R,OA0154,Karpagam Enterprises,12/06/2026,13:56,30,Order,owner not available
V04146,BDM012,Yuvaraj S,OA0313,Chennai Silks Digital,03/06/2026,16:20,10,Follow up,asked for better margin
V04147,BDM011,Ilango M,OA0755,Poorvika Traders,2026-05-28,11:24,12,Stock check,
V04148,BDM011,Ilango M,OA0577,Saravana Digital,2026-06-04,10:07,,Follow up,asked for better margin
V04149,BDM009,Gowtham S,OA0458,Saravana Agencies,2026-05-16,11:41,45,routine,will order next week
V04150,BDM011,Ilango M,OA0283,Modern Mobile,07/07/2026,14:01,30,Order,discussed scheme
V04151,BDM005,Dhanush P,OA0330,Chennai Silks Infotech,2026-07-30,13:15,8,Order,
V04152,BDM010,Praveen K,OA0806,Modern Communications ,09/07/2026,12:49,,routine,collection pending
V04153,BDM005,Dhanush P,OA0015,Saravana Gadgets,13/06/2026,12:13,45,Stock check,will order next week
V04154,BDM011,Ilango M,OA0381,Galaxy Mobile,05/06/2026,13:37,8,New onboarding,asked for better margin
V04155,BDM003,Vetri S,OA0731,Mobile World Gadgets,21/07/2026,13:30,45,Stock check,
V04156,BDM012,Yuvaraj S,OA0742,Lakshmi Enterprises,19/06/2026,13:18,8,Order,
V04157,BDM010,Praveen K,OA0375,,16/06/2026,16:51,,Stock check,
V04158,BDM002,Prakash M,OA0351,Devi Infotech,2026-06-02,10:26,12,New onboarding,
V04159,BDM011,Ilango M,OA0397,Vasanth Traders,15/05/2026,17:00,25,Routine visit,shop closed
V04160,BDM006,Jegan R,OA0047,Sakthi Infotech,03/05/2026,10:34,20,,
V04161,BDM006,Jegan R,OA0423,Bharath Electronics,26/05/2026,10:29,45,Complaint,discussed scheme
V04162,BDM007,Mohan Raj,OA0305,iStore Telecom,2026-07-10,13:54,12,followup,collection pending
V04163,BDM011,Ilango M,OA0040,Modern Mobile,2026-07-20,10:01,8,Stock check,
V04164,BDM010,Praveen K,OA0324,Sri Balaji Traders,2026-07-31,16:14,15,routine,owner not available
V04165,BDM008,Sathya N,OA0131,Thangam Digital,07/07/2026,17:11,25,New onboarding,asked for better margin
V04166,BDM003,Vetri S,OA0769,Sangeetha Telecom,14/07/2026,10:02,25,Complaint,will order next week
V04167,BDM006,Jegan R,OA0484,,12/05/2026,16:39,5,New onboarding,collection pending
V04168,BDM003,Vetri S,OA0289,Meenakshi Agencies,17/06/2026,12:02,25,Order,will order next week
V04169,BDM001,Sundar R,OA0214,Sri Krishna Telecom,18/05/2026,12:56,20,followup,
V04170,BDM004,Ashok Kumar,OA0486,Jeyam Infotech,21/07/2026,12:35,30,Complaint,display not as per norms
V04171,BDM012,Yuvaraj S,OA0114,Selvam Electronics,2026-07-08,12:37,10,,
V04172,BDM008,Sathya N,OA0169,Meenakshi Traders,19/07/2026,16:00,30,Routine visit,discussed scheme
V04173,BDM007,Mohan Raj,OA0048,Thangam Communications,2026-05-19,11:13,45,Stock check,
V04174,BDM003,Vetri S,OA0087,Galaxy Mobile,26/06/2026,11:40,,followup,discussed scheme
V04175,BDM007,Mohan Raj,OA0117,Anandha Enterprises,2026-06-25,13:10,15,Complaint,display not as per norms
V04176,BDM003,Vetri S,OA0289,Meenakshi Agencies,16/07/2026,13:25,45,Collection,will order next week
V04177,BDM002,Prakash M,OA0585,Meenakshi Cellpoint,03/07/2026,13:00,30,Routine visit,asked for better margin
V04178,BDM008,Sathya N,OA0045,Amman Agencies,30/06/2026,12:33,15,Collection,
V04179,BDM007,Mohan Raj,OA0506,Galaxy Cellpoint,25/05/2026,12:36,,routine,collection pending
V04180,BDM010,Praveen K,OA0383,Bharath Mobile,05/06/2026,12:29,8,Stock check,
V04181,BDM005,Dhanush P,OA0672,Saravana Cellpoint,16/05/2026,10:42,45,Stock check,
V04182,BDM005,Dhanush P,OA0069,Mobile World Infotech,25/07/2026,13:24,25,,
V04183,BDM011,Ilango M,OA0730,Saravana Communications,12/05/2026,12:00,25,Routine visit,shop closed
V04184,BDM009,Gowtham S,OA0479,Vasanth Cellpoint,03/07/2026,11:33,5,Order,
V04185,BDM002,Prakash M,OA0758,Prime Mobile,04/06/2026,11:05,30,Order,
V04186,BDM001,Sundar R,OA0436,Vinayaga Agencies,18/06/2026,12:42,20,Collection,owner not available
V04187,BDM012,Yuvaraj S,OA0417,Muthu Enterprises,20/07/2026,11:05,30,,shop closed
V04188,BDM004,Ashok Kumar,OA0716,Anandha Communications,29/07/2026,14:28,20,Complaint,
V04189,BDM008,Sathya N,OA0227,Devi Cellpoint,2026-07-07,14:55,8,Order,will order next week
V04190,BDM007,Mohan Raj,OA0451,Kumaran Mobiles,2026-05-02,12:23,45,Complaint,stock displayed
V04191,BDM011,Ilango M,OA0280,Poorvika Cellpoint,30/07/2026,13:11,45,Collection,owner not available
V04192,BDM007,Mohan Raj,OA0238,Vinayaga Electronics,21/07/2026,10:18,30,routine,discussed scheme
V04193,BDM011,Ilango M,OA0369,Universal Mobiles,28/06/2026,12:49,25,Complaint,owner not available
V04194,BDM011,Ilango M,OA0495,iStore Gadgets,01/07/2026,13:16,5,Follow up,asked for better margin
V04195,BDM004,Ashok Kumar,OA0186,Ram Communications,12/05/2026,16:09,,Collection,shop closed
V04196,BDM006,Jegan R,OA0130,iStore Electronics,19/07/2026,14:18,20,followup,
V04197,BDM010,Praveen K,OA0518,Thangam Mobile,2026-06-18,12:00,25,Routine visit,collection pending
V04198,BDM004,Ashok Kumar,OA0025,Sangeetha Agencies,2026-07-05,13:34,5,Routine visit,
V04199,BDM009,Gowtham S,OA0308,Prime Cellpoint,2026-07-30,13:04,30,New onboarding,asked for better margin
V04200,BDM002,Prakash M,OA0657,City Cellpoint,11/07/2026,14:09,5,Follow up,collection pending
V04201,BDM010,Praveen K,OA0447,Devi Enterprises,2026-07-16,12:01,8,followup,
V04202,BDM003,Vetri S,OA0125,Devi Communications,17/07/2026,12:37,20,routine,stock displayed
V04203,BDM002,Prakash M,OA0204,Sangeetha Mobiles,20/05/2026,15:23,15,Complaint,discussed scheme
V04204,BDM005,Dhanush P,OA0599,Saravana Cellpoint,2026-05-20,12:50,25,Collection,will order next week
V04205,BDM011,Ilango M,OA0598,Devi Gadgets,2026-06-02,11:30,25,Stock check,display not as per norms
V04206,BDM012,Yuvaraj S,OA0387,Ganesh Electronics,25/05/2026,13:46,5,Routine visit,owner not available
V04207,BDM012,Yuvaraj S,OA0442,Big C Telecom,2026-05-29,12:59,10,routine,
V04208,BDM003,Vetri S,OA0430,Amman Digital,11/07/2026,10:36,5,New onboarding,
V04209,BDM002,Prakash M,OA0660,Universal Mobile,29/05/2026,13:58,,Complaint,
V04210,BDM003,Vetri S,OA0612,Sri Balaji Infotech,13/07/2026,17:10,30,Order,
V04211,BDM011,Ilango M,OA0605,,21/07/2026,15:04,5,Order,asked for better margin
V04212,BDM010,Praveen K,OA0518,Thangam Mobile,2026-07-02,17:00,20,Routine visit,
V04213,BDM011,Ilango M,OA0759,Ram Infotech,09/06/2026,12:54,5,,asked for better margin
V04214,BDM001,Sundar R,OA0707,iStore Enterprises,15/06/2026,11:00,20,Routine visit,will order next week
V04215,BDM009,Gowtham S,OA0005,Meenakshi Agencies,18/05/2026,13:15,12,,
V04216,BDM012,Yuvaraj S,OA0293,Mobile World Gadgets,2026-06-08,15:56,25,Order,
V04217,BDM012,Yuvaraj S,OA0799,Thangam Cellpoint,27/05/2026,12:08,8,routine,discussed scheme
V04218,BDM007,Mohan Raj,OA0775,Prime Digital,06/05/2026,12:48,20,Routine visit,display not as per norms
V04219,BDM003,Vetri S,OA0002,Sakthi Telecom,2026-05-29,11:11,,,stock displayed
V04220,BDM011,Ilango M,OA0078,,18/06/2026,15:52,20,Routine visit,
V04221,BDM003,Vetri S,OA0074,Poorvika Cellpoint,2026-06-09,12:08,8,Complaint,
V04222,BDM001,Sundar R,OA0139,Galaxy Infotech,15/06/2026,14:56,12,Follow up,
V04223,BDM005,Dhanush P,OA0626,Galaxy Cellpoint,04/06/2026,14:00,45,followup,discussed scheme
V04224,BDM006,Jegan R,OA0542,Kumaran Traders,14/07/2026,11:03,12,New onboarding,owner not available
V04225,BDM012,Yuvaraj S,OA0527,Devi Mobile,16/06/2026,13:00,25,Routine visit,
V04226,BDM012,Yuvaraj S,OA0639,Mobile World Gadgets,2026-06-24,17:14,12,Follow up,will order next week
V04227,BDM011,Ilango M,OA0504,Karpagam Traders,13/07/2026,14:26,30,routine,asked for better margin
V04228,BDM001,Sundar R,OA0796,Saravana Electronics,2026-06-16,12:52,10,New onboarding,
V04229,BDM009,Gowtham S,OA0459,Amman Mobiles,2026-07-18,13:01,10,New onboarding,display not as per norms
V04230,BDM008,Sathya N,OA0164,Ganesh Electronics,30/07/2026,11:48,30,Routine visit,asked for better margin
V04231,BDM012,Yuvaraj S,OA0616,,13/05/2026,14:10,25,routine,will order next week
V04232,BDM001,Sundar R,OA0165,Chennai Silks Cellpoint,14/07/2026,12:09,,Routine visit,owner not available
V04233,BDM012,Yuvaraj S,OA0034,Poorvika Digital,29/07/2026,10:42,12,Collection,
V04234,BDM005,Dhanush P,OA0647,Devi Infotech,2026-06-22,13:55,12,Complaint,will order next week
V04235,BDM003,Vetri S,OA0430,Amman Digital,03/07/2026,13:00,30,Routine visit,collection pending
V04236,BDM005,Dhanush P,OA0547,Vinayaga Gadgets,15/06/2026,10:54,12,Complaint,collection pending
V04237,BDM006,Jegan R,OA0423,,09/06/2026,12:08,10,Routine visit,will order next week
V04238,BDM011,Ilango M,OA0572,Galaxy Traders,2026-05-08,11:58,45,Follow up,
V04239,BDM002,Prakash M,OA0147,Jeyam Enterprises,17/06/2026,13:26,15,Collection,
V04240,BDM008,Sathya N,OA0030,Big C Mobile,01/07/2026,11:40,10,Stock check,asked for better margin
V04241,BDM011,Ilango M,OA0070,Big C Digital,2026-07-06,16:09,,Order,shop closed
V04242,BDM001,Sundar R,OA0640,Chennai Silks Agencies,2026-06-05,17:00,,followup,collection pending
V04243,BDM011,Ilango M,OA0109,Bharath Infotech,07/07/2026,14:33,8,routine,owner not available
V04244,BDM006,Jegan R,OA0649,Prime Mobile,24/06/2026,14:59,8,Follow up,
V04245,BDM005,Dhanush P,OA0259,Karpagam Mobiles,21/05/2026,11:30,12,,
V04246,BDM001,Sundar R,OA0003,Anandha Enterprises,2026-07-02,10:46,45,Follow up,collection pending
V04247,BDM007,Mohan Raj,OA0580,iStore Mobiles,21/07/2026,10:53,,Follow up,discussed scheme
V04248,BDM002,Prakash M,OA0482,New Star Digital,21/05/2026,17:11,20,routine,shop closed
V04249,BDM007,Mohan Raj,OA0775,Prime Digital,10/07/2026,12:05,12,Complaint,owner not available
V04250,BDM010,Praveen K,OA0324,Sri Balaji Traders,2026-06-06,10:00,25,New onboarding,display not as per norms
V04251,BDM004,Ashok Kumar,OA0748,Ganesh Electronics,28/07/2026,12:02,,New onboarding,asked for better margin
V04252,BDM006,Jegan R,OA0332,Sri Krishna Gadgets,2026-07-29,14:58,30,Collection,
V04253,BDM011,Ilango M,OA0322,Saravana Enterprises,02/05/2026,14:59,20,Stock check,
V04254,BDM005,Dhanush P,OA0494,New Star Telecom,2026-06-11,10:53,5,Collection,stock displayed
V04255,BDM006,Jegan R,OA0299,Vinayaga Gadgets,2026-07-24,13:44,8,routine,
V04256,BDM010,Praveen K,OA0669,Bharath Enterprises,19/05/2026,13:31,15,Stock check,asked for better margin
V04257,BDM005,Dhanush P,OA0084,Galaxy Mobile,29/06/2026,10:27,45,Stock check,asked for better margin
V04258,BDM008,Sathya N,OA0389,Lakshmi Enterprises,03/07/2026,10:13,,followup,discussed scheme
V04259,BDM011,Ilango M,OA0759,Ram Infotech,23/07/2026,15:25,30,Complaint,collection pending
V04260,BDM002,Prakash M,OA0422,Anandha Agencies,07/07/2026,12:08,,Follow up,owner not available
V04261,BDM007,Mohan Raj,OA0516,Meenakshi Agencies,2026-07-23,10:55,30,,
V04262,BDM012,Yuvaraj S,OA0358,Royal Enterprises,2026-06-24,12:04,20,followup,shop closed
V04263,BDM004,Ashok Kumar,OA0681,Lakshmi Agencies,2026-07-04,10:14,25,Complaint,
V04264,BDM005,Dhanush P,OA0672,Saravana Cellpoint,02/06/2026,12:45,25,,
V04265,BDM007,Mohan Raj,OA0790,Sangeetha Mobile,2026-05-23,13:31,15,Follow up,will order next week
V04266,BDM004,Ashok Kumar,OA0019,Poorvika Gadgets,03/07/2026,13:57,30,Routine visit,
V04267,BDM012,Yuvaraj S,OA0316,Saravana Cellpoint,22/06/2026,14:56,15,Routine visit,
V04268,BDM009,Gowtham S,OA0418,Prime Digital,2026-05-26,11:26,15,Stock check,asked for better margin
V04269,BDM002,Prakash M,OA0474,Mobile World Electronics,12/07/2026,13:38,25,routine,discussed scheme
V04270,BDM007,Mohan Raj,OA0037,,27/06/2026,11:54,,Order,stock displayed
V04271,BDM001,Sundar R,OA0154,Karpagam Enterprises,28/05/2026,10:36,20,followup,will order next week
V04272,BDM002,Prakash M,OA0351,Devi Infotech,09/06/2026,13:22,30,New onboarding,
V04273,BDM011,Ilango M,OA0191,Devi Mobile,27/07/2026,12:49,30,Routine visit,will order next week
V04274,BDM007,Mohan Raj,OA0395,Thangam Infotech,30/07/2026,13:49,8,New onboarding,
V04275,BDM008,Sathya N,OA0749,,2026-06-03,10:38,30,Collection,
V04276,BDM012,Yuvaraj S,OA0799,Thangam Cellpoint,23/07/2026,11:18,25,Complaint,stock displayed
V04277,BDM007,Mohan Raj,OA0535,Ram Traders,12/05/2026,16:09,,Complaint,will order next week
V04278,BDM001,Sundar R,OA0712,Devi Gadgets,2026-05-26,10:21,5,Follow up,
V04279,BDM009,Gowtham S,OA0291,Big C Mobiles,08/06/2026,10:18,10,Routine visit,
V04280,BDM010,Praveen K,OA0767,Royal Communications,2026-07-24,16:05,8,Complaint,collection pending
V04281,BDM009,Gowtham S,OA0397,Vasanth Traders,2026-07-27,10:47,45,Routine visit,
V04282,BDM009,Gowtham S,OA0690,Sangeetha Mobiles,2026-07-30,14:54,12,Order,
V04283,BDM002,Prakash M,OA0160,Jeyam Electronics,25/07/2026,15:35,,routine,owner not available
V04284,BDM006,Jegan R,OA0166,Big C Infotech,06/07/2026,11:09,8,Order,stock displayed
V04285,BDM001,Sundar R,OA0003,Anandha Enterprises,30/05/2026,12:12,20,Complaint,owner not available
V04286,BDM010,Praveen K,OA0697,Modern Cellpoint,15/07/2026,11:01,12,Order,
V04287,BDM007,Mohan Raj,OA0419,,2026-06-26,10:41,10,Complaint,
V04288,BDM005,Dhanush P,OA0189,,18/06/2026,12:29,,routine,
V04289,BDM010,Praveen K,OA0520,Sangeetha Agencies,11/05/2026,12:58,20,New onboarding,asked for better margin
V04290,BDM007,Mohan Raj,OA0630,Anandha Telecom,2026-05-26,15:00,20,Routine visit,
V04291,BDM008,Sathya N,OA0566,Ganesh Gadgets,29/05/2026,12:55,15,followup,
V04292,BDM011,Ilango M,OA0544,Sri Balaji Telecom,15/06/2026,10:15,20,Stock check,will order next week
V04293,BDM002,Prakash M,OA0684,City Digital,17/07/2026,16:45,25,Order,display not as per norms
V04294,BDM004,Ashok Kumar,OA0149,New Star Telecom,27/06/2026,12:18,45,Follow up,
V04295,BDM011,Ilango M,OA0381,,2026-05-11,11:33,20,Follow up,
V04296,BDM010,Praveen K,OA0383,Bharath Mobile,22/06/2026,13:52,12,Stock check,
V04297,BDM006,Jegan R,OA0058,New Star Telecom,2026-05-15,12:46,8,Routine visit,
V04298,BDM010,Praveen K,OA0703,Thangam Telecom,08/05/2026,14:44,,Routine visit,shop closed
V04299,BDM009,Gowtham S,OA0291,Big C Mobiles,2026-07-30,10:19,25,Follow up,
V04300,BDM001,Sundar R,OA0784,,11/05/2026,15:19,,routine,
V04301,BDM005,Dhanush P,OA0084,Galaxy Mobile,25/07/2026,11:12,25,Routine visit,collection pending
V04302,BDM006,Jegan R,OA0662,Vinayaga Mobile,03/07/2026,10:56,5,Complaint,stock displayed
V04303,BDM006,Jegan R,OA0080,Chennai Silks Enterprises,2026-05-15,13:45,25,Complaint,stock displayed
V04304,BDM002,Prakash M,OA0664,New Star Traders,2026-06-09,11:43,20,followup,discussed scheme
V04305,BDM010,Praveen K,OA0783,iStore Telecom,23/06/2026,14:59,20,Complaint,will order next week
V04306,BDM009,Gowtham S,OA0386,Prime Mobiles,23/07/2026,10:02,25,Follow up,will order next week
V04307,BDM010,Praveen K,OA0383,Bharath Mobile,12/06/2026,10:29,,routine,asked for better margin
V04308,BDM007,Mohan Raj,OA0312,Meenakshi Traders,2026-06-22,15:00,30,Routine visit,owner not available
V04309,BDM011,Ilango M,OA0495,iStore Gadgets,2026-06-15,13:19,15,Complaint,shop closed
V04310,BDM002,Prakash M,OA0482,,06/05/2026,11:05,8,Routine visit,shop closed
V04311,BDM002,Prakash M,OA0663,New Star Agencies,23/07/2026,15:18,12,Routine visit,
V04312,BDM004,Ashok Kumar,OA0668,Bharath Mobiles,05/05/2026,11:30,25,Routine visit,
V04313,BDM011,Ilango M,OA0346,Amman Communications,2026-05-07,12:00,20,Routine visit,owner not available
V04314,BDM005,Dhanush P,OA0626,Galaxy Cellpoint,14/07/2026,13:58,,Stock check,asked for better margin
V04315,BDM002,Prakash M,OA0267,Vasanth Communications,12/06/2026,10:52,25,Routine visit,
V04316,BDM002,Prakash M,OA0431,Amman Communications,05/06/2026,15:00,20,Routine visit,shop closed
V04317,BDM010,Praveen K,OA0321,Vasanth Enterprises,27/07/2026,10:31,,New onboarding,will order next week
V04318,BDM007,Mohan Raj,OA0048,Thangam Communications,25/05/2026,13:04,,Routine visit,stock displayed
V04319,BDM010,Praveen K,OA0256,Muthu Gadgets,2026-07-15,13:58,30,followup,discussed scheme
V04320,BDM003,Vetri S,OA0074,Poorvika Cellpoint,18/05/2026,10:37,8,Follow up,collection pending
V04321,BDM005,Dhanush P,OA0394,Prime Mobile,16/05/2026,15:56,30,followup,
V04322,BDM002,Prakash M,OA0675,Jeyam Enterprises,12/06/2026,13:38,45,Complaint,will order next week
V04323,BDM004,Ashok Kumar,OA0777,City Communications,2026-05-19,10:08,20,,
V04324,BDM007,Mohan Raj,OA0350,Big C Communications,20/06/2026,13:05,5,Collection,asked for better margin
V04325,BDM012,Yuvaraj S,OA0550,Galaxy Mobile,17/06/2026,12:26,15,New onboarding,stock displayed
V04326,BDM005,Dhanush P,OA0626,Galaxy Cellpoint,2026-07-06,11:02,25,Complaint,
V04327,BDM008,Sathya N,OA0023,Thangam Traders,11/07/2026,11:05,12,Collection,shop closed
V04328,BDM004,Ashok Kumar,OA0674,Thangam Enterprises,2026-05-17,11:12,30,Collection,
V04329,BDM006,Jegan R,OA0247,iStore Infotech,12/05/2026,14:02,15,New onboarding,
V04330,BDM009,Gowtham S,OA0291,Big C Mobiles,2026-05-05,12:18,15,Follow up,owner not available
V04331,BDM004,Ashok Kumar,OA0038,Royal Communications,2026-07-28,14:31,25,,shop closed
V04332,BDM011,Ilango M,OA0412,Big C Enterprises,07/06/2026,13:28,5,New onboarding,
V04333,BDM001,Sundar R,OA0570,New Star Infotech,27/05/2026,11:30,,,owner not available
V04334,BDM011,Ilango M,OA0071,Lakshmi Mobile,21/05/2026,15:38,15,followup,stock displayed
V04335,BDM010,Praveen K,OA0213,Prime Electronics,2026-05-25,12:19,20,,display not as per norms
V04336,BDM012,Yuvaraj S,OA0576,Lakshmi Digital,26/06/2026,12:10,15,Routine visit,
V04337,BDM011,Ilango M,OA0661,Devi Cellpoint,2026-07-25,15:15,,Follow up,stock displayed
V04338,BDM012,Yuvaraj S,OA0290,iStore Communications,2026-05-18,12:48,30,Complaint,collection pending
V04339,BDM012,Yuvaraj S,OA0460,Big C Electronics,28/05/2026,14:08,20,New onboarding,
V04340,BDM001,Sundar R,OA0689,Ram Communications,2026-05-04,13:24,30,Order,
V04341,BDM001,Sundar R,OA0003,Anandha Enterprises,10/06/2026,10:28,,,
V04342,BDM006,Jegan R,OA0715,Kumaran Electronics,2026-07-22,11:04,8,Order,asked for better margin
V04343,BDM004,Ashok Kumar,OA0486,Jeyam Infotech,21/05/2026,11:25,8,Collection,owner not available
V04344,BDM002,Prakash M,OA0022,Chennai Silks Mobiles,2026-06-05,14:01,20,New onboarding,owner not available
V04345,BDM007,Mohan Raj,OA0535,Ram Traders,29/06/2026,11:23,5,followup,collection pending
V04346,BDM010,Praveen K,OA0717,Poorvika Traders,2026-05-28,16:00,20,Routine visit,
V04347,BDM009,Gowtham S,OA0607,Jeyam Digital,21/05/2026,10:46,10,routine,collection pending
V04348,BDM002,Prakash M,OA0657,City Cellpoint,15/07/2026,12:37,30,New onboarding,asked for better margin
V04349,BDM009,Gowtham S,OA0404,Saravana Gadgets,27/05/2026,17:00,25,Routine visit,discussed scheme
V04350,BDM001,Sundar R,OA0815,BIG C INFOTECH,05/05/2026,10:39,15,Routine visit,collection pending
V04351,BDM007,Mohan Raj,OA0817,ISTORE TELECOM,29/05/2026,13:24,8,Follow up,
V04352,BDM011,Ilango M,OA0280,Poorvika Cellpoint,26/06/2026,11:56,12,routine,stock displayed
V04353,BDM001,Sundar R,OA0481,Muthu Traders,28/05/2026,13:47,15,Collection,collection pending
V04354,BDM010,Praveen K,OA0380,Modern Traders,07/05/2026,10:54,45,New onboarding,owner not available
V04355,BDM002,Prakash M,OA0752,Thangam Electronics,25/07/2026,12:08,10,Routine visit,
V04356,BDM012,Yuvaraj S,OA0082,Royal Electronics,21/05/2026,11:43,10,Stock check,collection pending
V04357,BDM008,Sathya N,OA0311,Mobile World Traders,2026-06-09,11:32,30,routine,shop closed
V04358,BDM005,Dhanush P,OA0031,City Mobile,25/06/2026,14:32,5,New onboarding,collection pending
V04359,BDM002,Prakash M,OA0728,Thangam Telecom,20/07/2026,12:22,8,Collection,
V04360,BDM011,Ilango M,OA0352,Chennai Silks Mobiles,24/07/2026,13:07,12,routine,asked for better margin
V04361,BDM009,Gowtham S,OA0594,Sangeetha Cellpoint,13/06/2026,10:04,8,routine,discussed scheme
V04362,BDM011,Ilango M,OA0412,Big C Enterprises,15/05/2026,11:34,8,Follow up,discussed scheme
V04363,BDM008,Sathya N,OA0272,Amman Telecom,01/05/2026,13:55,45,Routine visit,
V04364,BDM009,Gowtham S,OA0650,Vinayaga Electronics,15/07/2026,10:24,12,Stock check,
V04365,BDM007,Mohan Raj,OA0563,Anandha Traders,2026-07-14,15:07,,Order,display not as per norms
V04366,BDM003,Vetri S,OA0804,Devi Communications ,02/07/2026,11:34,30,followup,asked for better margin
V04367,BDM002,Prakash M,OA0420,Saravana Mobile,2026-06-21,11:16,25,,
V04368,BDM010,Praveen K,OA0518,Thangam Mobile,2026-05-28,10:00,25,Routine visit,
V04369,BDM001,Sundar R,OA0551,Meenakshi Enterprises,08/06/2026,13:36,25,,collection pending
V04370,BDM008,Sathya N,OA0169,Meenakshi Traders,24/05/2026,12:00,30,Routine visit,will order next week
V04371,BDM006,Jegan R,OA0237,Jeyam Traders,01/05/2026,13:55,12,routine,display not as per norms
V04372,BDM011,Ilango M,OA0200,Devi Gadgets,17/06/2026,11:12,30,Complaint,
V04373,BDM011,Ilango M,OA0060,,23/05/2026,14:46,15,followup,
V04374,BDM001,Sundar R,OA0009,Jeyam Enterprises,25/06/2026,14:13,10,routine,
V04375,BDM002,Prakash M,OA0411,Lakshmi Digital,23/05/2026,13:32,30,Complaint,
V04376,BDM009,Gowtham S,OA0268,Devi Mobiles,2026-05-19,14:57,15,followup,
V04377,BDM011,Ilango M,OA0467,Devi Enterprises,02/05/2026,12:00,10,Routine visit,
V04378,BDM010,Praveen K,OA0480,Mobile World Digital,09/06/2026,10:17,15,Complaint,stock displayed
V04379,BDM007,Mohan Raj,OA0549,Royal Gadgets,02/05/2026,14:40,25,,
V04380,BDM009,Gowtham S,OA0446,Galaxy Telecom,01/07/2026,15:19,10,Order,display not as per norms
V04381,BDM011,Ilango M,OA0700,Lakshmi Electronics,2026-07-29,11:05,20,Order,collection pending
V04382,BDM007,Mohan Raj,OA0127,Sangeetha Agencies,08/05/2026,10:19,20,routine,
V04383,BDM002,Prakash M,OA0160,Jeyam Electronics,2026-05-21,12:22,20,New onboarding,asked for better margin
V04384,BDM010,Praveen K,OA0720,,15/07/2026,13:07,15,,shop closed
V04385,BDM012,Yuvaraj S,OA0461,Chennai Silks Traders,29/06/2026,13:22,8,routine,owner not available
V04386,BDM004,Ashok Kumar,OA0615,Selvam Electronics,15/07/2026,12:41,10,routine,
V04387,BDM010,Praveen K,OA0324,Sri Balaji Traders,2026-05-08,10:00,,Collection,
V04388,BDM005,Dhanush P,OA0744,Jeyam Communications,2026-06-12,11:55,30,Complaint,will order next week
V04389,BDM011,Ilango M,OA0565,Ram Traders,2026-05-26,10:17,8,New onboarding,owner not available
V04390,BDM010,Praveen K,OA0717,,04/07/2026,12:35,12,Routine visit,will order next week
V04391,BDM004,Ashok Kumar,OA0363,Saravana Mobiles,2026-05-11,14:22,10,,
V04392,BDM011,Ilango M,OA0671,Vasanth Traders,2026-07-27,14:35,5,Follow up,display not as per norms
V04393,BDM004,Ashok Kumar,OA0679,Vasanth Gadgets,2026-06-21,15:31,10,Routine visit,
V04394,BDM008,Sathya N,OA0017,Mobile World Infotech,2026-07-03,13:06,30,,
V04395,BDM008,Sathya N,OA0131,Thangam Digital,2026-05-23,14:08,,Complaint,asked for better margin
V04396,BDM010,Praveen K,OA0414,iStore Agencies,11/07/2026,13:45,30,,discussed scheme
V04397,BDM005,Dhanush P,OA0259,Karpagam Mobiles,27/05/2026,16:58,25,followup,
V04398,BDM003,Vetri S,OA0820,Amman Agencies ,2026-07-06,15:07,10,,
V04399,BDM002,Prakash M,OA0558,Mobile World Agencies,05/06/2026,14:06,15,Complaint,owner not available
V04400,BDM010,Praveen K,OA0717,Poorvika Traders,2026-07-09,16:00,30,Routine visit,owner not available
V04401,BDM003,Vetri S,OA0107,Sri Krishna Traders,2026-05-28,14:00,20,Routine visit,
V04402,BDM005,Dhanush P,OA0626,Galaxy Cellpoint,09/06/2026,11:29,8,Complaint,collection pending
V04403,BDM003,Vetri S,OA0161,New Star Infotech,30/05/2026,13:36,,,
V04404,BDM002,Prakash M,OA0801,SANGEETHA DIGITAL,12/05/2026,15:01,,New onboarding,
V04405,BDM005,Dhanush P,OA0203,Karpagam Traders,30/05/2026,10:57,30,Collection,
V04406,BDM008,Sathya N,OA0682,Thangam Cellpoint,2026-07-13,10:39,30,Stock check,
V04407,BDM005,Dhanush P,OA0318,Ram Gadgets,05/06/2026,12:30,12,Stock check,discussed scheme
V04408,BDM003,Vetri S,OA0345,,11/05/2026,10:13,12,routine,
V04409,BDM003,Vetri S,OA0195,Prime Cellpoint,05/06/2026,10:58,5,Complaint,will order next week
V04410,BDM002,Prakash M,OA0684,City Digital,2026-06-29,10:48,30,Stock check,asked for better margin
V04411,BDM008,Sathya N,OA0682,Thangam Cellpoint,2026-05-04,15:03,20,Collection,discussed scheme
V04412,BDM008,Sathya N,OA0540,Karpagam Mobile,18/06/2026,14:35,30,Complaint,
V04413,BDM010,Praveen K,OA0324,Sri Balaji Traders,09/06/2026,11:37,45,New onboarding,
V04414,BDM001,Sundar R,OA0159,Meenakshi Mobiles,16/07/2026,15:33,30,Follow up,
V04415,BDM003,Vetri S,OA0334,Bharath Electronics,2026-06-05,12:40,15,Stock check,asked for better margin
V04416,BDM010,Praveen K,OA0284,Anandha Digital,30/06/2026,16:33,8,followup,
V04417,BDM010,Praveen K,OA0720,Sangeetha Traders,11/07/2026,10:00,15,Order,discussed scheme
V04418,BDM001,Sundar R,OA0815,BIG C INFOTECH,2026-07-29,12:37,10,Order,discussed scheme
V04419,BDM006,Jegan R,OA0646,Vinayaga Cellpoint,01/06/2026,14:44,45,Collection,
V04420,BDM012,Yuvaraj S,OA0522,Galaxy Telecom,2026-07-04,14:21,,routine,will order next week
V04421,BDM011,Ilango M,OA0283,Modern Mobile,2026-06-29,13:39,10,followup,display not as per norms
V04422,BDM005,Dhanush P,OA0450,Sangeetha Enterprises,04/06/2026,10:28,45,Collection,discussed scheme
V04423,BDM007,Mohan Raj,OA0305,iStore Telecom,01/06/2026,11:20,10,Order,collection pending
V04424,BDM005,Dhanush P,OA0379,iStore Communications,06/06/2026,10:15,25,Order,owner not available
V04425,BDM002,Prakash M,OA0428,Ganesh Communications,25/07/2026,10:15,20,routine,collection pending
V04426,BDM012,Yuvaraj S,OA0589,,25/05/2026,17:04,30,New onboarding,display not as per norms
V04427,BDM004,Ashok Kumar,OA0668,Bharath Mobiles,2026-05-11,13:15,,Stock check,owner not available
V04428,BDM006,Jegan R,OA0484,Sangeetha Gadgets,27/05/2026,12:37,15,New onboarding,shop closed
V04429,BDM010,Praveen K,OA0571,Amman Telecom,2026-05-20,10:22,12,,
V04430,BDM006,Jegan R,OA0628,Selvam Infotech,2026-07-01,12:00,20,Complaint,display not as per norms
V04431,BDM003,Vetri S,OA0766,Vasanth Enterprises,20/07/2026,12:14,8,routine,
V04432,BDM006,Jegan R,OA0469,Sri Balaji Infotech,2026-06-03,11:57,5,Follow up,
V04433,BDM007,Mohan Raj,OA0103,New Star Enterprises,19/05/2026,14:30,,Collection,
V04434,BDM003,Vetri S,OA0002,Sakthi Telecom,11/06/2026,13:06,5,followup,discussed scheme
V04435,BDM011,Ilango M,OA0587,Big C Communications,15/05/2026,12:17,,,
V04436,BDM005,Dhanush P,OA0182,Devi Telecom,21/05/2026,12:25,,Complaint,display not as per norms
V04437,BDM006,Jegan R,OA0384,Bharath Mobile,08/06/2026,11:53,,followup,asked for better margin
V04438,BDM008,Sathya N,OA0802,Mobile World Mobiles,01/05/2026,11:55,30,New onboarding,
V04439,BDM011,Ilango M,OA0598,Devi Gadgets,12/06/2026,14:00,,New onboarding,shop closed
V04440,BDM001,Sundar R,OA0122,Big C Digital,2026-07-01,11:02,12,Order,
V04441,BDM001,Sundar R,OA0138,Prime Electronics,2026-05-23,12:03,,New onboarding,display not as per norms
V04442,BDM012,Yuvaraj S,OA0550,Galaxy Mobile,28/07/2026,10:42,45,Collection,stock displayed
V04443,BDM006,Jegan R,OA0247,iStore Infotech,18/05/2026,11:22,10,New onboarding,asked for better margin
V04444,BDM012,Yuvaraj S,OA0368,Anandha Telecom,30/05/2026,12:44,15,New onboarding,
V04445,BDM002,Prakash M,OA0351,Devi Infotech,17/06/2026,12:59,12,Routine visit,collection pending
V04446,BDM005,Dhanush P,OA0158,Ganesh Electronics,05/06/2026,13:03,25,Follow up,
V04447,BDM006,Jegan R,OA0517,Sri Balaji Gadgets,12/06/2026,18:11,8,New onboarding,
V04448,BDM002,Prakash M,OA0728,Thangam Telecom,30/05/2026,01:50,,Order,will order next week
V04449,BDM012,Yuvaraj S,OA0434,Galaxy Agencies,25/05/2026,11:21,15,Complaint,
V04450,BDM012,Yuvaraj S,OA0387,Ganesh Electronics,2026-07-29,10:06,20,routine,
V04451,BDM012,Yuvaraj S,OA0604,Meenakshi Enterprises,27/06/2026,11:55,20,,stock displayed
V04452,BDM010,Praveen K,OA0717,Poorvika Traders,2026-07-27,10:02,20,Stock check,will order next week
V04453,BDM004,Ashok Kumar,OA0307,Ram Infotech,06/07/2026,10:22,,Collection,
V04454,BDM006,Jegan R,OA0089,iStore Enterprises,15/06/2026,10:50,12,routine,
V04455,BDM005,Dhanush P,OA0492,Muthu Agencies,14/05/2026,12:22,45,Order,
V04456,BDM004,Ashok Kumar,OA0780,Devi Infotech,2026-05-13,13:09,20,Follow up,owner not available
V04457,BDM012,Yuvaraj S,OA0197,Prime Digital,05/06/2026,12:51,15,Collection,
V04458,BDM007,Mohan Raj,OA0630,Anandha Telecom,23/06/2026,10:00,25,Routine visit,display not as per norms
V04459,BDM008,Sathya N,OA0771,Big C Communications,18/07/2026,11:24,15,Complaint,owner not available
V04460,BDM005,Dhanush P,OA0533,Universal Mobile,2026-07-17,13:00,20,followup,display not as per norms
V04461,BDM011,Ilango M,OA0322,,02/06/2026,13:34,30,Order,discussed scheme
V04462,BDM002,Prakash M,OA0585,Meenakshi Cellpoint,2026-06-05,16:00,30,Routine visit,
V04463,BDM007,Mohan Raj,OA0739,Sangeetha Communications,2026-05-15,13:08,,,owner not available
V04464,BDM003,Vetri S,OA0601,Prime Agencies,05/05/2026,12:59,45,Stock check,will order next week
V04465,BDM011,Ilango M,OA0620,Ganesh Infotech,23/05/2026,13:54,30,Complaint,stock displayed
V04466,BDM008,Sathya N,OA0432,Ram Electronics,30/06/2026,11:25,12,Collection,owner not available
V04467,BDM004,Ashok Kumar,OA0679,Vasanth Gadgets,17/07/2026,10:47,25,Routine visit,shop closed
V04468,BDM007,Mohan Raj,OA0549,Royal Gadgets,2026-07-15,10:24,,followup,
V04469,BDM003,Vetri S,OA0541,Chennai Silks Mobiles,2026-06-17,13:26,45,Routine visit,
V04470,BDM010,Praveen K,OA0703,Thangam Telecom,2026-07-20,10:16,30,Routine visit,
V04471,BDM009,Gowtham S,OA0097,Saravana Traders,2026-07-21,10:46,12,followup,will order next week
V04472,BDM004,Ashok Kumar,OA0032,Modern Cellpoint,29/07/2026,12:39,8,Follow up,
V04473,BDM003,Vetri S,OA0809,Mobile World Cellpoint,01/07/2026,15:57,,Routine visit,
V04474,BDM005,Dhanush P,OA0744,Jeyam Communications,04/06/2026,16:50,25,Routine visit,shop closed
V04475,BDM002,Prakash M,OA0353,New Star Agencies,2026-05-16,10:05,45,Order,collection pending
V04476,BDM006,Jegan R,OA0089,iStore Enterprises,13/07/2026,13:24,,Stock check,
V04477,BDM009,Gowtham S,OA0287,,2026-07-23,13:33,10,New onboarding,
V04478,BDM006,Jegan R,OA0448,Devi Enterprises,2026-07-18,12:19,12,routine,
V04479,BDM004,Ashok Kumar,OA0473,Ganesh Cellpoint,2026-05-09,13:31,25,Collection,
V04480,BDM001,Sundar R,OA0760,Sakthi Infotech,2026-07-03,15:27,8,New onboarding,
V04481,BDM011,Ilango M,OA0412,Big C Enterprises,23/07/2026,10:28,10,Follow up,asked for better margin
V04482,BDM011,Ilango M,OA0040,Modern Mobile,25/06/2026,14:41,8,Stock check,shop closed
V04483,BDM008,Sathya N,OA0323,Vinayaga Traders,2026-07-18,16:12,15,Stock check,owner not available
V04484,BDM001,Sundar R,OA0214,Sri Krishna Telecom,20/07/2026,12:32,10,,collection pending
V04485,BDM012,Yuvaraj S,OA0764,Anandha Infotech,09/07/2026,13:03,25,Complaint,
V04486,BDM012,Yuvaraj S,OA0576,Lakshmi Digital,30/06/2026,11:58,30,,
V04487,BDM008,Sathya N,OA0747,Jeyam Communications,08/06/2026,14:47,20,followup,
V04488,BDM007,Mohan Raj,OA0776,Sri Krishna Cellpoint,29/07/2026,12:42,30,Follow up,asked for better margin
V04489,BDM003,Vetri S,OA0809,Mobile World Cellpoint,11/06/2026,14:36,20,Order,
V04490,BDM012,Yuvaraj S,OA0181,Mobile World Telecom,2026-07-02,15:49,45,routine,collection pending
V04491,BDM007,Mohan Raj,OA0170,Saravana Enterprises,08/07/2026,10:15,,Routine visit,
V04492,BDM002,Prakash M,OA0215,Sri Krishna Electronics,2026-05-07,11:05,10,,
V04493,BDM006,Jegan R,OA0304,Chennai Silks Enterprises,2026-06-23,13:54,45,routine,collection pending
V04494,BDM001,Sundar R,OA0529,iStore Enterprises,05/06/2026,17:04,30,Routine visit,will order next week
V04495,BDM011,Ilango M,OA0300,Sri Krishna Gadgets,24/07/2026,10:05,20,,will order next week
V04496,BDM002,Prakash M,OA0151,Chennai Silks Communications,2026-05-04,11:20,45,Complaint,
V04497,BDM012,Yuvaraj S,OA0207,Muthu Telecom,22/06/2026,12:02,12,Stock check,shop closed
V04498,BDM010,Praveen K,OA0818,Selvam Agencies ,27/05/2026,17:00,25,Routine visit,will order next week
V04499,BDM005,Dhanush P,OA0757,Universal Enterprises,27/07/2026,13:50,15,Routine visit,display not as per norms
V04500,BDM004,Ashok Kumar,OA0490,Amman Mobiles,28/07/2026,15:00,30,,will order next week
V04501,BDM002,Prakash M,OA0215,Sri Krishna Electronics,21/06/2026,10:20,20,followup,
V04502,BDM012,Yuvaraj S,OA0181,Mobile World Telecom,19/06/2026,14:57,20,followup,
V04503,BDM012,Yuvaraj S,OA0792,Devi Mobile,2026-05-16,11:32,,New onboarding,asked for better margin
V04504,BDM009,Gowtham S,OA0063,Amman Mobile,24/06/2026,10:57,20,,collection pending
V04505,BDM008,Sathya N,OA0749,Thangam Digital,06/06/2026,13:06,25,Collection,asked for better margin
V04506,BDM002,Prakash M,OA0684,City Digital,2026-07-27,16:19,10,,stock displayed
V04507,BDM005,Dhanush P,OA0049,,18/05/2026,11:20,45,New onboarding,collection pending
V04508,BDM001,Sundar R,OA0224,Selvam Electronics,16/07/2026,11:06,,Follow up,shop closed
V04509,BDM007,Mohan Raj,OA0778,Vasanth Infotech,27/06/2026,15:00,30,Routine visit,
V04510,BDM004,Ashok Kumar,OA0264,Thangam Enterprises,28/07/2026,15:09,30,Stock check,stock displayed
V04511,BDM008,Sathya N,OA0624,,08/07/2026,17:29,45,Stock check,
V04512,BDM002,Prakash M,OA0035,Selvam Electronics,24/05/2026,13:01,8,routine,shop closed
V04513,BDM006,Jegan R,OA0166,Big C Infotech,27/05/2026,15:08,30,Follow up,
V04514,BDM012,Yuvaraj S,OA0226,Poorvika Gadgets,21/07/2026,10:29,30,routine,owner not available
V04515,BDM004,Ashok Kumar,OA0202,Karpagam Communications,13/06/2026,11:55,8,Follow up,
V04516,BDM002,Prakash M,OA0677,Chennai Silks Electronics,03/06/2026,12:23,45,Collection,
V04517,BDM004,Ashok Kumar,OA0279,,2026-05-24,11:27,10,,will order next week
V04518,BDM009,Gowtham S,OA0459,Amman Mobiles,18/06/2026,11:07,10,Collection,
V04519,BDM005,Dhanush P,OA0737,Vasanth Agencies,24/06/2026,15:14,30,Routine visit,owner not available
V04520,BDM008,Sathya N,OA0687,Bharath Communications,15/06/2026,11:48,20,Routine visit,
V04521,BDM008,Sathya N,OA0205,Royal Mobiles,03/06/2026,17:40,25,routine,stock displayed
V04522,BDM008,Sathya N,OA0113,Sakthi Infotech,2026-07-30,10:37,10,followup,stock displayed
V04523,BDM011,Ilango M,OA0565,Ram Traders,16/05/2026,15:05,30,Complaint,owner not available
V04524,BDM004,Ashok Kumar,OA0036,Jeyam Digital,08/06/2026,11:49,20,Order,will order next week
V04525,BDM006,Jegan R,OA0299,Vinayaga Gadgets,2026-07-21,13:42,,Follow up,
V04526,BDM007,Mohan Raj,OA0739,Sangeetha Communications,04/05/2026,12:13,45,,will order next week
V04527,BDM008,Sathya N,OA0220,Chennai Silks Enterprises,2026-06-27,12:15,25,Routine visit,
V04528,BDM007,Mohan Raj,OA0111,City Infotech,2026-06-20,12:40,30,Collection,asked for better margin
V04529,BDM002,Prakash M,OA0818,Selvam Agencies ,12/07/2026,11:10,12,New onboarding,
V04530,BDM012,Yuvaraj S,OA0213,Prime Electronics,2026-07-20,10:14,20,Complaint,stock displayed
V04531,BDM008,Sathya N,OA0017,Mobile World Infotech,09/05/2026,10:13,8,Order,
V04532,BDM002,Prakash M,OA0035,Selvam Electronics,24/05/2026,16:58,25,Order,shop closed
V04533,BDM002,Prakash M,OA0482,New Star Digital,29/07/2026,11:53,25,followup,discussed scheme
V04534,BDM009,Gowtham S,OA0699,Universal Communications,30/07/2026,10:57,12,routine,
V04535,BDM007,Mohan Raj,OA0580,iStore Mobiles,2026-07-10,11:34,15,,owner not available
V04536,BDM002,Prakash M,OA0675,Jeyam Enterprises,2026-05-23,15:39,45,Stock check,display not as per norms
V04537,BDM010,Praveen K,OA0265,Chennai Silks Cellpoint,22/06/2026,12:03,,,will order next week
V04538,BDM012,Yuvaraj S,OA0799,Thangam Cellpoint,30/05/2026,11:02,,Stock check,collection pending
V04539,BDM001,Sundar R,OA0483,Ram Gadgets,2026-06-22,12:27,10,,
V04540,BDM006,Jegan R,OA0047,Sakthi Infotech,2026-05-11,02:25,30,Collection,
V04541,BDM001,Sundar R,OA0163,Sri Krishna Communications,04/05/2026,10:00,25,followup,
V04542,BDM012,Yuvaraj S,OA0800,MEENAKSHI ENTERPRISES,05/06/2026,12:22,20,,display not as per norms
V04543,BDM004,Ashok Kumar,OA0119,City Communications,16/07/2026,11:45,12,Stock check,collection pending
V04544,BDM011,Ilango M,OA0246,,16/05/2026,15:12,30,followup,stock displayed
V04545,BDM005,Dhanush P,OA0753,Big C Traders,01/06/2026,12:10,12,Order,
V04546,BDM008,Sathya N,OA0354,Universal Cellpoint,11/05/2026,14:32,10,Stock check,owner not available
V04547,BDM008,Sathya N,OA0263,Meenakshi Cellpoint,2026-07-01,12:50,45,,shop closed
V04548,BDM001,Sundar R,OA0570,New Star Infotech,2026-06-19,10:01,45,Follow up,
V04549,BDM001,Sundar R,OA0234,Big C Infotech,2026-07-20,14:21,45,Follow up,
V04550,BDM003,Vetri S,OA0804,Devi Communications ,2026-05-18,13:15,20,followup,discussed scheme
V04551,BDM008,Sathya N,OA0241,Muthu Digital,18/07/2026,11:51,30,Follow up,collection pending
V04552,BDM010,Praveen K,OA0391,Vasanth Communications,2026-05-23,13:43,15,Complaint,asked for better margin
V04553,BDM012,Yuvaraj S,OA0604,Meenakshi Enterprises,02/05/2026,13:31,12,,owner not available
V04554,BDM010,Praveen K,OA0128,Prime Infotech,01/05/2026,12:55,5,Order,owner not available
V04555,BDM007,Mohan Raj,OA0535,Ram Traders,2026-05-06,12:22,5,Complaint,owner not available
V04556,BDM012,Yuvaraj S,OA0367,Devi Gadgets,2026-07-25,11:08,45,followup,
V04557,BDM009,Gowtham S,OA0388,Galaxy Telecom,08/06/2026,12:10,45,Stock check,
V04558,BDM006,Jegan R,OA0058,New Star Telecom,14/07/2026,13:56,12,Collection,display not as per norms
V04559,BDM004,Ashok Kumar,OA0575,Ganesh Gadgets,25/06/2026,12:00,20,Stock check,
V04560,BDM006,Jegan R,OA0440,Vasanth Telecom,2026-05-09,11:17,15,routine,
V04561,BDM006,Jegan R,OA0499,Selvam Digital,07/05/2026,14:53,25,followup,
V04562,BDM002,Prakash M,OA0099,Selvam Agencies,2026-06-06,10:26,8,routine,collection pending
V04563,BDM003,Vetri S,OA0430,Amman Digital,2026-05-29,14:33,10,routine,
V04564,BDM007,Mohan Raj,OA0337,Ram Gadgets,24/06/2026,11:00,20,,stock displayed
V04565,BDM012,Yuvaraj S,OA0405,Galaxy Digital,29/05/2026,13:55,25,,
V04566,BDM008,Sathya N,OA0514,Jeyam Digital,27/05/2026,12:51,10,New onboarding,shop closed
V04567,BDM001,Sundar R,OA0421,Meenakshi Enterprises,2026-06-10,12:36,,,display not as per norms
V04568,BDM010,Praveen K,OA0245,Karpagam Infotech,18/05/2026,12:04,8,Collection,
V04569,BDM009,Gowtham S,OA0366,Jeyam Agencies,08/05/2026,11:24,12,Complaint,
V04570,BDM009,Gowtham S,OA0268,Devi Mobiles,05/06/2026,14:21,10,New onboarding,asked for better margin
V04571,BDM001,Sundar R,OA0483,Ram Gadgets,2026-07-04,11:03,15,Follow up,
V04572,BDM008,Sathya N,OA0489,Anandha Telecom,2026-07-09,17:01,15,followup,discussed scheme
V04573,BDM007,Mohan Raj,OA0238,Vinayaga Electronics,07/05/2026,12:35,12,Order,
V04574,BDM007,Mohan Raj,OA0312,Meenakshi Traders,27/07/2026,15:00,30,Routine visit,shop closed
V04575,BDM012,Yuvaraj S,OA0636,Poorvika Electronics,14/05/2026,12:35,20,,
V04576,BDM007,Mohan Raj,OA0778,Vasanth Infotech,23/05/2026,13:00,30,Routine visit,asked for better margin
V04577,BDM010,Praveen K,OA0404,Saravana Gadgets,28/05/2026,13:04,15,Routine visit,owner not available
V04578,BDM009,Gowtham S,OA0397,Vasanth Traders,15/07/2026,,45,,asked for better margin
V04579,BDM004,Ashok Kumar,OA0264,Thangam Enterprises,05/06/2026,12:45,,Order,
V04580,BDM002,Prakash M,OA0482,New Star Digital,23/06/2026,11:16,10,Stock check,
V04581,BDM009,Gowtham S,OA0366,Jeyam Agencies,11/06/2026,13:18,30,,
V04582,BDM009,Gowtham S,OA0609,,2026-06-17,12:27,25,New onboarding,shop closed
V04583,BDM002,Prakash M,OA0099,Selvam Agencies,08/05/2026,14:15,,routine,display not as per norms
V04584,BDM012,Yuvaraj S,OA0808,Sakthi Communications - Branch,2026-06-27,10:39,45,Stock check,
V04585,BDM001,Sundar R,OA0326,,18/07/2026,10:05,25,Collection,display not as per norms
V04586,BDM009,Gowtham S,OA0782,City Mobiles,20/05/2026,12:17,10,Routine visit,shop closed
V04587,BDM004,Ashok Kumar,OA0116,Chennai Silks Communications,11/07/2026,10:13,8,Follow up,asked for better margin
V04588,BDM010,Praveen K,OA0090,Devi Traders,11/05/2026,13:53,45,Order,
V04589,BDM008,Sathya N,OA0169,Meenakshi Traders,2026-05-10,12:00,30,Routine visit,collection pending
V04590,BDM009,Gowtham S,OA0209,Anandha Traders,18/05/2026,12:00,20,Routine visit,asked for better margin
V04591,BDM007,Mohan Raj,OA0238,Vinayaga Electronics,28/05/2026,10:23,25,Collection,stock displayed
V04592,BDM002,Prakash M,OA0194,Karpagam Traders,13/07/2026,10:28,25,followup,
V04593,BDM012,Yuvaraj S,OA0104,Galaxy Telecom,02/05/2026,10:07,25,New onboarding,
V04594,BDM005,Dhanush P,OA0547,Vinayaga Gadgets,04/06/2026,17:26,,followup,
V04595,BDM004,Ashok Kumar,OA0225,,25/07/2026,12:55,,,shop closed
V04596,BDM012,Yuvaraj S,OA0367,Devi Gadgets,13/06/2026,10:37,5,followup,
V04597,BDM006,Jegan R,OA0641,Bharath Enterprises,24/06/2026,15:33,20,followup,
V04598,BDM009,Gowtham S,OA0175,Lakshmi Communications,30/05/2026,10:26,20,routine,
V04599,BDM006,Jegan R,OA0089,iStore Enterprises,16/07/2026,10:40,12,Routine visit,asked for better margin
V04600,BDM009,Gowtham S,OA0603,Amman Enterprises,2026-06-10,11:10,,Order,shop closed
V04601,BDM004,Ashok Kumar,OA0066,Universal Traders,2026-06-01,13:26,25,followup,shop closed
V04602,BDM007,Mohan Raj,OA0305,iStore Telecom,21/07/2026,15:12,,followup,
V04603,BDM005,Dhanush P,OA0349,iStore Enterprises,13/07/2026,11:41,25,Follow up,
V04604,BDM012,Yuvaraj S,OA0367,Devi Gadgets,10/06/2026,12:16,45,routine,
V04605,BDM002,Prakash M,OA0433,Vinayaga Cellpoint,2026-06-18,11:14,,,discussed scheme
V04606,BDM003,Vetri S,OA0723,Lakshmi Communications,2026-06-18,13:08,45,Follow up,
V04607,BDM005,Dhanush P,OA0585,Meenakshi Cellpoint,03/07/2026,12:59,5,routine,asked for better margin
V04608,BDM011,Ilango M,OA0094,Vinayaga Mobiles,02/06/2026,15:59,10,followup,collection pending
V04609,BDM008,Sathya N,OA0270,Lakshmi Cellpoint,01/05/2026,12:40,25,,owner not available
V04610,BDM004,Ashok Kumar,OA0174,Universal Enterprises,2026-05-16,14:49,30,New onboarding,display not as per norms
V04611,BDM005,Dhanush P,OA0301,Amman Enterprises,05/05/2026,15:03,30,New onboarding,will order next week
V04612,BDM006,Jegan R,OA0273,Royal Enterprises,29/05/2026,13:24,,followup,
V04613,BDM011,Ilango M,OA0040,Modern Mobile,08/07/2026,10:31,45,Routine visit,asked for better margin
V04614,BDM001,Sundar R,OA0487,,07/05/2026,12:36,12,Routine visit,owner not available
V04615,BDM004,Ashok Kumar,OA0748,Ganesh Electronics,16/06/2026,12:41,45,followup,asked for better margin
V04616,BDM004,Ashok Kumar,OA0490,Amman Mobiles,12/06/2026,16:04,30,routine,display not as per norms
V04617,BDM006,Jegan R,OA0440,Vasanth Telecom,2026-05-20,14:35,15,Complaint,shop closed
V04618,BDM009,Gowtham S,OA0388,Galaxy Telecom,23/06/2026,17:01,15,New onboarding,will order next week
V04619,BDM009,Gowtham S,OA0714,Karpagam Digital,2026-07-21,12:15,,Routine visit,
V04620,BDM008,Sathya N,OA0355,Muthu Digital,21/05/2026,15:41,20,Order,stock displayed
V04621,BDM006,Jegan R,OA0299,Vinayaga Gadgets,2026-07-11,12:29,8,Follow up,collection pending
V04622,BDM003,Vetri S,OA0333,City Communications,20/07/2026,10:03,20,Collection,
V04623,BDM012,Yuvaraj S,OA0589,Sakthi Electronics,25/06/2026,11:57,,Complaint,collection pending
V04624,BDM005,Dhanush P,OA0738,Selvam Mobiles,2026-05-04,10:53,8,,will order next week
V04625,BDM003,Vetri S,OA0288,Modern Telecom,29/06/2026,15:21,12,Follow up,
V04626,BDM012,Yuvaraj S,OA0062,Jeyam Telecom,05/05/2026,13:20,12,New onboarding,
V04627,BDM003,Vetri S,OA0340,Devi Agencies,02/05/2026,12:02,20,Order,
V04628,BDM001,Sundar R,OA0553,Anandha Agencies,02/06/2026,10:29,5,New onboarding,
V04629,BDM003,Vetri S,OA0144,Modern Telecom,06/07/2026,16:37,45,Follow up,shop closed
V04630,BDM012,Yuvaraj S,OA0709,New Star Mobile,04/06/2026,12:52,5,Routine visit,shop closed
V04631,BDM003,Vetri S,OA0266,Anandha Cellpoint,03/06/2026,12:01,45,Order,
V04632,BDM010,Praveen K,OA0348,Poorvika Mobile,26/05/2026,16:41,25,routine,will order next week
V04633,BDM006,Jegan R,OA0662,Vinayaga Mobile,10/07/2026,15:28,,Routine visit,asked for better margin
V04634,BDM007,Mohan Raj,OA0146,Kumaran Telecom,25/07/2026,12:30,,routine,stock displayed
V04635,BDM011,Ilango M,OA0572,Galaxy Traders,14/07/2026,10:26,15,routine,
V04636,BDM007,Mohan Raj,OA0180,Vinayaga Telecom,15/05/2026,11:47,30,Stock check,collection pending
V04637,BDM004,Ashok Kumar,OA0545,Vasanth Agencies,01/07/2026,11:16,30,Follow up,display not as per norms
V04638,BDM007,Mohan Raj,OA0253,Amman Gadgets,2026-07-30,14:40,45,Routine visit,
V04639,BDM012,Yuvaraj S,OA0589,Sakthi Electronics,17/06/2026,17:24,45,New onboarding,
V04640,BDM009,Gowtham S,OA0320,Modern Gadgets,07/05/2026,17:10,20,New onboarding,
V04641,BDM008,Sathya N,OA0540,Karpagam Mobile,09/07/2026,13:40,15,Follow up,collection pending
V04642,BDM002,Prakash M,OA0147,,16/05/2026,11:56,5,routine,
V04643,BDM003,Vetri S,OA0515,New Star Infotech,2026-07-16,15:43,45,New onboarding,shop closed
V04644,BDM010,Praveen K,OA0284,Anandha Digital,15/06/2026,10:49,30,Order,
V04645,BDM011,Ilango M,OA0077,City Enterprises,2026-06-29,14:28,,Routine visit,
V04646,BDM011,Ilango M,OA0077,City Enterprises,07/07/2026,16:08,,Follow up,owner not available
V04647,BDM010,Praveen K,OA0325,Meenakshi Telecom,2026-06-10,13:25,,Order,
V04648,BDM012,Yuvaraj S,OA0768,City Telecom,03/07/2026,10:08,30,Order,
V04649,BDM006,Jegan R,OA0662,Vinayaga Mobile,12/05/2026,13:27,12,Stock check,asked for better margin
V04650,BDM005,Dhanush P,OA0757,Universal Enterprises,2026-05-18,11:45,8,New onboarding,
V04651,BDM011,Ilango M,OA0303,Sangeetha Enterprises,17/06/2026,14:56,15,,will order next week
V04652,BDM011,Ilango M,OA0078,,22/05/2026,10:52,30,Collection,owner not available
V04653,BDM008,Sathya N,OA0472,Big C Gadgets,22/05/2026,10:06,15,Complaint,shop closed
V04654,BDM008,Sathya N,OA0120,City Gadgets,11/06/2026,11:10,8,routine,collection pending
V04655,BDM012,Yuvaraj S,OA0319,Sri Krishna Mobile,08/05/2026,13:43,10,Order,shop closed
V04656,BDM011,Ilango M,OA0218,Meenakshi Communications,28/06/2026,11:32,10,Routine visit,will order next week
V04657,BDM011,Ilango M,OA0721,Devi Agencies,2026-07-06,10:38,20,,owner not available
V04658,BDM009,Gowtham S,OA0187,Sakthi Electronics,23/06/2026,17:15,15,routine,
V04659,BDM012,Yuvaraj S,OA0034,Poorvika Digital,17/06/2026,15:36,30,routine,shop closed
V04660,BDM009,Gowtham S,OA0714,Karpagam Digital,30/06/2026,12:58,8,Order,
V04661,BDM003,Vetri S,OA0430,Amman Digital,07/05/2026,14:28,15,Order,
V04662,BDM010,Praveen K,OA0076,Royal Agencies,13/07/2026,14:16,45,,
V04663,BDM003,Vetri S,OA0766,Vasanth Enterprises,11/05/2026,11:45,10,New onboarding,will order next week
V04664,BDM008,Sathya N,OA0424,Sri Krishna Cellpoint,15/05/2026,13:06,15,Collection,
V04665,BDM007,Mohan Raj,OA0103,,06/05/2026,13:28,45,Routine visit,
V04666,BDM003,Vetri S,OA0579,Saravana Telecom,18/05/2026,14:25,20,followup,stock displayed
V04667,BDM007,Mohan Raj,OA0451,Kumaran Mobiles,23/07/2026,16:12,10,New onboarding,display not as per norms
V04668,BDM002,Prakash M,OA0667,Bharath Communications,24/05/2026,15:20,25,routine,
V04669,BDM008,Sathya N,OA0014,Ganesh Cellpoint,04/05/2026,10:59,20,Collection,owner not available
V04670,BDM010,Praveen K,OA0096,New Star Traders,10/06/2026,11:10,,Stock check,
V04671,BDM002,Prakash M,OA0503,Sri Balaji Infotech,15/06/2026,11:29,10,Collection,display not as per norms
V04672,BDM012,Yuvaraj S,OA0449,Muthu Mobile,15/07/2026,10:23,,,display not as per norms
V04673,BDM011,Ilango M,OA0454,Muthu Electronics,2026-07-21,11:00,10,Stock check,display not as per norms
V04674,BDM007,Mohan Raj,OA0261,City Mobile,2026-07-11,11:12,25,,
V04675,BDM011,Ilango M,OA0409,Amman Mobile,11/05/2026,12:03,10,Order,
V04676,BDM003,Vetri S,OA0334,Bharath Electronics,08/05/2026,10:31,15,Routine visit,will order next week
V04677,BDM001,Sundar R,OA0029,Lakshmi Traders,08/05/2026,10:58,,routine,display not as per norms
V04678,BDM002,Prakash M,OA0752,Thangam Electronics,2026-06-11,14:52,,Stock check,
V04679,BDM002,Prakash M,OA0460,Big C Electronics,18/07/2026,10:11,8,New onboarding,
V04680,BDM003,Vetri S,OA0334,Bharath Electronics,2026-07-24,11:18,15,Order,discussed scheme
V04681,BDM005,Dhanush P,OA0626,Galaxy Cellpoint,07/05/2026,10:35,8,New onboarding,display not as per norms
V04682,BDM001,Sundar R,OA0707,iStore Enterprises,08/06/2026,13:00,30,Routine visit,owner not available
V04683,BDM003,Vetri S,OA0769,Sangeetha Telecom,2026-06-08,12:08,,New onboarding,
V04684,BDM011,Ilango M,OA0587,Big C Communications,23/05/2026,12:35,10,routine,discussed scheme
V04685,BDM006,Jegan R,OA0439,Sakthi Enterprises,25/06/2026,11:51,,Order,display not as per norms
V04686,BDM003,Vetri S,OA0315,Ganesh Enterprises,2026-05-30,12:50,10,Collection,
V04687,BDM002,Prakash M,OA0329,Sangeetha Digital,2026-05-13,10:32,30,Order,shop closed
V04688,BDM008,Sathya N,OA0260,iStore Telecom,2026-06-05,10:25,,Routine visit,collection pending
V04689,BDM010,Praveen K,OA0717,Poorvika Traders,14/05/2026,12:00,,Routine visit,discussed scheme
V04690,BDM012,Yuvaraj S,OA0152,Meenakshi Gadgets,16/07/2026,13:27,10,followup,owner not available
V04691,BDM004,Ashok Kumar,OA0307,Ram Infotech,2026-06-18,12:26,15,Stock check,
V04692,BDM001,Sundar R,OA0712,Devi Gadgets,25/05/2026,15:02,20,Follow up,
V04693,BDM004,Ashok Kumar,OA0732,Selvam Agencies,27/06/2026,11:33,30,Stock check,
V04694,BDM004,Ashok Kumar,OA0116,Chennai Silks Communications,2026-06-02,10:23,,Routine visit,
V04695,BDM011,Ilango M,OA0534,Royal Traders,2026-06-16,15:36,30,New onboarding,shop closed
V04696,BDM012,Yuvaraj S,OA0367,Devi Gadgets,2026-05-29,15:07,30,Stock check,collection pending
V04697,BDM004,Ashok Kumar,OA0186,Ram Communications,08/06/2026,10:09,10,Stock check,discussed scheme
V04698,BDM001,Sundar R,OA0689,Ram Communications,05/06/2026,17:11,30,Collection,shop closed
V04699,BDM009,Gowtham S,OA0296,Galaxy Gadgets,29/06/2026,13:21,15,Complaint,
V04700,BDM009,Gowtham S,OA0063,Amman Mobile,24/05/2026,17:08,20,Collection,will order next week
V04701,BDM011,Ilango M,OA0024,Amman Electronics,2026-05-16,15:03,30,routine,collection pending
V04702,BDM004,Ashok Kumar,OA0211,Poorvika Gadgets,24/07/2026,10:09,5,Stock check,collection pending
V04703,BDM012,Yuvaraj S,OA0637,Vinayaga Enterprises,15/06/2026,12:21,15,New onboarding,display not as per norms
V04704,BDM009,Gowtham S,OA0331,Kumaran Electronics,2026-05-27,15:41,12,Collection,
V04705,BDM003,Vetri S,OA0201,Sakthi Mobile,18/05/2026,15:02,10,Routine visit,stock displayed
V04706,BDM001,Sundar R,OA0055,Saravana Digital,2026-07-04,12:49,45,Order,
V04707,BDM010,Praveen K,OA0602,Sangeetha Electronics,2026-05-29,10:55,12,Complaint,stock displayed
V04708,BDM012,Yuvaraj S,OA0493,Bharath Traders,2026-07-13,13:58,5,Stock check,display not as per norms
V04709,BDM001,Sundar R,OA0608,,2026-06-18,14:38,8,Stock check,
V04710,BDM002,Prakash M,OA0562,Big C Gadgets,2026-07-06,11:05,15,Routine visit,asked for better margin
V04711,BDM010,Praveen K,OA0100,Ram Agencies,2026-06-02,11:05,45,,shop closed
V04712,BDM009,Gowtham S,OA0287,Royal Mobile,2026-07-10,15:13,20,followup,display not as per norms
V04713,BDM004,Ashok Kumar,OA0475,,2026-06-01,15:48,8,Order,display not as per norms
V04714,BDM002,Prakash M,OA0328,,2026-05-22,10:54,25,followup,
V04715,BDM003,Vetri S,OA0087,Galaxy Mobile,25/07/2026,13:16,12,Follow up,
V04716,BDM008,Sathya N,OA0514,Jeyam Digital,2026-05-19,14:11,25,Stock check,discussed scheme
V04717,BDM010,Praveen K,OA0767,Royal Communications,29/05/2026,10:14,,followup,
V04718,BDM007,Mohan Raj,OA0778,Vasanth Infotech,2026-07-04,10:00,30,Routine visit,shop closed
V04719,BDM007,Mohan Raj,OA0787,Ram Mobiles,28/07/2026,10:14,45,followup,
V04720,BDM009,Gowtham S,OA0199,Muthu Enterprises,2026-06-22,10:03,10,,
V04721,BDM003,Vetri S,OA0515,New Star Infotech,14/05/2026,12:34,25,Follow up,discussed scheme
V04722,BDM012,Yuvaraj S,OA0443,Lakshmi Electronics,15/06/2026,15:49,8,Order,collection pending
V04723,BDM006,Jegan R,OA0518,Thangam Mobile,2026-07-15,13:00,,Collection,
V04724,BDM004,Ashok Kumar,OA0186,Ram Communications,2026-06-26,10:55,5,,stock displayed
V04725,BDM011,Ilango M,OA0605,Sri Krishna Infotech,06/07/2026,12:29,20,Routine visit,asked for better margin
V04726,BDM008,Sathya N,OA0230,Ram Digital,09/07/2026,17:04,15,Follow up,discussed scheme
V04727,BDM011,Ilango M,OA0555,Big C Infotech,18/07/2026,11:59,30,routine,will order next week
V04728,BDM011,Ilango M,OA0413,Big C Digital,28/06/2026,10:24,8,New onboarding,
V04729,BDM009,Gowtham S,OA0549,Royal Gadgets,2026-05-03,11:00,20,Routine visit,owner not available
V04730,BDM004,Ashok Kumar,OA0745,Thangam Telecom,2026-07-15,10:12,8,Routine visit,
V04731,BDM002,Prakash M,OA0528,Mobile World Infotech,15/06/2026,14:44,30,Follow up,
V04732,BDM001,Sundar R,OA0730,Saravana Communications,2026-06-21,13:55,,followup,collection pending
V04733,BDM001,Sundar R,OA0529,iStore Enterprises,2026-07-16,13:39,12,Order,collection pending
V04734,BDM006,Jegan R,OA0429,Sri Balaji Telecom,2026-07-06,13:49,20,New onboarding,owner not available
V04735,BDM004,Ashok Kumar,OA0485,Ram Traders,06/07/2026,14:28,,Follow up,shop closed
V04736,BDM001,Sundar R,OA0553,Anandha Agencies,23/06/2026,12:44,12,Stock check,
V04737,BDM007,Mohan Raj,OA0630,Anandha Telecom,2026-07-14,13:00,25,Routine visit,stock displayed
V04738,BDM001,Sundar R,OA0441,Bharath Enterprises,04/07/2026,15:00,30,Routine visit,
V04739,BDM004,Ashok Kumar,OA0279,Sangeetha Communications,03/06/2026,11:11,25,Collection,shop closed
V04740,BDM002,Prakash M,OA0812,Meenakshi Traders - Branch,13/07/2026,14:56,20,Stock check,owner not available
V04741,BDM006,Jegan R,OA0423,Bharath Electronics,06/07/2026,13:12,25,followup,
V04742,BDM003,Vetri S,OA0635,Kumaran Gadgets,2026-05-16,11:12,30,Stock check,
V04743,BDM002,Prakash M,OA0664,New Star Traders,11/05/2026,14:10,15,,will order next week
V04744,BDM003,Vetri S,OA0804,Devi Communications ,25/07/2026,11:37,,New onboarding,stock displayed
V04745,BDM006,Jegan R,OA0648,Vinayaga Digital,24/06/2026,12:22,12,New onboarding,shop closed
V04746,BDM004,Ashok Kumar,OA0780,Devi Infotech,27/05/2026,12:47,10,Stock check,collection pending
V04747,BDM010,Praveen K,OA0317,Jeyam Digital,01/07/2026,15:03,8,Complaint,
V04748,BDM011,Ilango M,OA0200,Devi Gadgets,29/05/2026,10:17,30,New onboarding,discussed scheme
V04749,BDM006,Jegan R,OA0423,Bharath Electronics,29/05/2026,12:16,10,routine,
V04750,BDM005,Dhanush P,OA0591,City Traders,16/07/2026,11:56,20,Collection,stock displayed
V04751,BDM008,Sathya N,OA0260,iStore Telecom,10/07/2026,10:35,30,Complaint,
V04752,BDM005,Dhanush P,OA0507,Galaxy Traders,25/07/2026,14:22,12,Complaint,discussed scheme
V04753,BDM010,Praveen K,OA0717,Poorvika Traders,2026-07-23,15:00,30,Routine visit,
V04754,BDM010,Praveen K,OA0463,Royal Cellpoint,19/05/2026,10:07,5,followup,
V04755,BDM001,Sundar R,OA0441,Bharath Enterprises,30/05/2026,16:00,20,Routine visit,
V04756,BDM004,Ashok Kumar,OA0564,Sakthi Mobile,06/07/2026,13:41,30,New onboarding,
V04757,BDM004,Ashok Kumar,OA0780,Devi Infotech,2026-06-04,11:32,,Complaint,
V04758,BDM002,Prakash M,OA0728,Thangam Telecom,2026-06-25,10:57,30,Follow up,discussed scheme
V04759,BDM004,Ashok Kumar,OA0149,New Star Telecom,2026-05-20,13:35,15,Complaint,
V04760,BDM003,Vetri S,OA0652,Modern Infotech,20/05/2026,16:23,45,,
V04761,BDM012,Yuvaraj S,OA0121,Devi Digital,2026-06-18,14:22,,Complaint,
V04762,BDM002,Prakash M,OA0667,Bharath Communications,13/07/2026,12:01,12,Follow up,
V04763,BDM009,Gowtham S,OA0690,Sangeetha Mobiles,20/06/2026,10:13,30,followup,owner not available
V04764,BDM006,Jegan R,OA0484,Sangeetha Gadgets,2026-06-09,15:59,5,Order,collection pending
V04765,BDM008,Sathya N,OA0263,Meenakshi Cellpoint,2026-07-09,14:37,,Routine visit,asked for better margin
V04766,BDM011,Ilango M,OA0040,Modern Mobile,23/05/2026,11:32,15,Routine visit,will order next week
V04767,BDM005,Dhanush P,OA0507,Galaxy Traders,02/06/2026,16:12,,followup,discussed scheme
V04768,BDM011,Ilango M,OA0397,Vasanth Traders,05/06/2026,13:00,20,Routine visit,
V04769,BDM002,Prakash M,OA0585,Meenakshi Cellpoint,01/05/2026,11:00,30,Routine visit,
V04770,BDM012,Yuvaraj S,OA0026,Meenakshi Infotech,20/05/2026,14:21,8,Collection,
V04771,BDM012,Yuvaraj S,OA0659,Thangam Cellpoint,11/05/2026,16:17,8,routine,
V04772,BDM006,Jegan R,OA0280,Poorvika Cellpoint,21/05/2026,15:10,20,Follow up,collection pending
V04773,BDM003,Vetri S,OA0652,Modern Infotech,10/06/2026,12:33,12,Order,discussed scheme
V04774,BDM008,Sathya N,OA0020,Jeyam Agencies,11/05/2026,15:17,,followup,shop closed
V04775,BDM006,Jegan R,OA0299,Vinayaga Gadgets,03/07/2026,12:05,,Follow up,discussed scheme
V04776,BDM004,Ashok Kumar,OA0292,Saravana Digital,27/05/2026,16:32,45,Routine visit,stock displayed
V04777,BDM008,Sathya N,OA0169,Meenakshi Traders,26/07/2026,11:00,20,Routine visit,
V04778,BDM012,Yuvaraj S,OA0302,Saravana Telecom,28/07/2026,10:06,20,followup,
V04779,BDM002,Prakash M,OA0552,Poorvika Mobile,22/05/2026,10:20,10,Complaint,
V04780,BDM003,Vetri S,OA0334,Bharath Electronics,07/07/2026,10:54,25,routine,
V04781,BDM004,Ashok Kumar,OA0486,Jeyam Infotech,17/05/2026,11:14,30,routine,stock displayed
V04782,BDM002,Prakash M,OA0592,iStore Electronics,20/06/2026,10:16,10,Follow up,shop closed
V04783,BDM008,Sathya N,OA0205,Royal Mobiles,2026-07-29,13:14,30,Complaint,
V04784,BDM010,Praveen K,OA0179,Ram Agencies,2026-07-07,11:38,30,Routine visit,
V04785,BDM009,Gowtham S,OA0401,Sakthi Traders,30/05/2026,11:26,5,Collection,will order next week
V04786,BDM002,Prakash M,OA0818,Selvam Agencies ,25/05/2026,10:43,,routine,asked for better margin
V04787,BDM001,Sundar R,OA0408,Galaxy Infotech,2026-07-13,13:25,8,Complaint,
V04788,BDM005,Dhanush P,OA0259,Karpagam Mobiles,2026-07-22,12:38,25,Collection,stock displayed
V04789,BDM004,Ashok Kumar,OA0716,Anandha Communications,30/05/2026,10:08,25,followup,
V04790,BDM008,Sathya N,OA0711,Devi Electronics,2026-05-21,13:03,20,Collection,
V04791,BDM009,Gowtham S,OA0338,Universal Communications,18/06/2026,10:28,25,followup,discussed scheme
V04792,BDM007,Mohan Raj,OA0686,Royal Electronics,05/06/2026,12:25,10,Order,asked for better margin
V04793,BDM003,Vetri S,OA0271,Amman Telecom,2026-07-20,14:46,30,Follow up,asked for better margin
V04794,BDM001,Sundar R,OA0138,Prime Electronics,29/07/2026,13:06,,,will order next week
V04795,BDM010,Praveen K,OA0524,Vasanth Electronics,07/07/2026,12:00,15,Order,discussed scheme
V04796,BDM005,Dhanush P,OA0330,Chennai Silks Infotech,2026-05-14,15:16,5,Order,
V04797,BDM009,Gowtham S,OA0614,Sri Balaji Traders,24/05/2026,17:03,15,Routine visit,
V04798,BDM009,Gowtham S,OA0132,Big C Agencies,07/07/2026,10:23,20,Routine visit,stock displayed
V04799,BDM009,Gowtham S,OA0609,Kumaran Infotech,04/05/2026,14:31,5,Order,discussed scheme
V04800,BDM009,Gowtham S,OA0614,,23/05/2026,10:13,5,Complaint,
V04801,BDM011,Ilango M,OA0467,Devi Enterprises,23/07/2026,14:12,,Collection,
V04802,BDM004,Ashok Kumar,OA0211,Poorvika Gadgets,2026-06-04,10:34,8,Follow up,collection pending
V04803,BDM007,Mohan Raj,OA0580,iStore Mobiles,2026-05-22,11:11,45,New onboarding,asked for better margin
V04804,BDM011,Ilango M,OA0218,Meenakshi Communications,20/06/2026,10:47,8,Order,collection pending
V04805,BDM012,Yuvaraj S,OA0104,Galaxy Telecom,25/06/2026,15:19,20,followup,
V04806,BDM012,Yuvaraj S,OA0742,Lakshmi Enterprises,10/07/2026,11:17,45,routine,shop closed
V04807,BDM010,Praveen K,OA0265,Chennai Silks Cellpoint,2026-06-21,10:15,15,Complaint,
V04808,BDM008,Sathya N,OA0740,New Star Agencies,05/05/2026,11:45,45,Collection,
V04809,BDM001,Sundar R,OA0819,RAM COMMUNICATIONS,2026-07-17,10:37,30,New onboarding,
V04810,BDM007,Mohan Raj,OA0376,Selvam Agencies,02/07/2026,16:01,10,Stock check,collection pending
V04811,BDM009,Gowtham S,OA0650,Vinayaga Electronics,21/07/2026,11:50,25,routine,
V04812,BDM008,Sathya N,OA0270,Lakshmi Cellpoint,04/06/2026,14:52,45,New onboarding,
V04813,BDM007,Mohan Raj,OA0580,iStore Mobiles,27/05/2026,13:38,5,followup,
V04814,BDM008,Sathya N,OA0028,Anandha Enterprises,02/06/2026,12:20,25,routine,stock displayed
V04815,BDM008,Sathya N,OA0045,Amman Agencies,2026-05-06,11:37,20,Collection,
V04816,BDM002,Prakash M,OA0035,Selvam Electronics,13/05/2026,15:32,15,routine,will order next week
V04817,BDM006,Jegan R,OA0611,Royal Traders,2026-07-15,14:03,15,routine,shop closed
V04818,BDM004,Ashok Kumar,OA0211,Poorvika Gadgets,2026-07-08,11:19,15,followup,
V04819,BDM011,Ilango M,OA0322,Saravana Enterprises,2026-05-16,15:08,30,followup,
V04820,BDM008,Sathya N,OA0164,Ganesh Electronics,06/07/2026,10:23,25,Stock check,will order next week
V04821,BDM011,Ilango M,OA0811,Big C Agencies ,2026-05-21,12:23,5,,asked for better margin
V04822,BDM008,Sathya N,OA0196,Universal Gadgets,2026-05-13,12:13,8,Order,
V04823,BDM009,Gowtham S,OA0287,Royal Mobile,2026-05-15,14:11,10,Stock check,
V04824,BDM004,Ashok Kumar,OA0075,Ram Electronics,11/06/2026,16:27,30,Complaint,asked for better margin
V04825,BDM008,Sathya N,OA0311,Mobile World Traders,19/05/2026,13:02,30,followup,
V04826,BDM001,Sundar R,OA0437,Thangam Mobile,14/07/2026,13:19,,,discussed scheme
V04827,BDM012,Yuvaraj S,OA0462,Royal Digital,03/06/2026,14:30,,,
V04828,BDM006,Jegan R,OA0044,Muthu Mobiles,25/07/2026,12:20,10,Complaint,collection pending
V04829,BDM007,Mohan Raj,OA0262,Muthu Enterprises,23/06/2026,14:45,,Complaint,
V04830,BDM009,Gowtham S,OA0404,Saravana Gadgets,2026-06-24,15:00,20,Routine visit,collection pending
V04831,BDM007,Mohan Raj,OA0580,iStore Mobiles,02/05/2026,13:16,45,Complaint,shop closed
V04832,BDM011,Ilango M,OA0369,,22/05/2026,11:55,,followup,discussed scheme
V04833,BDM002,Prakash M,OA0728,Thangam Telecom,23/07/2026,10:03,15,Collection,
V04834,BDM004,Ashok Kumar,OA0249,Lakshmi Mobile,08/05/2026,11:31,25,Follow up,asked for better margin
V04835,BDM006,Jegan R,OA0440,Vasanth Telecom,21/07/2026,14:20,20,Stock check,
V04836,BDM002,Prakash M,OA0752,Thangam Electronics,2026-07-06,12:28,30,New onboarding,will order next week
V04837,BDM009,Gowtham S,OA0446,Galaxy Telecom,16/05/2026,14:50,25,Order,asked for better margin
V04838,BDM005,Dhanush P,OA0015,Saravana Gadgets,12/06/2026,11:25,20,Order,stock displayed
V04839,BDM006,Jegan R,OA0649,Prime Mobile,01/06/2026,13:46,5,Follow up,
V04840,BDM003,Vetri S,OA0142,Bharath Agencies,2026-07-02,11:07,5,Order,shop closed
V04841,BDM012,Yuvaraj S,OA0034,Poorvika Digital,12/06/2026,11:01,25,Follow up,display not as per norms
V04842,BDM011,Ilango M,OA0022,Chennai Silks Mobiles,2026-05-16,10:00,20,Routine visit,shop closed
V04843,BDM003,Vetri S,OA0515,New Star Infotech,07/05/2026,13:28,12,Complaint,
V04844,BDM006,Jegan R,OA0440,Vasanth Telecom,2026-06-10,11:14,5,New onboarding,collection pending
V04845,BDM009,Gowtham S,OA0782,City Mobiles,14/07/2026,12:08,10,,
V04846,BDM006,Jegan R,OA0085,Prime Enterprises,06/05/2026,15:56,5,Follow up,
V04847,BDM006,Jegan R,OA0273,Royal Enterprises,15/05/2026,12:21,10,Routine visit,
V04848,BDM007,Mohan Raj,OA0039,Big C Electronics,03/06/2026,13:31,15,Order,asked for better margin
V04849,BDM005,Dhanush P,OA0088,Saravana Telecom,09/07/2026,11:30,8,New onboarding,stock displayed
V04850,BDM007,Mohan Raj,OA0441,Bharath Enterprises,12/06/2026,12:17,8,New onboarding,collection pending
V04851,BDM002,Prakash M,OA0724,New Star Communications,02/05/2026,12:22,15,Follow up,
V04852,BDM001,Sundar R,OA0551,Meenakshi Enterprises,20/06/2026,15:55,8,Order,display not as per norms
V04853,BDM008,Sathya N,OA0788,Chennai Silks Electronics,23/05/2026,11:02,,Order,
V04854,BDM007,Mohan Raj,OA0037,Karpagam Infotech,09/05/2026,11:09,5,Collection,will order next week
V04855,BDM012,Yuvaraj S,OA0764,Anandha Infotech,13/05/2026,11:11,12,,will order next week
V04856,BDM010,Praveen K,OA0128,Prime Infotech,08/06/2026,10:25,8,Stock check,
V04857,BDM003,Vetri S,OA0333,City Communications,07/06/2026,15:00,20,Order,asked for better margin
V04858,BDM012,Yuvaraj S,OA0508,Saravana Mobile,04/07/2026,16:00,25,Routine visit,discussed scheme
V04859,BDM012,Yuvaraj S,OA0589,Sakthi Electronics,12/06/2026,13:24,8,followup,
V04860,BDM007,Mohan Raj,OA0778,Vasanth Infotech,06/06/2026,12:00,20,Routine visit,will order next week
V04861,BDM001,Sundar R,OA0529,iStore Enterprises,13/05/2026,15:39,30,Complaint,collection pending
V04862,BDM011,Ilango M,OA0246,,15/07/2026,11:21,20,Complaint,collection pending
V04863,BDM003,Vetri S,OA0645,Karpagam Telecom,30/06/2026,12:26,45,Collection,discussed scheme
V04864,BDM001,Sundar R,OA0481,Muthu Traders,22/06/2026,12:00,5,New onboarding,shop closed
V04865,BDM005,Dhanush P,OA0177,Thangam Mobiles,22/07/2026,10:13,,Complaint,display not as per norms
V04866,BDM002,Prakash M,OA0812,Meenakshi Traders - Branch,08/06/2026,11:17,8,followup,collection pending
V04867,BDM003,Vetri S,OA0198,Devi Mobile,2026-06-26,14:54,15,New onboarding,owner not available
V04868,BDM003,Vetri S,OA0340,Devi Agencies,18/07/2026,12:58,25,Order,display not as per norms
V04869,BDM012,Yuvaraj S,OA0046,Selvam Infotech,18/06/2026,15:24,30,followup,
V04870,BDM004,Ashok Kumar,OA0478,Big C Mobile,26/05/2026,14:12,,Collection,collection pending
V04871,BDM007,Mohan Raj,OA0775,Prime Digital,28/06/2026,11:48,8,Routine visit,stock displayed
V04872,BDM010,Praveen K,OA0256,Muthu Gadgets,29/06/2026,15:05,30,,
V04873,BDM010,Praveen K,OA0720,Sangeetha Traders,2026-05-14,11:32,45,Order,
V04874,BDM006,Jegan R,OA0440,Vasanth Telecom,14/05/2026,10:38,,followup,
V04875,BDM010,Praveen K,OA0210,Mobile World Enterprises,06/07/2026,15:30,30,,
V04876,BDM007,Mohan Raj,OA0817,ISTORE TELECOM,2026-05-04,10:19,5,routine,will order next week
V04877,BDM006,Jegan R,OA0484,Sangeetha Gadgets,2026-07-07,11:17,10,Order,
V04878,BDM010,Praveen K,OA0726,Sri Balaji Traders,23/07/2026,13:20,20,Routine visit,
V04879,BDM006,Jegan R,OA0089,iStore Enterprises,29/06/2026,13:28,10,routine,
V04880,BDM011,Ilango M,OA0797,Amman Gadgets,2026-06-11,13:56,8,Order,stock displayed
V04881,BDM008,Sathya N,OA0220,Chennai Silks Enterprises,30/07/2026,15:53,12,Collection,shop closed
V04882,BDM004,Ashok Kumar,OA0119,City Communications,23/06/2026,12:58,15,Order,
V04883,BDM007,Mohan Raj,OA0817,ISTORE TELECOM,09/06/2026,10:43,15,Complaint,display not as per norms
V04884,BDM001,Sundar R,OA0165,Chennai Silks Cellpoint,2026-06-29,10:36,25,Order,
V04885,BDM003,Vetri S,OA0129,Vasanth Traders,08/06/2026,14:38,8,New onboarding,display not as per norms
V04886,BDM002,Prakash M,OA0558,Mobile World Agencies,28/05/2026,15:13,12,Follow up,
V04887,BDM011,Ilango M,OA0283,Modern Mobile,2026-07-21,14:23,5,Order,stock displayed
V04888,BDM004,Ashok Kumar,OA0615,Selvam Electronics,30/07/2026,11:56,,Follow up,shop closed
V04889,BDM010,Praveen K,OA0798,Anandha Digital ,15/05/2026,12:25,15,Stock check,
V04890,BDM012,Yuvaraj S,OA0114,Selvam Electronics,08/06/2026,12:04,15,,shop closed
V04891,BDM002,Prakash M,OA0169,Meenakshi Traders,18/06/2026,14:55,45,Collection,collection pending
V04892,BDM005,Dhanush P,OA0150,Universal Communications,18/07/2026,14:07,10,followup,
V04893,BDM007,Mohan Raj,OA0580,iStore Mobiles,10/07/2026,14:25,,Order,
V04894,BDM005,Dhanush P,OA0095,iStore Traders,2026-06-30,10:45,5,Routine visit,will order next week
V04895,BDM009,Gowtham S,OA0594,Sangeetha Cellpoint,07/05/2026,10:05,10,Order,
V04896,BDM011,Ilango M,OA0300,Sri Krishna Gadgets,15/06/2026,12:13,10,Order,discussed scheme
V04897,BDM012,Yuvaraj S,OA0733,New Star Mobile,08/07/2026,16:03,15,New onboarding,owner not available
V04898,BDM006,Jegan R,OA0415,Jeyam Electronics,20/07/2026,12:04,30,Stock check,display not as per norms
V04899,BDM012,Yuvaraj S,OA0639,Mobile World Gadgets,2026-05-19,11:16,5,New onboarding,shop closed
V04900,BDM007,Mohan Raj,OA0625,Karpagam Agencies,09/05/2026,11:45,10,Stock check,
V04901,BDM007,Mohan Raj,OA0778,Vasanth Infotech,2026-05-09,10:00,25,Routine visit,display not as per norms
V04902,BDM002,Prakash M,OA0204,Sangeetha Mobiles,2026-07-12,14:40,8,Stock check,
V04903,BDM009,Gowtham S,OA0067,Galaxy Traders,25/07/2026,12:23,15,Order,
V04904,BDM001,Sundar R,OA0139,Galaxy Infotech,13/05/2026,16:37,45,followup,
V04905,BDM011,Ilango M,OA0346,Amman Communications,21/05/2026,16:00,25,Routine visit,
V04906,BDM002,Prakash M,OA0663,New Star Agencies,02/07/2026,13:59,8,New onboarding,stock displayed
V04907,BDM011,Ilango M,OA0078,,2026-06-11,14:42,25,Complaint,asked for better margin
V04908,BDM006,Jegan R,OA0390,Vasanth Enterprises,2026-06-04,16:38,10,routine,will order next week
V04909,BDM008,Sathya N,OA0687,Bharath Communications,01/07/2026,10:33,30,followup,stock displayed
V04910,BDM005,Dhanush P,OA0509,Saravana Digital,13/06/2026,12:51,8,Collection,discussed scheme
V04911,BDM005,Dhanush P,OA0189,Muthu Cellpoint,06/07/2026,14:07,25,Follow up,stock displayed
V04912,BDM011,Ilango M,OA0040,Modern Mobile,05/05/2026,10:04,,Complaint,discussed scheme
V04913,BDM006,Jegan R,OA0047,Sakthi Infotech,09/07/2026,15:45,8,Complaint,
V04914,BDM003,Vetri S,OA0142,Bharath Agencies,27/05/2026,11:01,,Order,collection pending
V04915,BDM007,Mohan Raj,OA0180,Vinayaga Telecom,15/06/2026,11:16,45,Collection,discussed scheme
V04916,BDM003,Vetri S,OA0579,Saravana Telecom,2026-05-27,12:14,15,Collection,stock displayed
V04917,BDM006,Jegan R,OA0080,Chennai Silks Enterprises,08/06/2026,11:23,15,Complaint,stock displayed
V04918,BDM005,Dhanush P,OA0043,Jeyam Electronics,11/07/2026,11:03,15,Complaint,display not as per norms
V04919,BDM005,Dhanush P,OA0533,Universal Mobile,20/06/2026,12:23,30,Complaint,collection pending
V04920,BDM007,Mohan Raj,OA0710,Karpagam Agencies,22/05/2026,12:08,,,
V04921,BDM004,Ashok Kumar,OA0745,,13/05/2026,16:48,45,New onboarding,
V04922,BDM008,Sathya N,OA0244,Sri Balaji Mobile,2026-05-16,15:32,15,Complaint,
V04923,BDM003,Vetri S,OA0188,,13/07/2026,17:05,15,Complaint,asked for better margin
V04924,BDM007,Mohan Raj,OA0127,Sangeetha Agencies,02/05/2026,15:45,30,Routine visit,discussed scheme
V04925,BDM012,Yuvaraj S,OA0359,Amman Mobiles,2026-05-15,10:01,,,shop closed
V04926,BDM006,Jegan R,OA0453,Sri Krishna Digital,20/07/2026,14:08,15,Stock check,
V04927,BDM002,Prakash M,OA0724,New Star Communications,02/07/2026,10:31,,Follow up,
V04928,BDM008,Sathya N,OA0754,Thangam Enterprises,15/07/2026,11:27,15,followup,stock displayed
V04929,BDM009,Gowtham S,OA0751,Ganesh Gadgets,2026-06-22,10:42,25,Stock check,stock displayed
V04930,BDM001,Sundar R,OA0041,Poorvika Infotech,23/06/2026,15:05,25,,
V04931,BDM003,Vetri S,OA0750,Vasanth Cellpoint,2026-07-01,15:07,25,routine,
V04932,BDM001,Sundar R,OA0441,Bharath Enterprises,16/05/2026,10:00,25,Routine visit,display not as per norms
V04933,BDM006,Jegan R,OA0080,Chennai Silks Enterprises,2026-07-22,12:34,5,New onboarding,discussed scheme
V04934,BDM002,Prakash M,OA0585,Meenakshi Cellpoint,17/07/2026,13:00,25,Routine visit,
V04935,BDM010,Praveen K,OA0179,Ram Agencies,2026-07-15,14:55,20,routine,owner not available
V04936,BDM009,Gowtham S,OA0296,Galaxy Gadgets,2026-05-10,13:57,5,Order,
V04937,BDM012,Yuvaraj S,OA0062,Jeyam Telecom,22/07/2026,10:14,,Order,
V04938,BDM012,Yuvaraj S,OA0062,Jeyam Telecom,07/07/2026,10:03,15,Follow up,
V04939,BDM008,Sathya N,OA0169,Meenakshi Traders,05/07/2026,11:00,25,Routine visit,
V04940,BDM010,Praveen K,OA0090,Devi Traders,28/05/2026,12:06,,Collection,owner not available
V04941,BDM004,Ashok Kumar,OA0036,Jeyam Digital,06/06/2026,14:15,12,Stock check,
V04942,BDM009,Gowtham S,OA0714,Karpagam Digital,01/07/2026,14:40,15,Collection,
V04943,BDM003,Vetri S,OA0502,Lakshmi Gadgets,16/07/2026,14:02,25,routine,discussed scheme
V04944,BDM011,Ilango M,OA0022,Chennai Silks Mobiles,25/07/2026,12:00,25,Routine visit,owner not available
V04945,BDM002,Prakash M,OA0801,SANGEETHA DIGITAL,27/07/2026,10:36,8,Order,
V04946,BDM012,Yuvaraj S,OA0358,Royal Enterprises,2026-07-06,10:00,5,Complaint,
V04947,BDM005,Dhanush P,OA0275,Poorvika Electronics,2026-05-25,12:15,45,New onboarding,
V04948,BDM008,Sathya N,OA0113,Sakthi Infotech,13/07/2026,12:39,10,Follow up,
V04949,BDM001,Sundar R,OA0436,Vinayaga Agencies,25/05/2026,12:53,20,Order,
V04950,BDM005,Dhanush P,OA0158,Ganesh Electronics,09/07/2026,15:49,45,,
V04951,BDM012,Yuvaraj S,OA0359,Amman Mobiles,31/05/2026,14:12,20,Order,asked for better margin
V04952,BDM011,Ilango M,OA0700,Lakshmi Electronics,2026-05-30,12:46,30,followup,
V04953,BDM006,Jegan R,OA0273,Royal Enterprises,13/07/2026,11:36,30,followup,asked for better margin
V04954,BDM011,Ilango M,OA0778,Vasanth Infotech,06/05/2026,11:33,12,followup,will order next week
V04955,BDM011,Ilango M,OA0700,Lakshmi Electronics,04/06/2026,16:42,30,Complaint,
V04956,BDM006,Jegan R,OA0178,Prime Communications,16/07/2026,11:34,15,Stock check,shop closed
V04957,BDM004,Ashok Kumar,OA0679,Vasanth Gadgets,2026-06-16,15:05,25,Routine visit,
V04958,BDM009,Gowtham S,OA0650,Vinayaga Electronics,13/07/2026,11:01,10,Complaint,stock displayed
V04959,BDM004,Ashok Kumar,OA0239,Selvam Traders,2026-06-02,11:46,,Collection,
V04960,BDM003,Vetri S,OA0766,Vasanth Enterprises,2026-06-09,13:11,8,routine,
V04961,BDM001,Sundar R,OA0539,Ram Infotech,2026-06-09,11:36,30,Follow up,will order next week
V04962,BDM009,Gowtham S,OA0097,Saravana Traders,03/05/2026,12:00,20,Stock check,collection pending
V04963,BDM008,Sathya N,OA0023,Thangam Traders,02/07/2026,13:22,5,,will order next week
V04964,BDM010,Praveen K,OA0179,Ram Agencies,11/05/2026,10:37,45,routine,
V04965,BDM003,Vetri S,OA0761,Chennai Silks Gadgets,20/07/2026,15:28,,followup,shop closed
V04966,BDM010,Praveen K,OA0402,Kumaran Digital,22/07/2026,10:34,25,Complaint,collection pending
V04967,BDM003,Vetri S,OA0466,Vinayaga Communications,05/07/2026,12:45,20,Order,owner not available
V04968,BDM004,Ashok Kumar,OA0075,Ram Electronics,21/07/2026,11:00,5,routine,
V04969,BDM012,Yuvaraj S,OA0768,City Telecom,2026-05-02,14:40,30,Follow up,discussed scheme
V04970,BDM007,Mohan Raj,OA0686,Royal Electronics,02/07/2026,12:53,8,followup,
V04971,BDM012,Yuvaraj S,OA0694,Devi Mobile,26/05/2026,10:48,25,Complaint,display not as per norms
V04972,BDM012,Yuvaraj S,OA0442,Big C Telecom,2026-07-25,10:16,12,followup,
V04973,BDM003,Vetri S,OA0176,Sri Krishna Cellpoint,2026-05-27,12:10,20,Collection,
V04974,BDM004,Ashok Kumar,OA0486,Jeyam Infotech,12/06/2026,10:27,30,New onboarding,
V04975,BDM006,Jegan R,OA0145,Ganesh Agencies,13/06/2026,13:06,30,Follow up,will order next week
V04976,BDM002,Prakash M,OA0474,Mobile World Electronics,03/06/2026,13:50,25,,owner not available
V04977,BDM012,Yuvaraj S,OA0034,Poorvika Digital,2026-07-26,11:10,,New onboarding,
V04978,BDM010,Praveen K,OA0703,Thangam Telecom,23/07/2026,14:12,8,routine,asked for better margin
V04979,BDM003,Vetri S,OA0074,Poorvika Cellpoint,2026-05-12,10:40,5,,asked for better margin
V04980,BDM009,Gowtham S,OA0596,Saravana Mobile,17/07/2026,11:53,20,Follow up,stock displayed
V04981,BDM006,Jegan R,OA0611,Royal Traders,2026-06-15,12:43,25,followup,display not as per norms
V04982,BDM006,Jegan R,OA0058,New Star Telecom,17/07/2026,10:49,15,Routine visit,collection pending
V04983,BDM003,Vetri S,OA0779,Jeyam Agencies,20/05/2026,12:41,25,Follow up,discussed scheme
V04984,BDM010,Praveen K,OA0725,,06/07/2026,14:27,45,followup,asked for better margin
V04985,BDM003,Vetri S,OA0195,Prime Cellpoint,29/05/2026,12:15,,followup,
V04986,BDM001,Sundar R,OA0481,Muthu Traders,21/05/2026,11:26,12,followup,
V04987,BDM002,Prakash M,OA0765,Amman Cellpoint,2026-06-10,10:44,25,Order,
V04988,BDM009,Gowtham S,OA0386,Prime Mobiles,24/05/2026,17:12,20,Follow up,owner not available
V04989,BDM007,Mohan Raj,OA0775,Prime Digital,2026-06-10,12:45,30,New onboarding,owner not available
V04990,BDM009,Gowtham S,OA0751,Ganesh Gadgets,18/05/2026,12:46,,Routine visit,discussed scheme
V04991,BDM001,Sundar R,OA0760,Sakthi Infotech,2026-06-16,23:56,10,Routine visit,
V04992,BDM001,Sundar R,OA0437,Thangam Mobile,19/06/2026,12:37,8,followup,owner not available
V04993,BDM010,Praveen K,OA0814,Poorvika Traders ,11/06/2026,15:29,10,followup,will order next week
V04994,BDM003,Vetri S,OA0243,Jeyam Digital,18/07/2026,11:08,45,Routine visit,
V04995,BDM011,Ilango M,OA0071,Lakshmi Mobile,15/06/2026,11:08,8,,
V04996,BDM004,Ashok Kumar,OA0025,Sangeetha Agencies,03/06/2026,12:28,12,Complaint,discussed scheme
V04997,BDM008,Sathya N,OA0017,Mobile World Infotech,2026-05-07,12:12,25,Complaint,
V04998,BDM008,Sathya N,OA0229,Sri Krishna Digital,03/06/2026,12:52,,Complaint,owner not available
V04999,BDM010,Praveen K,OA0256,Muthu Gadgets,11/06/2026,13:18,20,Order,
V05000,BDM005,Dhanush P,OA0150,Universal Communications,13/05/2026,11:30,45,Collection,
V05001,BDM002,Prakash M,OA0162,Ram Mobile,08/05/2026,17:00,20,New onboarding,
V05002,BDM006,Jegan R,OA0047,Sakthi Infotech,2026-06-24,13:58,30,,asked for better margin
V05003,BDM007,Mohan Raj,OA0632,Prime Electronics,19/06/2026,10:53,8,followup,will order next week
V05004,BDM007,Mohan Raj,OA0451,Kumaran Mobiles,14/07/2026,15:11,20,Order,
V05005,BDM001,Sundar R,OA0553,Anandha Agencies,21/06/2026,11:35,10,Order,
V05006,BDM011,Ilango M,OA0309,Ganesh Cellpoint,28/05/2026,12:28,25,Follow up,will order next week
V05007,BDM002,Prakash M,OA0558,Mobile World Agencies,22/06/2026,15:13,15,routine,will order next week
V05008,BDM010,Praveen K,OA0217,Devi Electronics,29/05/2026,13:22,12,Stock check,
V05009,BDM012,Yuvaraj S,OA0302,Saravana Telecom,2026-07-15,13:55,,Collection,shop closed
V05010,BDM011,Ilango M,OA0327,Prime Digital,28/06/2026,12:01,10,followup,owner not available
V05011,BDM006,Jegan R,OA0453,Sri Krishna Digital,18/07/2026,14:21,,Routine visit,
V05012,BDM011,Ilango M,OA0504,Karpagam Traders,11/06/2026,11:47,20,Stock check,owner not available
V05013,BDM011,Ilango M,OA0621,Mobile World Enterprises,01/07/2026,13:58,30,New onboarding,stock displayed
V05014,BDM002,Prakash M,OA0204,Sangeetha Mobiles,24/05/2026,12:21,15,Routine visit,
V05015,BDM002,Prakash M,OA0498,Sangeetha Cellpoint,21/05/2026,14:58,10,Routine visit,asked for better margin
V05016,BDM005,Dhanush P,OA0626,Galaxy Cellpoint,2026-06-05,11:40,10,,
V05017,BDM008,Sathya N,OA0272,Amman Telecom,29/05/2026,14:23,8,Routine visit,stock displayed
V05018,BDM003,Vetri S,OA0144,Modern Telecom,20/05/2026,10:58,5,Stock check,discussed scheme
V05019,BDM011,Ilango M,OA0556,Amman Traders,30/07/2026,11:41,30,,
V05020,BDM002,Prakash M,OA0433,Vinayaga Cellpoint,2026-07-20,11:28,10,Order,stock displayed
V05021,BDM012,Yuvaraj S,OA0359,Amman Mobiles,06/06/2026,13:00,20,Routine visit,stock displayed
V05022,BDM011,Ilango M,OA0730,Saravana Communications,19/05/2026,12:00,30,Routine visit,discussed scheme
V05023,BDM005,Dhanush P,OA0379,,01/07/2026,10:06,20,routine,asked for better margin
V05024,BDM012,Yuvaraj S,OA0792,Devi Mobile,26/06/2026,13:44,5,Follow up,stock displayed
V05025,BDM002,Prakash M,OA0569,Bharath Gadgets,08/07/2026,12:07,25,Stock check,collection pending
V05026,BDM003,Vetri S,OA0464,Saravana Mobiles,08/07/2026,15:28,15,,will order next week
V05027,BDM007,Mohan Raj,OA0377,New Star Mobiles,2026-05-18,11:41,45,Complaint,
V05028,BDM005,Dhanush P,OA0654,Anandha Mobiles,24/05/2026,13:44,,Follow up,stock displayed
V05029,BDM012,Yuvaraj S,OA0770,Sri Krishna Agencies,08/06/2026,17:32,5,New onboarding,owner not available
V05030,BDM012,Yuvaraj S,OA0694,Devi Mobile,13/06/2026,12:20,10,Complaint,
V05031,BDM006,Jegan R,OA0536,Bharath Traders,05/06/2026,13:39,,New onboarding,
V05032,BDM010,Praveen K,OA0402,Kumaran Digital,2026-07-23,10:30,,Stock check,
V05033,BDM004,Ashok Kumar,OA0545,Vasanth Agencies,2026-05-21,11:50,,Collection,
V05034,BDM005,Dhanush P,OA0301,Amman Enterprises,06/06/2026,13:17,15,Collection,shop closed
V05035,BDM012,Yuvaraj S,OA0522,Galaxy Telecom,22/06/2026,12:34,25,,stock displayed
V05036,BDM011,Ilango M,OA0666,Anandha Gadgets,18/07/2026,10:44,30,Routine visit,display not as per norms
V05037,BDM001,Sundar R,OA0483,Ram Gadgets,2026-06-24,12:20,10,followup,will order next week
V05038,BDM001,Sundar R,OA0297,New Star Mobiles,13/07/2026,11:30,15,Order,
V05039,BDM001,Sundar R,OA0009,Jeyam Enterprises,03/06/2026,12:10,,routine,asked for better margin
V05040,BDM008,Sathya N,OA0623,Sakthi Traders,29/07/2026,14:42,10,Follow up,display not as per norms
V05041,BDM007,Mohan Raj,OA0092,Poorvika Enterprises,29/06/2026,10:40,5,Follow up,collection pending
V05042,BDM007,Mohan Raj,OA0506,Galaxy Cellpoint,30/06/2026,11:08,,New onboarding,display not as per norms
V05043,BDM011,Ilango M,OA0642,Anandha Telecom,2026-06-07,10:27,20,Routine visit,asked for better margin
V05044,BDM010,Praveen K,OA0798,Anandha Digital ,20/07/2026,13:30,45,Routine visit,collection pending
V05045,BDM003,Vetri S,OA0678,Kumaran Electronics,20/05/2026,10:33,10,New onboarding,shop closed
V05046,BDM004,Ashok Kumar,OA0780,Devi Infotech,2026-05-13,15:32,10,Collection,discussed scheme
V05047,BDM011,Ilango M,OA0381,Galaxy Mobile,18/06/2026,10:33,5,Routine visit,display not as per norms
V05048,BDM006,Jegan R,OA0047,Sakthi Infotech,29/05/2026,15:17,20,New onboarding,discussed scheme
V05049,BDM010,Praveen K,OA0767,Royal Communications,2026-07-09,10:38,5,Collection,asked for better margin
V05050,BDM007,Mohan Raj,OA0261,City Mobile,11/05/2026,14:48,30,Complaint,
V05051,BDM002,Prakash M,OA0592,iStore Electronics,15/05/2026,11:29,,Order,
V05052,BDM008,Sathya N,OA0020,,02/06/2026,10:40,10,Complaint,will order next week
V05053,BDM012,Yuvaraj S,OA0034,Poorvika Digital,24/07/2026,12:49,12,routine,stock displayed
V05054,BDM002,Prakash M,OA0667,Bharath Communications,21/06/2026,14:00,30,Routine visit,
V05055,BDM009,Gowtham S,OA0118,Selvam Mobile,2026-05-24,17:00,30,followup,collection pending
V05056,BDM008,Sathya N,OA0456,Lakshmi Digital,2026-05-18,15:50,25,Complaint,will order next week
V05057,BDM011,Ilango M,OA0283,Modern Mobile,29/06/2026,13:07,5,Complaint,
V05058,BDM012,Yuvaraj S,OA0368,Anandha Telecom,25/05/2026,14:33,12,followup,will order next week
V05059,BDM004,Ashok Kumar,OA0032,Modern Cellpoint,02/07/2026,16:52,12,Stock check,
V05060,BDM005,Dhanush P,OA0543,Poorvika Agencies,27/07/2026,11:38,10,Follow up,shop closed
V05061,BDM004,Ashok Kumar,OA0615,Selvam Electronics,14/05/2026,11:35,10,Routine visit,asked for better margin
V05062,BDM012,Yuvaraj S,OA0764,Anandha Infotech,2026-07-08,16:35,25,followup,will order next week
V05063,BDM006,Jegan R,OA0542,Kumaran Traders,13/05/2026,11:43,10,Complaint,will order next week
V05064,BDM002,Prakash M,OA0147,Jeyam Enterprises,13/06/2026,13:25,12,New onboarding,collection pending
V05065,BDM010,Praveen K,OA0135,Selvam Mobiles,25/06/2026,10:06,20,followup,
V05066,BDM012,Yuvaraj S,OA0082,Royal Electronics,29/05/2026,15:53,8,Stock check,owner not available
V05067,BDM001,Sundar R,OA0441,Bharath Enterprises,27/06/2026,14:00,25,Routine visit,stock displayed
V05068,BDM007,Mohan Raj,OA0115,Bharath Electronics,28/06/2026,14:18,10,Collection,
V05069,BDM010,Praveen K,OA0321,Vasanth Enterprises,2026-06-24,11:31,5,New onboarding,
V05070,BDM002,Prakash M,OA0684,City Digital,07/07/2026,10:24,,Routine visit,
V05071,BDM010,Praveen K,OA0638,Royal Enterprises,29/06/2026,13:11,5,Collection,asked for better margin
V05072,BDM004,Ashok Kumar,OA0066,Universal Traders,2026-06-18,10:03,10,Complaint,display not as per norms
V05073,BDM003,Vetri S,OA0345,,2026-06-08,10:27,25,routine,
V05074,BDM002,Prakash M,OA0546,Ganesh Agencies,02/07/2026,11:35,20,Complaint,stock displayed
V05075,BDM002,Prakash M,OA0167,Meenakshi Telecom,2026-07-06,15:02,30,followup,discussed scheme
V05076,BDM010,Praveen K,OA0317,Jeyam Digital,2026-06-03,11:07,10,Routine visit,owner not available
V05077,BDM001,Sundar R,OA0551,Meenakshi Enterprises,19/05/2026,13:09,10,routine,will order next week
V05078,BDM004,Ashok Kumar,OA0066,Universal Traders,29/07/2026,16:40,30,Routine visit,
V05079,BDM002,Prakash M,OA0351,Devi Infotech,30/05/2026,12:17,25,routine,discussed scheme
V05080,BDM005,Dhanush P,OA0356,Ganesh Agencies,26/06/2026,10:17,15,Collection,asked for better margin
V05081,BDM006,Jegan R,OA0247,iStore Infotech,2026-07-21,16:00,15,Collection,
V05082,BDM008,Sathya N,OA0020,Jeyam Agencies,2026-05-06,10:03,5,New onboarding,
V05083,BDM005,Dhanush P,OA0561,Muthu Cellpoint,2026-05-13,10:59,30,,owner not available
V05084,BDM007,Mohan Raj,OA0582,Vasanth Digital,2026-05-25,15:10,25,Collection,collection pending
V05085,BDM001,Sundar R,OA0421,Meenakshi Enterprises,06/05/2026,11:26,5,Order,asked for better margin
V05086,BDM011,Ilango M,OA0560,Sri Krishna Communications,02/05/2026,13:09,8,followup,discussed scheme
V05087,BDM002,Prakash M,OA0498,Sangeetha Cellpoint,05/06/2026,14:00,30,,display not as per norms
V05088,BDM012,Yuvaraj S,OA0114,Selvam Electronics,2026-07-07,11:19,,Stock check,
V05089,BDM001,Sundar R,OA0436,Vinayaga Agencies,26/05/2026,11:04,5,Follow up,will order next week
V05090,BDM006,Jegan R,OA0641,Bharath Enterprises,12/06/2026,12:29,15,New onboarding,display not as per norms
V05091,BDM005,Dhanush P,OA0510,Prime Cellpoint,26/05/2026,10:24,10,Routine visit,stock displayed
V05092,BDM006,Jegan R,OA0648,Vinayaga Digital,2026-07-27,13:40,15,Collection,
V05093,BDM012,Yuvaraj S,OA0367,Devi Gadgets,01/06/2026,12:11,8,Order,
V05094,BDM011,Ilango M,OA0730,Saravana Communications,09/06/2026,16:00,20,Routine visit,collection pending
V05095,BDM009,Gowtham S,OA0479,Vasanth Cellpoint,02/07/2026,13:34,8,followup,owner not available
V05096,BDM003,Vetri S,OA0635,Kumaran Gadgets,06/06/2026,14:04,12,followup,will order next week
V05097,BDM005,Dhanush P,OA0561,Muthu Cellpoint,2026-05-04,10:28,15,Routine visit,
V05098,BDM004,Ashok Kumar,OA0186,Ram Communications,05/05/2026,10:36,20,Order,collection pending
V05099,BDM001,Sundar R,OA0029,Lakshmi Traders,03/07/2026,14:52,5,routine,stock displayed
V05100,BDM010,Praveen K,OA0398,Chennai Silks Mobile,18/07/2026,14:51,8,Order,owner not available
V05101,BDM012,Yuvaraj S,OA0197,Prime Digital,2026-06-21,11:55,,,owner not available
V05102,BDM009,Gowtham S,OA0199,Muthu Enterprises,03/07/2026,13:08,12,New onboarding,discussed scheme
V05103,BDM001,Sundar R,OA0436,Vinayaga Agencies,2026-07-02,14:32,8,New onboarding,
V05104,BDM011,Ilango M,OA0671,Vasanth Traders,2026-05-25,13:04,20,New onboarding,
V05105,BDM012,Yuvaraj S,OA0493,Bharath Traders,07/05/2026,11:54,,,
V05106,BDM006,Jegan R,OA0439,Sakthi Enterprises,12/06/2026,14:34,15,Stock check,
V05107,BDM009,Gowtham S,OA0209,Anandha Traders,02/05/2026,14:18,30,Order,
V05108,BDM007,Mohan Raj,OA0563,Anandha Traders,30/07/2026,15:32,15,routine,
V05109,BDM007,Mohan Raj,OA0004,Bharath Digital,13/07/2026,12:32,45,New onboarding,
V05110,BDM001,Sundar R,OA0617,Bharath Agencies,2026-07-06,13:10,8,Order,discussed scheme
V05111,BDM002,Prakash M,OA0592,iStore Electronics,18/05/2026,10:24,45,Order,display not as per norms
V05112,BDM009,Gowtham S,OA0331,Kumaran Electronics,20/07/2026,12:14,45,Stock check,
V05113,BDM012,Yuvaraj S,OA0316,Saravana Cellpoint,16/07/2026,11:05,20,Complaint,will order next week
V05114,BDM012,Yuvaraj S,OA0803,Royal Enterprises - Branch,25/05/2026,17:06,,Order,owner not available
V05115,BDM003,Vetri S,OA0341,Prime Electronics,17/06/2026,12:34,,Follow up,will order next week
V05116,BDM012,Yuvaraj S,OA0207,Muthu Telecom,2026-07-22,15:02,25,followup,owner not available
V05117,BDM010,Praveen K,OA0398,Chennai Silks Mobile,02/05/2026,13:08,12,Stock check,stock displayed
V05118,BDM003,Vetri S,OA0416,Devi Agencies,10/06/2026,11:04,8,Routine visit,
V05119,BDM004,Ashok Kumar,OA0075,,17/05/2026,11:08,30,Complaint,discussed scheme
V05120,BDM008,Sathya N,OA0424,Sri Krishna Cellpoint,2026-05-13,11:09,12,Follow up,collection pending
V05121,BDM002,Prakash M,OA0498,Sangeetha Cellpoint,22/06/2026,13:32,12,,
V05122,BDM004,Ashok Kumar,OA0668,Bharath Mobiles,09/06/2026,10:39,15,routine,display not as per norms
V05123,BDM011,Ilango M,OA0346,Amman Communications,23/07/2026,13:00,20,Routine visit,
V05124,BDM006,Jegan R,OA0662,Vinayaga Mobile,02/05/2026,11:04,25,Stock check,stock displayed
V05125,BDM012,Yuvaraj S,OA0729,Amman Gadgets,13/07/2026,11:53,20,Order,stock displayed
V05126,BDM010,Praveen K,OA0324,Sri Balaji Traders,27/06/2026,10:11,15,New onboarding,
V05127,BDM001,Sundar R,OA0138,Prime Electronics,21/07/2026,11:58,20,Collection,
V05128,BDM002,Prakash M,OA0528,Mobile World Infotech,18/06/2026,16:30,12,followup,discussed scheme
V05129,BDM004,Ashok Kumar,OA0066,Universal Traders,03/06/2026,11:41,12,Follow up,asked for better margin
V05130,BDM002,Prakash M,OA0728,Thangam Telecom,15/07/2026,10:06,12,Order,
V05131,BDM001,Sundar R,OA0112,Karpagam Infotech,28/05/2026,12:42,,Order,asked for better margin
V05132,BDM010,Praveen K,OA0256,Muthu Gadgets,10/07/2026,14:41,15,Routine visit,
V05133,BDM001,Sundar R,OA0216,iStore Gadgets,09/05/2026,10:09,20,routine,discussed scheme
V05134,BDM011,Ilango M,OA0102,Thangam Enterprises,23/05/2026,10:28,30,Stock check,stock displayed
V05135,BDM006,Jegan R,OA0178,,2026-07-27,12:19,,followup,will order next week
V05136,BDM004,Ashok Kumar,OA0066,Universal Traders,03/06/2026,14:39,25,,
V05137,BDM012,Yuvaraj S,OA0387,Ganesh Electronics,14/05/2026,13:29,12,routine,collection pending
V05138,BDM002,Prakash M,OA0818,Selvam Agencies ,04/05/2026,13:24,25,Routine visit,collection pending
V05139,BDM010,Praveen K,OA0524,Vasanth Electronics,23/05/2026,14:17,10,Complaint,asked for better margin
V05140,BDM011,Ilango M,OA0381,Galaxy Mobile,08/05/2026,10:19,,Collection,
V05141,BDM005,Dhanush P,OA0110,Modern Traders,2026-05-05,16:04,8,Collection,discussed scheme
V05142,BDM004,Ashok Kumar,OA0211,Poorvika Gadgets,17/07/2026,11:46,15,Collection,
V05143,BDM002,Prakash M,OA0752,Thangam Electronics,2026-05-23,14:06,,Routine visit,
V05144,BDM003,Vetri S,OA0578,Sri Krishna Cellpoint,09/07/2026,13:00,30,New onboarding,owner not available
V05145,BDM006,Jegan R,OA0124,Vasanth Electronics,27/07/2026,11:20,12,Routine visit,
V05146,BDM011,Ilango M,OA0278,Big C Mobiles,2026-07-21,12:53,20,Stock check,asked for better margin
V05147,BDM004,Ashok Kumar,OA0292,Saravana Digital,23/06/2026,12:30,12,Routine visit,will order next week
V05148,BDM011,Ilango M,OA0621,Mobile World Enterprises,06/05/2026,10:41,20,Stock check,shop closed
V05149,BDM010,Praveen K,OA0806,Modern Communications ,26/06/2026,13:12,,Collection,owner not available
V05150,BDM002,Prakash M,OA0663,New Star Agencies,28/07/2026,10:22,20,,display not as per norms
V05151,BDM004,Ashok Kumar,OA0363,Saravana Mobiles,2026-06-09,11:37,45,Order,
V05152,BDM002,Prakash M,OA0772,Ganesh Cellpoint,09/06/2026,11:18,10,routine,will order next week
V05153,BDM005,Dhanush P,OA0301,Amman Enterprises,07/05/2026,11:45,30,Order,collection pending
V05154,BDM008,Sathya N,OA0424,Sri Krishna Cellpoint,22/06/2026,10:28,,New onboarding,discussed scheme
V05155,BDM005,Dhanush P,OA0356,Ganesh Agencies,2026-05-05,15:17,15,Stock check,
V05156,BDM001,Sundar R,OA0408,Galaxy Infotech,27/07/2026,15:47,12,,
V05157,BDM009,Gowtham S,OA0320,Modern Gadgets,2026-07-22,11:59,,,display not as per norms
V05158,BDM002,Prakash M,OA0194,Karpagam Traders,05/06/2026,13:56,10,,
V05159,BDM010,Praveen K,OA0524,Vasanth Electronics,2026-07-08,11:37,12,Complaint,display not as per norms
V05160,BDM002,Prakash M,OA0422,Anandha Agencies,2026-06-15,13:07,45,Follow up,stock displayed
V05161,BDM005,Dhanush P,OA0573,Muthu Communications,27/05/2026,13:13,45,,stock displayed
V05162,BDM001,Sundar R,OA0529,iStore Enterprises,2026-05-05,11:26,30,,will order next week
V05163,BDM006,Jegan R,OA0384,Bharath Mobile,23/07/2026,13:29,30,Follow up,discussed scheme
V05164,BDM004,Ashok Kumar,OA0075,Ram Electronics,12/06/2026,16:57,8,Follow up,
V05165,BDM009,Gowtham S,OA0338,Universal Communications,2026-07-20,10:35,20,Complaint,
V05166,BDM007,Mohan Raj,OA0646,Vinayaga Cellpoint,2026-07-02,12:09,20,routine,asked for better margin
V05167,BDM006,Jegan R,OA0517,Sri Balaji Gadgets,13/06/2026,12:14,10,Stock check,will order next week
V05168,BDM011,Ilango M,OA0577,Saravana Digital,23/06/2026,13:24,25,followup,shop closed
V05169,BDM009,Gowtham S,OA0068,Saravana Mobile,11/07/2026,12:33,,Stock check,display not as per norms
V05170,BDM006,Jegan R,OA0058,New Star Telecom,20/07/2026,14:09,15,Follow up,asked for better margin
V05171,BDM002,Prakash M,OA0558,Mobile World Agencies,19/05/2026,12:46,20,routine,discussed scheme
V05172,BDM009,Gowtham S,OA0372,Universal Communications,29/06/2026,11:59,,Complaint,
V05173,BDM006,Jegan R,OA0390,Vasanth Enterprises,06/07/2026,14:14,8,Order,owner not available
V05174,BDM005,Dhanush P,OA0318,Ram Gadgets,21/07/2026,15:47,15,New onboarding,collection pending
V05175,BDM002,Prakash M,OA0673,Karpagam Cellpoint,12/05/2026,15:12,20,New onboarding,
V05176,BDM004,Ashok Kumar,OA0575,Ganesh Gadgets,2026-07-01,10:30,5,New onboarding,
V05177,BDM010,Praveen K,OA0798,Anandha Digital ,07/07/2026,12:05,15,New onboarding,collection pending
V05178,BDM003,Vetri S,OA0568,Vinayaga Mobiles,2026-05-13,14:17,5,routine,shop closed
V05179,BDM008,Sathya N,OA0235,Muthu Gadgets,29/06/2026,11:47,,Complaint,display not as per norms
V05180,BDM009,Gowtham S,OA0366,Jeyam Agencies,04/05/2026,10:27,5,Follow up,stock displayed
V05181,BDM005,Dhanush P,OA0393,Sangeetha Electronics,20/06/2026,10:00,5,Collection,owner not available
V05182,BDM010,Praveen K,OA0134,Jeyam Enterprises,2026-06-05,13:47,,Collection,will order next week
V05183,BDM012,Yuvaraj S,OA0792,Devi Mobile,28/05/2026,13:52,,followup,
V05184,BDM006,Jegan R,OA0247,iStore Infotech,12/05/2026,10:07,,Collection,shop closed
V05185,BDM002,Prakash M,OA0035,Selvam Electronics,01/06/2026,10:47,30,Follow up,discussed scheme
V05186,BDM002,Prakash M,OA0378,Universal Telecom,2026-05-08,15:58,,,shop closed
V05187,BDM001,Sundar R,OA0707,iStore Enterprises,27/07/2026,10:00,25,Routine visit,shop closed
V05188,BDM005,Dhanush P,OA0722,Bharath Enterprises,21/07/2026,17:24,10,New onboarding,asked for better margin
V05189,BDM004,Ashok Kumar,OA0486,Jeyam Infotech,2026-07-24,12:40,,Routine visit,discussed scheme
V05190,BDM006,Jegan R,OA0648,Vinayaga Digital,2026-05-25,10:05,10,Routine visit,
V05191,BDM003,Vetri S,OA0750,Vasanth Cellpoint,26/06/2026,16:38,10,Stock check,
V05192,BDM007,Mohan Raj,OA0778,Vasanth Infotech,16/05/2026,16:00,30,Routine visit,owner not available
V05193,BDM011,Ilango M,OA0700,Lakshmi Electronics,2026-06-06,12:57,8,Routine visit,stock displayed
V05194,BDM004,Ashok Kumar,OA0545,Vasanth Agencies,24/06/2026,11:23,10,routine,will order next week
V05195,BDM006,Jegan R,OA0145,Ganesh Agencies,2026-05-19,11:20,30,Order,discussed scheme
V05196,BDM010,Praveen K,OA0076,Royal Agencies,06/05/2026,11:48,10,Collection,collection pending
V05197,BDM001,Sundar R,OA0743,Sri Balaji Traders,19/06/2026,15:40,30,New onboarding,
V05198,BDM003,Vetri S,OA0466,Vinayaga Communications,05/05/2026,11:40,10,Complaint,
V05199,BDM001,Sundar R,OA0065,Anandha Traders,10/06/2026,14:00,10,routine,discussed scheme
V05200,BDM003,Vetri S,OA0568,Vinayaga Mobiles,06/07/2026,17:08,15,Complaint,will order next week
V05201,BDM004,Ashok Kumar,OA0168,Jeyam Traders,16/06/2026,11:43,,Stock check,shop closed
V05202,BDM010,Praveen K,OA0725,Lakshmi Communications,27/05/2026,11:51,45,Complaint,shop closed
V05203,BDM009,Gowtham S,OA0254,Vinayaga Infotech,18/07/2026,10:30,25,New onboarding,
V05204,BDM003,Vetri S,OA0601,Prime Agencies,09/07/2026,13:38,30,Complaint,display not as per norms
V05205,BDM002,Prakash M,OA0242,Mobile World Electronics,21/05/2026,17:02,30,New onboarding,asked for better margin
V05206,BDM012,Yuvaraj S,OA0114,Selvam Electronics,25/06/2026,11:16,30,,collection pending
V05207,BDM005,Dhanush P,OA0347,Thangam Mobiles,2026-06-08,15:12,,followup,will order next week
V05208,BDM004,Ashok Kumar,OA0137,Vasanth Enterprises,20/07/2026,11:52,25,Follow up,will order next week
V05209,BDM001,Sundar R,OA0819,RAM COMMUNICATIONS,24/06/2026,13:16,12,Order,will order next week
V05210,BDM009,Gowtham S,OA0123,Muthu Mobiles,2026-06-18,14:04,30,Stock check,shop closed
V05211,BDM008,Sathya N,OA0108,Anandha Mobiles,08/06/2026,10:32,20,Routine visit,
V05212,BDM003,Vetri S,OA0289,Meenakshi Agencies,2026-06-10,13:16,15,,
V05213,BDM001,Sundar R,OA0707,iStore Enterprises,06/07/2026,15:00,20,Routine visit,will order next week
V05214,BDM008,Sathya N,OA0785,Prime Traders,18/07/2026,13:30,15,followup,discussed scheme
V05215,BDM005,Dhanush P,OA0233,Galaxy Agencies,23/07/2026,11:23,30,Order,
V05216,BDM001,Sundar R,OA0613,Devi Infotech,30/07/2026,13:31,45,Order,
V05217,BDM008,Sathya N,OA0527,Devi Mobile,2026-06-08,14:04,5,New onboarding,discussed scheme
V05218,BDM010,Praveen K,OA0317,Jeyam Digital,02/07/2026,12:15,12,New onboarding,
V05219,BDM003,Vetri S,OA0568,Vinayaga Mobiles,2026-07-01,16:58,15,Order,
V05220,BDM001,Sundar R,OA0689,Ram Communications,2026-05-23,10:37,12,Collection,will order next week
V05221,BDM012,Yuvaraj S,OA0729,Amman Gadgets,18/06/2026,11:26,,Routine visit,display not as per norms
V05222,BDM009,Gowtham S,OA0005,Meenakshi Agencies,05/05/2026,14:31,,Stock check,
V05223,BDM002,Prakash M,OA0664,New Star Traders,23/05/2026,11:39,5,,
V05224,BDM003,Vetri S,OA0804,Devi Communications ,03/07/2026,13:04,30,Collection,discussed scheme
V05225,BDM007,Mohan Raj,OA0180,Vinayaga Telecom,2026-07-28,12:13,,Follow up,discussed scheme
V05226,BDM011,Ilango M,OA0619,Muthu Infotech,23/07/2026,16:14,25,Follow up,will order next week
V05227,BDM003,Vetri S,OA0610,Vasanth Gadgets,14/05/2026,13:32,30,routine,owner not available
V05228,BDM006,Jegan R,OA0178,Prime Communications,20/07/2026,10:07,,,collection pending
V05229,BDM010,Praveen K,OA0100,Ram Agencies,15/05/2026,10:24,,followup,asked for better margin
V05230,BDM008,Sathya N,OA0244,Sri Balaji Mobile,2026-07-21,12:02,30,followup,owner not available
V05231,BDM009,Gowtham S,OA0714,Karpagam Digital,10/06/2026,14:45,8,followup,
V05232,BDM010,Praveen K,OA0090,Devi Traders,23/06/2026,11:06,12,Complaint,discussed scheme
V05233,BDM003,Vetri S,OA0129,Vasanth Traders,2026-05-11,11:07,45,Order,
V05234,BDM012,Yuvaraj S,OA0729,Amman Gadgets,27/06/2026,12:40,15,Routine visit,
V05235,BDM004,Ashok Kumar,OA0485,Ram Traders,20/07/2026,11:19,45,routine,collection pending
V05236,BDM012,Yuvaraj S,OA0770,Sri Krishna Agencies,18/05/2026,10:18,30,Collection,display not as per norms
V05237,BDM007,Mohan Raj,OA0746,Poorvika Mobiles,11/07/2026,10:44,5,Collection,stock displayed
V05238,BDM009,Gowtham S,OA0446,Galaxy Telecom,10/07/2026,13:11,45,Collection,display not as per norms
V05239,BDM010,Praveen K,OA0402,Kumaran Digital,2026-06-02,14:30,12,New onboarding,
V05240,BDM008,Sathya N,OA0566,Ganesh Gadgets,08/05/2026,11:49,5,New onboarding,owner not available
V05241,BDM010,Praveen K,OA0814,Poorvika Traders ,17/07/2026,14:27,20,,shop closed
V05242,BDM009,Gowtham S,OA0479,Vasanth Cellpoint,24/06/2026,10:32,10,Routine visit,shop closed
V05243,BDM005,Dhanush P,OA0212,Sangeetha Agencies,28/07/2026,10:18,12,,discussed scheme
V05244,BDM005,Dhanush P,OA0275,,2026-05-05,15:07,30,routine,
V05245,BDM002,Prakash M,OA0569,Bharath Gadgets,08/05/2026,17:16,20,,shop closed
V05246,BDM011,Ilango M,OA0621,Mobile World Enterprises,2026-05-14,15:04,25,,
V05247,BDM009,Gowtham S,OA0232,Meenakshi Electronics,2026-05-09,12:49,10,followup,asked for better margin
V05248,BDM005,Dhanush P,OA0015,Saravana Gadgets,14/05/2026,11:22,25,Order,display not as per norms
V05249,BDM002,Prakash M,OA0675,Jeyam Enterprises,13/07/2026,13:12,8,,
V05250,BDM008,Sathya N,OA0236,Galaxy Mobiles,05/05/2026,10:58,25,Follow up,discussed scheme
V05251,BDM008,Sathya N,OA0788,Chennai Silks Electronics,2026-07-22,11:56,30,Complaint,
V05252,BDM005,Dhanush P,OA0150,Universal Communications,2026-05-24,15:40,10,New onboarding,
V05253,BDM004,Ashok Kumar,OA0545,Vasanth Agencies,02/07/2026,15:49,10,followup,
V05254,BDM005,Dhanush P,OA0189,Muthu Cellpoint,2026-05-09,10:29,20,Stock check,
V05255,BDM006,Jegan R,OA0273,Royal Enterprises,05/06/2026,11:57,30,New onboarding,
V05256,BDM003,Vetri S,OA0430,Amman Digital,09/06/2026,10:41,12,Order,stock displayed
V05257,BDM008,Sathya N,OA0339,Ram Infotech,30/05/2026,15:06,,Stock check,
V05258,BDM001,Sundar R,OA0689,Ram Communications,25/07/2026,10:58,12,followup,
V05259,BDM008,Sathya N,OA0687,Bharath Communications,2026-07-09,17:00,20,Follow up,collection pending
V05260,BDM007,Mohan Raj,OA0790,Sangeetha Mobile,01/06/2026,14:46,20,Collection,collection pending
V05261,BDM011,Ilango M,OA0397,Vasanth Traders,29/05/2026,16:00,25,Routine visit,
V05262,BDM009,Gowtham S,OA0479,Vasanth Cellpoint,26/05/2026,10:27,15,,
V05263,BDM006,Jegan R,OA0085,Prime Enterprises,15/07/2026,14:08,15,Follow up,asked for better margin
V05264,BDM002,Prakash M,OA0562,Big C Gadgets,2026-05-28,14:08,45,New onboarding,
V05265,BDM001,Sundar R,OA0743,Sri Balaji Traders,05/06/2026,17:06,20,Complaint,discussed scheme
V05266,BDM004,Ashok Kumar,OA0168,Jeyam Traders,01/07/2026,12:47,25,,
V05267,BDM009,Gowtham S,OA0794,Muthu Mobiles,20/07/2026,16:10,30,Follow up,owner not available
V05268,BDM001,Sundar R,OA0819,RAM COMMUNICATIONS,2026-05-18,12:18,5,Stock check,will order next week
V05269,BDM004,Ashok Kumar,OA0763,Kumaran Traders,04/07/2026,10:40,15,Stock check,stock displayed
V05270,BDM012,Yuvaraj S,OA0508,Saravana Mobile,2026-05-23,12:00,20,Routine visit,will order next week
V05271,BDM005,Dhanush P,OA0133,Devi Electronics,09/06/2026,17:39,5,Follow up,
V05272,BDM004,Ashok Kumar,OA0269,Amman Cellpoint,05/06/2026,13:26,30,Follow up,shop closed
V05273,BDM004,Ashok Kumar,OA0149,New Star Telecom,16/05/2026,15:14,,routine,
V05274,BDM010,Praveen K,OA0717,Poorvika Traders,14/07/2026,11:25,12,Routine visit,
V05275,BDM003,Vetri S,OA0416,Devi Agencies,05/07/2026,14:31,45,Complaint,
V05276,BDM010,Praveen K,OA0496,Saravana Communications,13/07/2026,13:09,20,routine,discussed scheme
V05277,BDM005,Dhanush P,OA0672,Saravana Cellpoint,16/06/2026,13:25,25,Stock check,display not as per norms
V05278,BDM008,Sathya N,OA0472,Big C Gadgets,25/05/2026,11:31,25,Order,
V05279,BDM010,Praveen K,OA0435,Muthu Mobile,26/06/2026,12:02,,Complaint,
V05280,BDM010,Praveen K,OA0703,Thangam Telecom,04/07/2026,13:06,12,Stock check,shop closed
V05281,BDM005,Dhanush P,OA0150,Universal Communications,20/05/2026,13:57,5,Routine visit,display not as per norms
V05282,BDM004,Ashok Kumar,OA0777,City Communications,2026-06-10,10:08,45,Follow up,collection pending
V05283,BDM009,Gowtham S,OA0656,Ram Cellpoint,20/05/2026,15:52,25,Complaint,
V05284,BDM012,Yuvaraj S,OA0082,Royal Electronics,29/06/2026,12:40,20,,
V05285,BDM006,Jegan R,OA0390,Vasanth Enterprises,2026-05-23,01:12,45,Routine visit,
V05286,BDM003,Vetri S,OA0769,Sangeetha Telecom,11/07/2026,11:45,12,New onboarding,stock displayed
V05287,BDM009,Gowtham S,OA0418,Prime Digital,2026-05-16,12:32,30,New onboarding,display not as per norms
V05288,BDM004,Ashok Kumar,OA0486,Jeyam Infotech,23/06/2026,12:04,20,Routine visit,
V05289,BDM005,Dhanush P,OA0084,Galaxy Mobile,06/07/2026,12:24,8,Stock check,asked for better margin
V05290,BDM007,Mohan Raj,OA0451,Kumaran Mobiles,2026-06-20,14:00,45,Collection,collection pending
V05291,BDM004,Ashok Kumar,OA0651,iStore Digital,16/05/2026,13:03,8,Collection,stock displayed
V05292,BDM010,Praveen K,OA0090,Devi Traders,12/05/2026,12:24,30,Routine visit,
V05293,BDM007,Mohan Raj,OA0420,Saravana Mobile,10/05/2026,11:14,20,Complaint,
V05294,BDM001,Sundar R,OA0608,Devi Gadgets,2026-05-20,14:25,,Routine visit,display not as per norms
V05295,BDM009,Gowtham S,OA0397,Vasanth Traders,16/05/2026,02:14,30,followup,
V05296,BDM003,Vetri S,OA0156,Sakthi Mobiles,2026-07-13,17:08,15,Order,
V05297,BDM009,Gowtham S,OA0361,Universal Mobile,2026-05-22,10:55,30,,shop closed
V05298,BDM009,Gowtham S,OA0574,Amman Digital,08/05/2026,10:01,30,Stock check,
V05299,BDM009,Gowtham S,OA0782,City Mobiles,2026-05-30,14:06,20,,will order next week
V05300,BDM007,Mohan Raj,OA0106,Sri Krishna Mobile,2026-05-20,10:03,8,Stock check,display not as per norms
V05301,BDM004,Ashok Kumar,OA0668,Bharath Mobiles,28/05/2026,11:05,,Follow up,
V05302,BDM004,Ashok Kumar,OA0119,City Communications,03/07/2026,15:08,10,Complaint,
V05303,BDM001,Sundar R,OA0224,Selvam Electronics,19/05/2026,14:03,12,Complaint,collection pending
V05304,BDM001,Sundar R,OA0539,Ram Infotech,2026-06-24,11:24,5,routine,shop closed
V05305,BDM011,Ilango M,OA0409,Amman Mobile,2026-06-18,15:04,45,routine,asked for better margin
V05306,BDM008,Sathya N,OA0385,Ganesh Mobile,27/07/2026,14:56,12,Complaint,display not as per norms
V05307,BDM007,Mohan Raj,OA0710,Karpagam Agencies,2026-05-11,12:02,,Follow up,asked for better margin
V05308,BDM005,Dhanush P,OA0212,,2026-06-23,14:20,5,Stock check,discussed scheme
V05309,BDM008,Sathya N,OA0131,Thangam Digital,23/06/2026,12:24,5,routine,
V05310,BDM005,Dhanush P,OA0561,Muthu Cellpoint,2026-06-12,14:33,,Routine visit,
V05311,BDM004,Ashok Kumar,OA0763,Kumaran Traders,2026-07-27,13:26,5,Routine visit,
V05312,BDM001,Sundar R,OA0712,Devi Gadgets,06/05/2026,10:24,15,Order,discussed scheme
V05313,BDM003,Vetri S,OA0064,Sakthi Cellpoint,27/05/2026,13:34,,,stock displayed
V05314,BDM007,Mohan Raj,OA0127,Sangeetha Agencies,2026-06-16,13:37,8,Routine visit,will order next week
V05315,BDM001,Sundar R,OA0051,Muthu Cellpoint,07/07/2026,13:21,45,Routine visit,collection pending
V05316,BDM003,Vetri S,OA0271,Amman Telecom,2026-05-25,16:49,30,routine,
V05317,BDM009,Gowtham S,OA0209,Anandha Traders,18/06/2026,12:14,8,Collection,
V05318,BDM006,Jegan R,OA0058,New Star Telecom,10/07/2026,13:01,25,Collection,stock displayed
V05319,BDM006,Jegan R,OA0237,Jeyam Traders,2026-06-12,16:08,15,Order,
V05320,BDM002,Prakash M,OA0411,Lakshmi Digital,21/05/2026,10:38,5,Complaint,
V05321,BDM007,Mohan Raj,OA0778,Vasanth Infotech,25/07/2026,16:00,30,Routine visit,owner not available
V05322,BDM005,Dhanush P,OA0561,Muthu Cellpoint,14/07/2026,14:51,20,Stock check,
V05323,BDM011,Ilango M,OA0184,Big C Agencies,2026-07-07,11:28,12,Collection,
V05324,BDM001,Sundar R,OA0408,Galaxy Infotech,2026-05-05,15:20,10,Follow up,stock displayed
V05325,BDM007,Mohan Raj,OA0262,Muthu Enterprises,28/07/2026,13:54,12,Stock check,asked for better margin
V05326,BDM002,Prakash M,OA0457,,23/07/2026,13:11,25,routine,
V05327,BDM005,Dhanush P,OA0510,Prime Cellpoint,2026-07-14,10:10,30,Order,asked for better margin
V05328,BDM002,Prakash M,OA0585,Meenakshi Cellpoint,2026-05-22,11:00,20,Routine visit,will order next week
V05329,BDM006,Jegan R,OA0542,Kumaran Traders,16/07/2026,12:31,12,,asked for better margin
V05330,BDM006,Jegan R,OA0392,,29/06/2026,12:47,25,routine,
V05331,BDM003,Vetri S,OA0050,Big C Electronics,15/06/2026,15:27,,Collection,stock displayed
V05332,BDM007,Mohan Raj,OA0180,Vinayaga Telecom,10/05/2026,11:44,15,routine,
V05333,BDM001,Sundar R,OA0408,Galaxy Infotech,2026-06-09,12:23,30,Stock check,
V05334,BDM012,Yuvaraj S,OA0770,Sri Krishna Agencies,26/07/2026,10:31,5,routine,owner not available
V05335,BDM001,Sundar R,OA0455,Ram Mobiles,2026-07-30,10:52,,Stock check,shop closed
V05336,BDM003,Vetri S,OA0723,Lakshmi Communications,2026-06-29,11:07,10,New onboarding,stock displayed
V05337,BDM011,Ilango M,OA0412,Big C Enterprises,2026-07-29,11:55,8,Order,discussed scheme
V05338,BDM006,Jegan R,OA0536,Bharath Traders,03/07/2026,10:08,12,Complaint,
V05339,BDM011,Ilango M,OA0781,City Gadgets,05/06/2026,10:32,8,Routine visit,shop closed
V05340,BDM010,Praveen K,OA0325,Meenakshi Telecom,08/05/2026,12:24,12,followup,
V05341,BDM007,Mohan Raj,OA0776,Sri Krishna Cellpoint,19/05/2026,11:59,,Order,stock displayed
V05342,BDM007,Mohan Raj,OA0231,Lakshmi Gadgets,07/05/2026,10:22,8,Collection,
V05343,BDM011,Ilango M,OA0397,Vasanth Traders,03/07/2026,11:00,25,Routine visit,discussed scheme
V05344,BDM001,Sundar R,OA0743,Sri Balaji Traders,20/05/2026,11:28,30,Routine visit,
V05345,BDM010,Praveen K,OA0402,Kumaran Digital,30/06/2026,11:19,8,Routine visit,asked for better margin
V05346,BDM001,Sundar R,OA0455,Ram Mobiles,11/07/2026,13:18,5,Order,
V05347,BDM001,Sundar R,OA0214,Sri Krishna Telecom,2026-05-19,10:15,,Follow up,owner not available
V05348,BDM011,Ilango M,OA0661,Devi Cellpoint,15/07/2026,12:14,20,Complaint,
V05349,BDM004,Ashok Kumar,OA0745,Thangam Telecom,12/05/2026,11:09,5,Collection,shop closed
V05350,BDM005,Dhanush P,OA0330,Chennai Silks Infotech,09/07/2026,13:13,5,followup,
V05351,BDM003,Vetri S,OA0809,Mobile World Cellpoint,2026-05-23,13:27,15,Stock check,
V05352,BDM012,Yuvaraj S,OA0316,Saravana Cellpoint,23/05/2026,10:51,10,followup,stock displayed
V05353,BDM005,Dhanush P,OA0450,Sangeetha Enterprises,27/05/2026,12:16,,Complaint,
V05354,BDM011,Ilango M,OA0094,Vinayaga Mobiles,12/06/2026,15:36,12,New onboarding,will order next week
V05355,BDM012,Yuvaraj S,OA0729,Amman Gadgets,24/06/2026,12:51,15,Complaint,discussed scheme
V05356,BDM003,Vetri S,OA0201,Sakthi Mobile,2026-07-29,13:40,,routine,
V05357,BDM007,Mohan Raj,OA0127,Sangeetha Agencies,11/05/2026,12:35,,Order,asked for better margin
V05358,BDM010,Praveen K,OA0348,Poorvika Mobile,01/07/2026,11:31,15,Stock check,
V05359,BDM003,Vetri S,OA0190,Sangeetha Agencies,02/05/2026,11:35,5,,asked for better margin
V05360,BDM008,Sathya N,OA0584,iStore Electronics,2026-07-22,10:15,,Follow up,display not as per norms
V05361,BDM011,Ilango M,OA0409,Amman Mobile,16/06/2026,11:53,15,,
V05362,BDM004,Ashok Kumar,OA0521,Meenakshi Mobile,21/05/2026,12:29,30,Follow up,stock displayed
V05363,BDM002,Prakash M,OA0294,Sri Balaji Infotech,16/07/2026,12:21,15,,discussed scheme
V05364,BDM011,Ilango M,OA0778,Vasanth Infotech,2026-05-13,14:51,10,Order,
V05365,BDM006,Jegan R,OA0734,Lakshmi Traders,12/06/2026,15:18,5,Collection,
V05366,BDM003,Vetri S,OA0315,Ganesh Enterprises,07/07/2026,14:01,12,routine,asked for better margin
V05367,BDM010,Praveen K,OA0634,Poorvika Cellpoint,19/05/2026,14:37,8,Stock check,
V05368,BDM001,Sundar R,OA0297,New Star Mobiles,2026-05-04,10:47,12,Order,stock displayed
V05369,BDM012,Yuvaraj S,OA0799,Thangam Cellpoint,06/06/2026,12:36,10,Follow up,display not as per norms
V05370,BDM005,Dhanush P,OA0465,Vasanth Electronics,12/06/2026,12:59,,Follow up,owner not available
V05371,BDM002,Prakash M,OA0151,Chennai Silks Communications,23/05/2026,12:08,10,Stock check,collection pending
V05372,BDM002,Prakash M,OA0724,New Star Communications,06/07/2026,17:09,15,followup,
V05373,BDM004,Ashok Kumar,OA0279,Sangeetha Communications,27/05/2026,14:02,,Complaint,
V05374,BDM006,Jegan R,OA0384,Bharath Mobile,2026-05-06,11:53,30,,discussed scheme
V05375,BDM005,Dhanush P,OA0394,Prime Mobile,07/05/2026,10:07,10,Follow up,will order next week
V05376,BDM012,Yuvaraj S,OA0803,Royal Enterprises - Branch,2026-07-26,14:40,8,routine,will order next week
V05377,BDM007,Mohan Raj,OA0170,Saravana Enterprises,2026-06-16,10:13,,routine,
V05378,BDM012,Yuvaraj S,OA0493,Bharath Traders,2026-07-09,10:27,15,followup,discussed scheme
V05379,BDM002,Prakash M,OA0660,Universal Mobile,24/06/2026,15:17,12,Order,
V05380,BDM011,Ilango M,OA0300,Sri Krishna Gadgets,2026-06-10,13:18,25,New onboarding,shop closed
V05381,BDM008,Sathya N,OA0771,Big C Communications,27/06/2026,12:57,10,Stock check,
V05382,BDM008,Sathya N,OA0588,Sri Balaji Electronics,2026-05-27,11:34,8,Order,display not as per norms
V05383,BDM001,Sundar R,OA0707,iStore Enterprises,2026-05-11,10:00,30,Routine visit,collection pending
V05384,BDM007,Mohan Raj,OA0253,Amman Gadgets,08/06/2026,10:27,,Stock check,
V05385,BDM007,Mohan Raj,OA0061,Sri Balaji Communications,23/07/2026,15:05,12,New onboarding,
V05386,BDM002,Prakash M,OA0267,Vasanth Communications,06/07/2026,16:05,30,Follow up,asked for better margin
V05387,BDM005,Dhanush P,OA0688,Sri Krishna Mobiles,10/06/2026,12:10,5,routine,will order next week
V05388,BDM007,Mohan Raj,OA0153,,18/07/2026,14:12,30,Complaint,owner not available
V05389,BDM001,Sundar R,OA0640,Chennai Silks Agencies,02/06/2026,13:39,5,followup,display not as per norms
V05390,BDM007,Mohan Raj,OA0012,Ram Enterprises,15/07/2026,13:57,5,Follow up,asked for better margin
V05391,BDM007,Mohan Raj,OA0787,Ram Mobiles,29/05/2026,13:58,5,Follow up,owner not available
V05392,BDM011,Ilango M,OA0759,Ram Infotech,21/05/2026,11:52,20,New onboarding,
V05393,BDM012,Yuvaraj S,OA0302,Saravana Telecom,29/07/2026,14:00,,,owner not available
V05394,BDM010,Praveen K,OA0798,Anandha Digital ,2026-05-16,13:42,5,Stock check,
V05395,BDM009,Gowtham S,OA0446,Galaxy Telecom,20/05/2026,10:40,10,Stock check,discussed scheme
V05396,BDM010,Praveen K,OA0447,Devi Enterprises,02/06/2026,13:04,20,Complaint,
V05397,BDM011,Ilango M,OA0593,New Star Digital,23/06/2026,15:08,30,Collection,shop closed
V05398,BDM010,Praveen K,OA0096,New Star Traders,2026-07-25,10:20,10,Collection,asked for better margin
V05399,BDM011,Ilango M,OA0534,Royal Traders,12/06/2026,13:18,20,Follow up,
V05400,BDM002,Prakash M,OA0460,Big C Electronics,09/07/2026,12:53,25,New onboarding,owner not available
V05401,BDM012,Yuvaraj S,OA0522,Galaxy Telecom,2026-07-27,14:36,30,Order,
V05402,BDM002,Prakash M,OA0215,Sri Krishna Electronics,12/05/2026,15:03,15,New onboarding,collection pending
V05403,BDM008,Sathya N,OA0489,Anandha Telecom,2026-07-15,12:22,8,Follow up,
V05404,BDM010,Praveen K,OA0581,Mobile World Telecom,16/05/2026,13:10,12,Follow up,
V05405,BDM007,Mohan Raj,OA0111,City Infotech,15/06/2026,11:45,45,Stock check,will order next week
V05406,BDM006,Jegan R,OA0484,Sangeetha Gadgets,2026-07-24,10:20,12,routine,
V05407,BDM011,Ilango M,OA0397,Vasanth Traders,08/05/2026,13:00,,Routine visit,
V05408,BDM003,Vetri S,OA0228,,06/05/2026,15:17,,,shop closed
V05409,BDM002,Prakash M,OA0765,Amman Cellpoint,2026-05-28,12:24,,followup,asked for better margin
V05410,BDM005,Dhanush P,OA0021,Ram Cellpoint,2026-07-11,11:08,15,Stock check,
V05411,BDM004,Ashok Kumar,OA0732,Selvam Agencies,2026-06-02,12:18,12,followup,asked for better margin
V05412,BDM010,Praveen K,OA0375,,2026-05-27,10:32,12,,
V05413,BDM007,Mohan Raj,OA0526,Galaxy Cellpoint,2026-05-19,10:21,15,Order,owner not available
V05414,BDM011,Ilango M,OA0024,Amman Electronics,25/06/2026,12:34,12,Complaint,stock displayed
V05415,BDM009,Gowtham S,OA0789,Modern Cellpoint,23/06/2026,17:09,20,Collection,collection pending
V05416,BDM005,Dhanush P,OA0031,City Mobile,2026-05-16,13:41,8,Complaint,
V05417,BDM002,Prakash M,OA0531,Prime Cellpoint,2026-06-22,17:03,20,Follow up,shop closed
V05418,BDM005,Dhanush P,OA0088,Saravana Telecom,16/05/2026,11:50,30,,
V05419,BDM003,Vetri S,OA0476,Anandha Telecom,2026-06-25,12:54,5,followup,display not as per norms
V05420,BDM004,Ashok Kumar,OA0626,Galaxy Cellpoint,09/07/2026,12:16,20,Collection,
V05421,BDM001,Sundar R,OA0608,Devi Gadgets,08/05/2026,12:07,45,Routine visit,shop closed
V05422,BDM011,Ilango M,OA0565,Ram Traders,2026-06-04,10:32,,Stock check,display not as per norms
V05423,BDM007,Mohan Raj,OA0395,Thangam Infotech,21/05/2026,13:40,30,followup,stock displayed
V05424,BDM001,Sundar R,OA0421,Meenakshi Enterprises,16/07/2026,12:34,10,Order,stock displayed
V05425,BDM012,Yuvaraj S,OA0709,New Star Mobile,27/06/2026,13:20,20,New onboarding,
V05426,BDM001,Sundar R,OA0234,Big C Infotech,2026-06-08,12:03,45,Routine visit,
V05427,BDM012,Yuvaraj S,OA0576,Lakshmi Digital,2026-07-02,12:32,20,Routine visit,collection pending
V05428,BDM011,Ilango M,OA0598,Devi Gadgets,16/07/2026,10:30,20,Order,will order next week
V05429,BDM003,Vetri S,OA0288,Modern Telecom,22/07/2026,13:33,45,New onboarding,shop closed
V05430,BDM008,Sathya N,OA0501,Big C Cellpoint,15/05/2026,10:00,45,Complaint,shop closed
V05431,BDM010,Praveen K,OA0581,Mobile World Telecom,18/07/2026,15:51,10,New onboarding,discussed scheme
V05432,BDM011,Ilango M,OA0619,Muthu Infotech,2026-07-25,14:25,8,routine,
V05433,BDM012,Yuvaraj S,OA0550,Galaxy Mobile,25/05/2026,17:11,20,Complaint,display not as per norms
V05434,BDM011,Ilango M,OA0022,Chennai Silks Mobiles,2026-05-23,14:00,25,Routine visit,will order next week
V05435,BDM007,Mohan Raj,OA0305,iStore Telecom,2026-07-14,15:13,20,Order,shop closed
V05436,BDM010,Praveen K,OA0321,Vasanth Enterprises,11/05/2026,11:46,10,Collection,shop closed
V05437,BDM007,Mohan Raj,OA0441,Bharath Enterprises,11/07/2026,10:13,8,followup,
V05438,BDM007,Mohan Raj,OA0153,Galaxy Infotech,13/07/2026,10:41,12,followup,
V05439,BDM006,Jegan R,OA0453,Sri Krishna Digital,24/07/2026,12:27,25,New onboarding,
V05440,BDM005,Dhanush P,OA0318,Ram Gadgets,28/07/2026,11:48,45,New onboarding,discussed scheme
V05441,BDM012,Yuvaraj S,OA0522,Galaxy Telecom,2026-05-23,11:16,20,Follow up,
V05442,BDM005,Dhanush P,OA0559,Karpagam Cellpoint,25/06/2026,15:02,45,,
V05443,BDM001,Sundar R,OA0608,Devi Gadgets,03/07/2026,11:52,8,New onboarding,display not as per norms
V05444,BDM008,Sathya N,OA0514,Jeyam Digital,2026-05-06,13:06,5,Stock check,display not as per norms
V05445,BDM001,Sundar R,OA0791,Modern Telecom,13/07/2026,15:04,20,Order,
V05446,BDM004,Ashok Kumar,OA0679,Vasanth Gadgets,2026-07-21,13:13,15,Stock check,stock displayed
V05447,BDM002,Prakash M,OA0353,New Star Agencies,03/06/2026,13:01,10,routine,display not as per norms
V05448,BDM005,Dhanush P,OA0069,Mobile World Infotech,08/06/2026,13:59,,Routine visit,
V05449,BDM006,Jegan R,OA0166,Big C Infotech,24/07/2026,16:00,15,New onboarding,will order next week
V05450,BDM002,Prakash M,OA0411,Lakshmi Digital,14/05/2026,13:38,5,routine,stock displayed
V05451,BDM007,Mohan Raj,OA0428,Ganesh Communications,24/06/2026,11:10,20,followup,asked for better margin
V05452,BDM012,Yuvaraj S,OA0639,Mobile World Gadgets,20/06/2026,10:07,8,,discussed scheme
V05453,BDM004,Ashok Kumar,OA0249,Lakshmi Mobile,13/07/2026,12:13,,Routine visit,
V05454,BDM006,Jegan R,OA0332,Sri Krishna Gadgets,12/05/2026,10:55,30,,will order next week
V05455,BDM004,Ashok Kumar,OA0732,Selvam Agencies,13/05/2026,13:51,20,New onboarding,
V05456,BDM006,Jegan R,OA0448,Devi Enterprises,09/06/2026,12:45,20,routine,
V05457,BDM009,Gowtham S,OA0386,Prime Mobiles,18/06/2026,14:43,30,Routine visit,
V05458,BDM003,Vetri S,OA0786,Vasanth Electronics,13/05/2026,16:52,45,,
V05459,BDM002,Prakash M,OA0705,Bharath Agencies,30/05/2026,13:16,10,Stock check,
V05460,BDM003,Vetri S,OA0142,Bharath Agencies,2026-07-18,11:51,8,New onboarding,discussed scheme
V05461,BDM012,Yuvaraj S,OA0026,Meenakshi Infotech,13/07/2026,10:31,,Follow up,
V05462,BDM010,Praveen K,OA0435,Muthu Mobile,2026-05-08,15:04,20,Stock check,collection pending
V05463,BDM009,Gowtham S,OA0424,Sri Krishna Cellpoint,03/05/2026,12:11,20,Follow up,shop closed
V05464,BDM010,Praveen K,OA0100,Ram Agencies,23/05/2026,15:13,8,Collection,
V05465,BDM007,Mohan Raj,OA0127,Sangeetha Agencies,19/06/2026,12:02,20,Collection,
V05466,BDM003,Vetri S,OA0769,Sangeetha Telecom,29/07/2026,10:38,30,routine,stock displayed
V05467,BDM008,Sathya N,OA0527,Devi Mobile,29/05/2026,13:52,5,Routine visit,stock displayed
V05468,BDM007,Mohan Raj,OA0746,Poorvika Mobiles,2026-05-22,10:20,,Routine visit,display not as per norms
V05469,BDM001,Sundar R,OA0760,Sakthi Infotech,11/07/2026,13:48,,Collection,asked for better margin
V05470,BDM005,Dhanush P,OA0393,Sangeetha Electronics,18/05/2026,14:54,5,Stock check,will order next week
V05471,BDM006,Jegan R,OA0332,,2026-07-25,10:00,20,Complaint,
V05472,BDM012,Yuvaraj S,OA0252,Saravana Gadgets,2026-05-05,12:35,5,Stock check,
V05473,BDM004,Ashok Kumar,OA0685,Selvam Gadgets,03/07/2026,10:21,45,,discussed scheme
V05474,BDM012,Yuvaraj S,OA0550,Galaxy Mobile,2026-05-19,14:41,5,Order,stock displayed
V05475,BDM004,Ashok Kumar,OA0490,Amman Mobiles,2026-05-08,13:36,30,Routine visit,discussed scheme
V05476,BDM002,Prakash M,OA0592,iStore Electronics,2026-05-30,10:10,45,followup,asked for better margin
V05477,BDM010,Praveen K,OA0284,Anandha Digital,25/05/2026,10:12,25,followup,
V05478,BDM006,Jegan R,OA0536,Bharath Traders,20/06/2026,13:08,25,Complaint,
V05479,BDM003,Vetri S,OA0532,City Communications,20/07/2026,12:55,20,Follow up,shop closed
V05480,BDM002,Prakash M,OA0667,Bharath Communications,30/07/2026,11:24,10,Collection,asked for better margin
V05481,BDM006,Jegan R,OA0658,Thangam Traders,11/06/2026,10:09,20,,collection pending
V05482,BDM004,Ashok Kumar,OA0346,Amman Communications,20/05/2026,17:14,25,Routine visit,
V05483,BDM004,Ashok Kumar,OA0490,Amman Mobiles,2026-07-02,11:25,,Complaint,asked for better margin
V05484,BDM009,Gowtham S,OA0086,New Star Gadgets,03/07/2026,10:50,,Routine visit,discussed scheme
V05485,BDM008,Sathya N,OA0169,Meenakshi Traders,28/06/2026,13:00,20,Routine visit,discussed scheme
V05486,BDM004,Ashok Kumar,OA0066,Universal Traders,2026-07-25,10:21,5,Stock check,stock displayed
V05487,BDM002,Prakash M,OA0422,Anandha Agencies,2026-07-24,12:13,,Order,
V05488,BDM004,Ashok Kumar,OA0363,Saravana Mobiles,24/05/2026,10:22,10,followup,stock displayed
V05489,BDM009,Gowtham S,OA0067,Galaxy Traders,26/06/2026,10:29,25,,discussed scheme
V05490,BDM009,Gowtham S,OA0549,Royal Gadgets,10/05/2026,13:00,20,Routine visit,display not as per norms
V05491,BDM008,Sathya N,OA0747,Jeyam Communications,19/05/2026,10:28,45,Collection,shop closed
V05492,BDM001,Sundar R,OA0326,Selvam Communications,02/07/2026,11:24,20,Collection,discussed scheme
V05493,BDM004,Ashok Kumar,OA0019,Poorvika Gadgets,27/07/2026,10:04,12,New onboarding,
V05494,BDM008,Sathya N,OA0030,Big C Mobile,06/06/2026,14:33,20,Follow up,
V05495,BDM005,Dhanush P,OA0559,Karpagam Cellpoint,16/05/2026,12:54,12,Complaint,asked for better margin
V05496,BDM004,Ashok Kumar,OA0475,Ganesh Infotech,2026-07-03,10:57,,Order,display not as per norms
V05497,BDM012,Yuvaraj S,OA0208,Universal Mobile,27/07/2026,12:27,15,New onboarding,asked for better margin
V05498,BDM012,Yuvaraj S,OA0733,New Star Mobile,06/07/2026,14:53,5,New onboarding,stock displayed
V05499,BDM005,Dhanush P,OA0203,Karpagam Traders,15/05/2026,11:32,25,Collection,
V05500,BDM001,Sundar R,OA0055,Saravana Digital,27/07/2026,13:06,45,,collection pending
V05501,BDM011,Ilango M,OA0621,Mobile World Enterprises,02/07/2026,13:49,10,routine,
V05502,BDM012,Yuvaraj S,OA0121,Devi Digital,19/06/2026,10:19,30,routine,will order next week
V05503,BDM012,Yuvaraj S,OA0026,Meenakshi Infotech,08/05/2026,15:40,20,New onboarding,
V05504,BDM004,Ashok Kumar,OA0716,Anandha Communications,15/06/2026,12:13,12,Stock check,discussed scheme
V05505,BDM006,Jegan R,OA0649,Prime Mobile,08/05/2026,13:16,25,,asked for better margin
V05506,BDM006,Jegan R,OA0649,Prime Mobile,14/05/2026,12:49,5,Routine visit,
V05507,BDM003,Vetri S,OA0198,Devi Mobile,08/07/2026,11:43,12,Routine visit,discussed scheme
V05508,BDM002,Prakash M,OA0431,Amman Communications,2026-07-29,11:23,8,Collection,discussed scheme
V05509,BDM003,Vetri S,OA0557,Modern Mobiles,15/06/2026,11:14,20,Stock check,display not as per norms
V05510,BDM003,Vetri S,OA0578,Sri Krishna Cellpoint,2026-07-03,12:56,,Stock check,
V05511,BDM009,Gowtham S,OA0479,Vasanth Cellpoint,22/05/2026,14:24,10,Routine visit,collection pending
V05512,BDM002,Prakash M,OA0378,Universal Telecom,15/07/2026,14:32,10,Collection,discussed scheme
V05513,BDM010,Praveen K,OA0638,Royal Enterprises,21/05/2026,14:35,15,Follow up,asked for better margin
V05514,BDM010,Praveen K,OA0375,,2026-06-23,15:34,30,Order,
V05515,BDM001,Sundar R,OA0041,Poorvika Infotech,2026-05-21,14:52,25,routine,asked for better margin
V05516,BDM012,Yuvaraj S,OA0527,Devi Mobile,2026-07-28,15:00,20,Routine visit,asked for better margin
V05517,BDM009,Gowtham S,OA0132,Big C Agencies,2026-07-18,12:11,45,followup,shop closed
V05518,BDM002,Prakash M,OA0657,City Cellpoint,2026-07-03,10:12,,routine,
V05519,BDM007,Mohan Raj,OA0037,Karpagam Infotech,2026-07-30,11:28,45,New onboarding,
V05520,BDM008,Sathya N,OA0017,Mobile World Infotech,2026-06-09,13:00,25,Collection,stock displayed
V05521,BDM012,Yuvaraj S,OA0589,Sakthi Electronics,2026-06-10,13:09,5,Collection,shop closed
V05522,BDM011,Ilango M,OA0671,Vasanth Traders,05/06/2026,13:04,25,New onboarding,stock displayed
V05523,BDM003,Vetri S,OA0333,City Communications,11/06/2026,10:19,5,Complaint,will order next week
V05524,BDM002,Prakash M,OA0552,Poorvika Mobile,2026-07-15,15:19,,Routine visit,shop closed
V05525,BDM011,Ilango M,OA0621,Mobile World Enterprises,19/06/2026,11:31,10,followup,
V05526,BDM007,Mohan Raj,OA0027,Universal Cellpoint,28/05/2026,14:47,30,Routine visit,shop closed
V05527,BDM005,Dhanush P,OA0248,Big C Telecom,02/05/2026,11:05,45,routine,will order next week
V05528,BDM009,Gowtham S,OA0404,Saravana Gadgets,2026-06-10,10:00,25,Routine visit,
V05529,BDM006,Jegan R,OA0734,Lakshmi Traders,2026-07-03,12:33,10,followup,owner not available
V05530,BDM002,Prakash M,OA0204,Sangeetha Mobiles,09/07/2026,16:18,,Stock check,
V05531,BDM009,Gowtham S,OA0366,Jeyam Agencies,2026-07-11,11:21,5,routine,
V05532,BDM003,Vetri S,OA0074,Poorvika Cellpoint,13/05/2026,11:17,,,
V05533,BDM004,Ashok Kumar,OA0681,Lakshmi Agencies,28/05/2026,15:34,5,Collection,
V05534,BDM001,Sundar R,OA0640,,09/05/2026,11:56,,followup,shop closed
V05535,BDM004,Ashok Kumar,OA0615,Selvam Electronics,28/07/2026,15:13,20,,collection pending
V05536,BDM002,Prakash M,OA0663,New Star Agencies,09/06/2026,01:26,,Follow up,owner not available
V05537,BDM012,Yuvaraj S,OA0616,,25/05/2026,17:01,20,Stock check,
V05538,BDM011,Ilango M,OA0218,Meenakshi Communications,03/07/2026,13:51,25,Stock check,owner not available
V05539,BDM003,Vetri S,OA0750,Vasanth Cellpoint,2026-05-25,12:09,10,Order,
V05540,BDM007,Mohan Raj,OA0419,New Star Telecom,14/07/2026,15:11,30,New onboarding,owner not available
V05541,BDM011,Ilango M,OA0653,,08/05/2026,12:42,20,Order,
V05542,BDM003,Vetri S,OA0288,Modern Telecom,29/05/2026,10:20,25,,shop closed
V05543,BDM012,Yuvaraj S,OA0114,Selvam Electronics,2026-06-06,15:54,15,,collection pending
V05544,BDM002,Prakash M,OA0422,Anandha Agencies,04/06/2026,10:16,,Complaint,stock displayed
V05545,BDM002,Prakash M,OA0162,Ram Mobile,2026-05-13,12:32,30,Routine visit,
V05546,BDM009,Gowtham S,OA0366,Jeyam Agencies,2026-07-25,13:43,12,followup,asked for better margin
V05547,BDM003,Vetri S,OA0222,Karpagam Cellpoint,06/05/2026,13:45,8,Collection,collection pending
V05548,BDM010,Praveen K,OA0491,Royal Communications,03/06/2026,16:00,5,Follow up,
V05549,BDM008,Sathya N,OA0220,Chennai Silks Enterprises,2026-07-20,11:13,8,Stock check,asked for better margin
V05550,BDM004,Ashok Kumar,OA0019,,13/05/2026,13:10,30,followup,
V05551,BDM007,Mohan Raj,OA0451,Kumaran Mobiles,12/06/2026,13:12,8,followup,shop closed
V05552,BDM009,Gowtham S,OA0067,Galaxy Traders,22/05/2026,10:10,30,Stock check,collection pending
V05553,BDM008,Sathya N,OA0241,Muthu Digital,14/07/2026,23:22,45,Follow up,
V05554,BDM009,Gowtham S,OA0656,Ram Cellpoint,2026-05-09,14:00,12,,
V05555,BDM008,Sathya N,OA0472,Big C Gadgets,30/05/2026,10:38,45,,discussed scheme
V05556,BDM008,Sathya N,OA0236,Galaxy Mobiles,02/07/2026,13:59,8,routine,owner not available
V05557,BDM003,Vetri S,OA0505,Meenakshi Mobiles,06/07/2026,11:42,10,Follow up,
V05558,BDM003,Vetri S,OA0222,Karpagam Cellpoint,30/05/2026,10:22,10,routine,stock displayed
V05559,BDM012,Yuvaraj S,OA0639,Mobile World Gadgets,2026-06-26,10:28,45,followup,
V05560,BDM011,Ilango M,OA0504,Karpagam Traders,27/05/2026,10:27,45,Complaint,owner not available
V05561,BDM005,Dhanush P,OA0693,Poorvika Agencies,2026-07-18,12:49,30,,asked for better margin
V05562,BDM007,Mohan Raj,OA0441,Bharath Enterprises,10/06/2026,10:17,30,routine,stock displayed
V05563,BDM010,Praveen K,OA0524,Vasanth Electronics,10/07/2026,13:59,12,Routine visit,
V05564,BDM006,Jegan R,OA0542,Kumaran Traders,16/07/2026,13:06,15,routine,
V05565,BDM011,Ilango M,OA0555,Big C Infotech,2026-07-27,11:21,,followup,
V05566,BDM012,Yuvaraj S,OA0181,Mobile World Telecom,10/06/2026,11:23,30,Order,collection pending
V05567,BDM012,Yuvaraj S,OA0792,Devi Mobile,2026-07-04,11:21,15,Stock check,shop closed
V05568,BDM002,Prakash M,OA0660,Universal Mobile,2026-07-12,15:42,,Follow up,display not as per norms
V05569,BDM003,Vetri S,OA0188,Muthu Cellpoint,04/06/2026,12:52,10,Stock check,discussed scheme
V05570,BDM006,Jegan R,OA0091,Bharath Mobile,14/05/2026,13:42,25,Order,discussed scheme
V05571,BDM011,Ilango M,OA0346,Amman Communications,18/06/2026,13:00,25,Routine visit,collection pending
V05572,BDM008,Sathya N,OA0143,Chennai Silks Communications,29/07/2026,13:52,45,Stock check,shop closed
V05573,BDM009,Gowtham S,OA0418,Prime Digital,2026-07-01,11:09,30,,
V05574,BDM008,Sathya N,OA0120,City Gadgets,26/05/2026,11:24,30,New onboarding,discussed scheme
V05575,BDM005,Dhanush P,OA0573,Muthu Communications,2026-05-09,13:50,30,New onboarding,
V05576,BDM010,Praveen K,OA0806,Modern Communications ,30/07/2026,13:37,,Collection,discussed scheme
V05577,BDM011,Ilango M,OA0022,Chennai Silks Mobiles,2026-06-06,14:00,30,Routine visit,collection pending
V05578,BDM009,Gowtham S,OA0254,Vinayaga Infotech,20/06/2026,11:57,45,Complaint,stock displayed
V05579,BDM010,Praveen K,OA0210,Mobile World Enterprises,25/05/2026,13:57,25,Order,discussed scheme
V05580,BDM003,Vetri S,OA0610,Vasanth Gadgets,2026-06-09,14:56,30,New onboarding,owner not available
V05581,BDM009,Gowtham S,OA0344,Galaxy Electronics,09/07/2026,11:38,12,,collection pending
V05582,BDM006,Jegan R,OA0611,Royal Traders,2026-06-05,10:15,25,followup,asked for better margin
V05583,BDM010,Praveen K,OA0380,Modern Traders,16/07/2026,14:14,20,,owner not available
V05584,BDM012,Yuvaraj S,OA0208,Universal Mobile,18/05/2026,10:57,8,Order,will order next week
V05585,BDM005,Dhanush P,OA0450,Sangeetha Enterprises,08/06/2026,14:46,,New onboarding,stock displayed
V05586,BDM011,Ilango M,OA0598,Devi Gadgets,2026-06-10,16:48,,Collection,
V05587,BDM004,Ashok Kumar,OA0490,Amman Mobiles,20/05/2026,12:00,,,asked for better margin
V05588,BDM003,Vetri S,OA0430,Amman Digital,29/06/2026,10:11,25,Complaint,
V05589,BDM001,Sundar R,OA0570,New Star Infotech,2026-07-03,16:24,10,Collection,
V05590,BDM001,Sundar R,OA0707,iStore Enterprises,2026-06-29,12:00,20,Routine visit,owner not available
V05591,BDM009,Gowtham S,OA0595,Sangeetha Cellpoint,2026-06-05,11:35,20,New onboarding,
V05592,BDM006,Jegan R,OA0439,Sakthi Enterprises,2026-06-04,13:20,10,Order,display not as per norms
V05593,BDM008,Sathya N,OA0424,Sri Krishna Cellpoint,25/05/2026,14:24,,,discussed scheme
V05594,BDM007,Mohan Raj,OA0686,,2026-05-29,11:51,,Follow up,
V05595,BDM009,Gowtham S,OA0005,Meenakshi Agencies,19/05/2026,10:04,,Complaint,discussed scheme
V05596,BDM011,Ilango M,OA0730,Saravana Communications,14/07/2026,10:00,,Routine visit,shop closed
V05597,BDM008,Sathya N,OA0692,Sri Balaji Infotech,05/06/2026,13:44,5,Order,stock displayed
V05598,BDM006,Jegan R,OA0662,Vinayaga Mobile,06/05/2026,10:23,12,Follow up,
V05599,BDM010,Praveen K,OA0404,Saravana Gadgets,2026-06-01,10:57,25,Follow up,display not as per norms
V05600,BDM002,Prakash M,OA0474,Mobile World Electronics,20/07/2026,13:09,30,routine,collection pending
V05601,BDM012,Yuvaraj S,OA0293,Mobile World Gadgets,30/05/2026,11:57,30,Order,
V05602,BDM011,Ilango M,OA0397,Vasanth Traders,22/05/2026,15:00,,Routine visit,will order next week
V05603,BDM009,Gowtham S,OA0404,Saravana Gadgets,01/07/2026,17:00,25,Routine visit,discussed scheme
V05604,BDM007,Mohan Raj,OA0111,City Infotech,02/06/2026,11:16,15,,stock displayed
V05605,BDM009,Gowtham S,OA0714,Karpagam Digital,2026-07-22,10:37,,Follow up,
V05606,BDM001,Sundar R,OA0618,City Telecom,27/07/2026,11:26,,Routine visit,collection pending
V05607,BDM002,Prakash M,OA0215,Sri Krishna Electronics,09/07/2026,15:17,20,routine,
V05608,BDM008,Sathya N,OA0196,Universal Gadgets,2026-05-18,13:20,20,Routine visit,display not as per norms
V05609,BDM012,Yuvaraj S,OA0417,Muthu Enterprises,19/05/2026,13:35,15,Complaint,
V05610,BDM005,Dhanush P,OA0688,Sri Krishna Mobiles,11/05/2026,12:36,8,Order,shop closed
V05611,BDM003,Vetri S,OA0813,Sakthi Electronics - Branch,28/07/2026,10:39,5,Collection,
V05612,BDM001,Sundar R,OA0613,Devi Infotech,02/06/2026,14:57,25,Follow up,display not as per norms
V05613,BDM012,Yuvaraj S,OA0207,Muthu Telecom,16/05/2026,10:33,,Collection,
V05614,BDM012,Yuvaraj S,OA0442,Big C Telecom,2026-06-14,11:44,30,,display not as per norms
V05615,BDM004,Ashok Kumar,OA0292,Saravana Digital,12/06/2026,15:13,12,followup,
V05616,BDM009,Gowtham S,OA0344,Galaxy Electronics,11/05/2026,10:40,,Complaint,display not as per norms
V05617,BDM005,Dhanush P,OA0015,Saravana Gadgets,11/07/2026,11:19,15,Collection,discussed scheme
V05618,BDM004,Ashok Kumar,OA0475,Ganesh Infotech,22/05/2026,16:11,30,,
V05619,BDM003,Vetri S,OA0761,Chennai Silks Gadgets,03/06/2026,13:08,,Complaint,asked for better margin
V05620,BDM004,Ashok Kumar,OA0211,Poorvika Gadgets,2026-05-02,12:27,,Follow up,asked for better margin
V05621,BDM005,Dhanush P,OA0177,Thangam Mobiles,02/06/2026,11:21,,New onboarding,will order next week
V05622,BDM010,Praveen K,OA0643,Sri Krishna Communications,13/06/2026,11:16,15,Collection,shop closed
V05623,BDM005,Dhanush P,OA0095,iStore Traders,21/05/2026,11:03,,Stock check,asked for better margin
V05624,BDM012,Yuvaraj S,OA0252,Saravana Gadgets,2026-06-12,15:11,,Complaint,collection pending
V05625,BDM008,Sathya N,OA0754,Thangam Enterprises,2026-05-09,15:57,20,New onboarding,
V05626,BDM002,Prakash M,OA0294,,21/05/2026,13:50,45,Collection,stock displayed
V05627,BDM005,Dhanush P,OA0757,Universal Enterprises,27/07/2026,14:16,15,,
V05628,BDM004,Ashok Kumar,OA0716,Anandha Communications,28/07/2026,15:55,8,Routine visit,
V05629,BDM009,Gowtham S,OA0086,New Star Gadgets,2026-06-13,11:06,12,Follow up,
V05630,BDM008,Sathya N,OA0665,Muthu Enterprises,07/07/2026,11:09,5,New onboarding,stock displayed
V05631,BDM008,Sathya N,OA0023,Thangam Traders,28/05/2026,14:08,45,Follow up,stock displayed
V05632,BDM009,Gowtham S,OA0251,Thangam Infotech,05/05/2026,13:49,5,,
V05633,BDM012,Yuvaraj S,OA0417,Muthu Enterprises,13/07/2026,11:06,5,Follow up,asked for better margin
V05634,BDM011,Ilango M,OA0730,Saravana Communications,30/06/2026,14:00,30,Routine visit,discussed scheme
V05635,BDM010,Praveen K,OA0697,Modern Cellpoint,12/06/2026,11:13,30,routine,
V05636,BDM008,Sathya N,OA0020,Jeyam Agencies,23/07/2026,11:11,45,Routine visit,owner not available
V05637,BDM004,Ashok Kumar,OA0279,Sangeetha Communications,18/06/2026,15:29,5,Order,discussed scheme
V05638,BDM003,Vetri S,OA0680,Karpagam Mobiles,2026-05-13,14:51,45,routine,owner not available
V05639,BDM009,Gowtham S,OA0291,Big C Mobiles,10/05/2026,14:25,45,New onboarding,
V05640,BDM002,Prakash M,OA0498,Sangeetha Cellpoint,12/05/2026,15:08,30,,asked for better margin
V05641,BDM001,Sundar R,OA0065,Anandha Traders,10/06/2026,15:02,30,routine,
V05642,BDM011,Ilango M,OA0560,Sri Krishna Communications,10/06/2026,10:30,15,New onboarding,will order next week
V05643,BDM005,Dhanush P,OA0561,Muthu Cellpoint,29/07/2026,13:01,12,routine,
V05644,BDM006,Jegan R,OA0390,Vasanth Enterprises,05/06/2026,10:53,45,Collection,
V05645,BDM003,Vetri S,OA0002,Sakthi Telecom,2026-06-24,11:53,8,Follow up,
V05646,BDM009,Gowtham S,OA0458,Saravana Agencies,02/07/2026,12:11,8,followup,
V05647,BDM002,Prakash M,OA0758,Prime Mobile,08/07/2026,14:16,25,Stock check,
V05648,BDM008,Sathya N,OA0230,Ram Digital,2026-07-26,11:45,8,Complaint,owner not available
V05649,BDM008,Sathya N,OA0272,,2026-06-19,12:34,30,New onboarding,
V05650,BDM006,Jegan R,OA0586,Lakshmi Infotech,28/06/2026,16:14,5,Collection,
V05651,BDM008,Sathya N,OA0113,Sakthi Infotech,29/06/2026,10:35,12,Collection,asked for better margin
V05652,BDM008,Sathya N,OA0108,Anandha Mobiles,30/05/2026,13:16,20,Order,
V05653,BDM011,Ilango M,OA0102,Thangam Enterprises,25/05/2026,14:41,12,followup,
V05654,BDM007,Mohan Raj,OA0516,Meenakshi Agencies,2026-06-23,12:08,25,Order,display not as per norms
V05655,BDM004,Ashok Kumar,OA0137,Vasanth Enterprises,2026-07-04,15:16,30,New onboarding,discussed scheme
V05656,BDM011,Ilango M,OA0024,Amman Electronics,16/06/2026,13:58,15,Stock check,
V05657,BDM011,Ilango M,OA0102,Thangam Enterprises,02/06/2026,11:04,45,New onboarding,stock displayed
V05658,BDM003,Vetri S,OA0142,Bharath Agencies,2026-06-11,11:40,30,Stock check,
V05659,BDM001,Sundar R,OA0112,Karpagam Infotech,2026-07-02,12:22,45,routine,shop closed
V05660,BDM006,Jegan R,OA0439,Sakthi Enterprises,22/05/2026,10:56,,New onboarding,display not as per norms
V05661,BDM009,Gowtham S,OA0123,Muthu Mobiles,01/07/2026,10:24,10,Routine visit,
V05662,BDM009,Gowtham S,OA0232,Meenakshi Electronics,14/07/2026,15:55,10,followup,owner not available
V05663,BDM001,Sundar R,OA0141,,13/05/2026,12:03,45,Follow up,will order next week
V05664,BDM004,Ashok Kumar,OA0025,Sangeetha Agencies,29/07/2026,13:23,8,Routine visit,
V05665,BDM012,Yuvaraj S,OA0770,Sri Krishna Agencies,06/07/2026,11:47,,Routine visit,display not as per norms
V05666,BDM005,Dhanush P,OA0591,City Traders,03/06/2026,10:42,30,Complaint,
V05667,BDM007,Mohan Raj,OA0312,Meenakshi Traders,01/06/2026,17:00,30,Routine visit,stock displayed
V05668,BDM004,Ashok Kumar,OA0511,Thangam Telecom,2026-06-11,13:32,15,New onboarding,
V05669,BDM003,Vetri S,OA0476,Anandha Telecom,09/06/2026,14:21,30,Routine visit,discussed scheme
V05670,BDM007,Mohan Raj,OA0535,Ram Traders,27/06/2026,14:40,15,Routine visit,owner not available
V05671,BDM011,Ilango M,OA0811,Big C Agencies ,05/06/2026,14:12,5,Follow up,collection pending
V05672,BDM003,Vetri S,OA0053,Big C Agencies,18/06/2026,15:17,5,followup,shop closed
V05673,BDM009,Gowtham S,OA0793,Ram Digital,13/07/2026,11:45,5,Stock check,
V05674,BDM007,Mohan Raj,OA0549,Royal Gadgets,21/05/2026,11:29,12,Collection,discussed scheme
V05675,BDM009,Gowtham S,OA0397,Vasanth Traders,2026-07-07,11:07,15,New onboarding,
V05676,BDM011,Ilango M,OA0795,Sri Krishna Digital,2026-07-01,11:50,15,Stock check,discussed scheme
V05677,BDM005,Dhanush P,OA0033,Sri Balaji Mobile,03/06/2026,12:35,,Follow up,
V05678,BDM009,Gowtham S,OA0344,Galaxy Electronics,26/06/2026,13:42,5,New onboarding,owner not available
V05679,BDM006,Jegan R,OA0628,Selvam Infotech,2026-07-15,14:09,15,Follow up,stock displayed
V05680,BDM008,Sathya N,OA0196,Universal Gadgets,04/05/2026,13:56,15,Order,
V05681,BDM002,Prakash M,OA0724,New Star Communications,29/05/2026,10:46,,routine,discussed scheme
V05682,BDM001,Sundar R,OA0122,Big C Digital,30/07/2026,14:01,12,,display not as per norms
V05683,BDM003,Vetri S,OA0333,City Communications,2026-06-16,12:35,25,Order,
V05684,BDM009,Gowtham S,OA0388,Galaxy Telecom,20/05/2026,12:56,10,routine,collection pending
V05685,BDM006,Jegan R,OA0469,Sri Balaji Infotech,2026-06-17,13:17,45,Routine visit,owner not available
V05686,BDM008,Sathya N,OA0230,Ram Digital,2026-07-08,12:14,30,Routine visit,will order next week
V05687,BDM005,Dhanush P,OA0554,Modern Digital,2026-06-11,12:43,12,Order,asked for better margin
V05688,BDM003,Vetri S,OA0266,Anandha Cellpoint,2026-05-20,13:20,,,discussed scheme
V05689,BDM006,Jegan R,OA0145,Ganesh Agencies,03/06/2026,13:31,15,Routine visit,stock displayed
V05690,BDM008,Sathya N,OA0590,Selvam Electronics,22/06/2026,14:15,45,Collection,
V05691,BDM009,Gowtham S,OA0199,Muthu Enterprises,08/05/2026,10:44,20,,shop closed
V05692,BDM004,Ashok Kumar,OA0575,Ganesh Gadgets,09/06/2026,12:21,8,New onboarding,display not as per norms
V05693,BDM007,Mohan Raj,OA0146,Kumaran Telecom,2026-06-23,12:38,10,Routine visit,will order next week
V05694,BDM004,Ashok Kumar,OA0211,Poorvika Gadgets,16/07/2026,13:57,45,Routine visit,
V05695,BDM009,Gowtham S,OA0257,Vinayaga Mobiles,26/05/2026,11:54,25,Routine visit,collection pending
V05696,BDM009,Gowtham S,OA0404,Saravana Gadgets,17/06/2026,10:00,25,Routine visit,stock displayed
V05697,BDM011,Ilango M,OA0630,Anandha Telecom,2026-06-07,11:41,,followup,display not as per norms
V05698,BDM005,Dhanush P,OA0318,Ram Gadgets,02/05/2026,10:20,30,routine,asked for better margin
V05699,BDM006,Jegan R,OA0469,Sri Balaji Infotech,01/05/2026,10:29,10,followup,will order next week
V05700,BDM012,Yuvaraj S,OA0792,Devi Mobile,2026-07-06,14:00,8,New onboarding,stock displayed
V05701,BDM005,Dhanush P,OA0110,Modern Traders,26/06/2026,13:32,10,Complaint,will order next week
V05702,BDM010,Praveen K,OA0602,Sangeetha Electronics,18/05/2026,14:07,45,followup,discussed scheme
V05703,BDM003,Vetri S,OA0515,New Star Infotech,19/06/2026,11:07,20,routine,shop closed
V05704,BDM009,Gowtham S,OA0657,City Cellpoint,2026-07-08,16:11,20,routine,
V05705,BDM005,Dhanush P,OA0492,Muthu Agencies,24/05/2026,13:03,30,Order,asked for better margin
V05706,BDM009,Gowtham S,OA0548,Lakshmi Gadgets,16/07/2026,10:24,15,New onboarding,stock displayed
V05707,BDM003,Vetri S,OA0601,Prime Agencies,17/07/2026,13:33,20,,
V05708,BDM010,Praveen K,OA0398,Chennai Silks Mobile,03/06/2026,17:04,15,Collection,
V05709,BDM011,Ilango M,OA0346,Amman Communications,28/05/2026,11:00,,Routine visit,
V05710,BDM004,Ashok Kumar,OA0615,Selvam Electronics,14/07/2026,10:00,20,Stock check,shop closed
V05711,BDM012,Yuvaraj S,OA0319,Sri Krishna Mobile,01/06/2026,10:25,8,followup,
V05712,BDM001,Sundar R,OA0400,Sri Balaji Traders,13/07/2026,15:11,30,,
V05713,BDM006,Jegan R,OA0299,Vinayaga Gadgets,19/07/2026,14:00,20,Stock check,shop closed
V05714,BDM006,Jegan R,OA0415,Jeyam Electronics,12/06/2026,17:01,8,Routine visit,owner not available
V05715,BDM004,Ashok Kumar,OA0545,Vasanth Agencies,2026-07-18,10:39,20,,
V05716,BDM008,Sathya N,OA0655,Muthu Communications,18/06/2026,15:18,10,Follow up,owner not available
V05717,BDM011,Ilango M,OA0781,City Gadgets,2026-07-08,16:53,45,followup,discussed scheme
V05718,BDM004,Ashok Kumar,OA0475,Ganesh Infotech,04/07/2026,11:48,8,Routine visit,
V05719,BDM005,Dhanush P,OA0696,Sakthi Cellpoint,29/06/2026,10:58,25,,
V05720,BDM003,Vetri S,OA0466,Vinayaga Communications,25/07/2026,10:53,25,routine,asked for better margin
V05721,BDM011,Ilango M,OA0598,Devi Gadgets,2026-07-06,14:00,12,routine,
V05722,BDM002,Prakash M,OA0528,Mobile World Infotech,15/05/2026,15:00,20,Follow up,owner not available
V05723,BDM004,Ashok Kumar,OA0066,Universal Traders,18/06/2026,17:01,8,Routine visit,discussed scheme
V05724,BDM006,Jegan R,OA0649,Prime Mobile,21/07/2026,15:29,25,Follow up,
V05725,BDM009,Gowtham S,OA0574,Amman Digital,24/05/2026,17:10,30,Follow up,collection pending
V05726,BDM010,Praveen K,OA0128,Prime Infotech,26/05/2026,10:55,10,Complaint,discussed scheme
V05727,BDM006,Jegan R,OA0648,Vinayaga Digital,20/07/2026,14:07,,,
V05728,BDM003,Vetri S,OA0680,Karpagam Mobiles,26/06/2026,10:54,15,Routine visit,
V05729,BDM009,Gowtham S,OA0690,Sangeetha Mobiles,12/06/2026,11:17,25,followup,
V05730,BDM005,Dhanush P,OA0722,Bharath Enterprises,09/05/2026,14:45,5,Routine visit,
V05731,BDM012,Yuvaraj S,OA0417,Muthu Enterprises,24/06/2026,10:31,45,Follow up,
V05732,BDM003,Vetri S,OA0810,Amman Cellpoint,2026-07-18,16:14,20,Stock check,
V05733,BDM004,Ashok Kumar,OA0066,Universal Traders,30/07/2026,11:10,,followup,discussed scheme
V05734,BDM006,Jegan R,OA0484,Sangeetha Gadgets,18/05/2026,10:39,8,Stock check,will order next week
V05735,BDM001,Sundar R,OA0539,Ram Infotech,29/07/2026,16:01,45,Complaint,collection pending
V05736,BDM012,Yuvaraj S,OA0742,Lakshmi Enterprises,2026-05-30,10:34,,Follow up,
V05737,BDM006,Jegan R,OA0332,Sri Krishna Gadgets,2026-06-20,10:48,10,Complaint,will order next week
V05738,BDM001,Sundar R,OA0815,BIG C INFOTECH,01/07/2026,11:47,30,Follow up,asked for better margin
V05739,BDM003,Vetri S,OA0810,Amman Cellpoint,24/06/2026,15:06,25,Order,
V05740,BDM003,Vetri S,OA0288,Modern Telecom,08/05/2026,11:41,10,,asked for better margin
V05741,BDM006,Jegan R,OA0070,Big C Digital,2026-06-06,14:25,,Routine visit,shop closed
V05742,BDM010,Praveen K,OA0538,Royal Infotech,28/06/2026,13:36,20,Follow up,
V05743,BDM005,Dhanush P,OA0647,Devi Infotech,08/07/2026,11:52,15,Stock check,collection pending
V05744,BDM003,Vetri S,OA0053,Big C Agencies,10/06/2026,10:08,25,followup,
V05745,BDM009,Gowtham S,OA0285,Sakthi Mobiles,01/07/2026,13:46,,Stock check,
V05746,BDM010,Praveen K,OA0643,Sri Krishna Communications,09/07/2026,11:12,,New onboarding,
V05747,BDM008,Sathya N,OA0030,Big C Mobile,22/05/2026,12:10,12,Collection,display not as per norms
V05748,BDM005,Dhanush P,OA0342,Selvam Telecom,18/06/2026,10:53,30,Stock check,stock displayed
V05749,BDM006,Jegan R,OA0715,Kumaran Electronics,25/06/2026,11:17,5,New onboarding,shop closed
V05750,BDM003,Vetri S,OA0532,City Communications,2026-05-04,12:31,,Stock check,stock displayed
V05751,BDM007,Mohan Raj,OA0549,Royal Gadgets,23/06/2026,11:28,30,,owner not available
V05752,BDM012,Yuvaraj S,OA0313,Chennai Silks Digital,2026-07-07,13:25,,followup,stock displayed
V05753,BDM009,Gowtham S,OA0574,Amman Digital,13/05/2026,11:41,15,Complaint,asked for better margin
V05754,BDM008,Sathya N,OA0629,Big C Traders,12/05/2026,12:03,45,routine,collection pending
V05755,BDM005,Dhanush P,OA0133,Devi Electronics,05/05/2026,11:27,12,Collection,collection pending
V05756,BDM003,Vetri S,OA0635,Kumaran Gadgets,05/06/2026,10:23,10,Order,asked for better margin
V05757,BDM004,Ashok Kumar,OA0163,Sri Krishna Communications,01/07/2026,14:08,20,routine,stock displayed
V05758,BDM011,Ilango M,OA0094,Vinayaga Mobiles,20/06/2026,10:22,8,,
V05759,BDM008,Sathya N,OA0143,Chennai Silks Communications,15/06/2026,11:04,,Stock check,discussed scheme
V05760,BDM002,Prakash M,OA0428,Ganesh Communications,11/05/2026,12:04,5,Order,asked for better margin
V05761,BDM009,Gowtham S,OA0086,New Star Gadgets,18/05/2026,13:58,10,Order,
V05762,BDM005,Dhanush P,OA0693,Poorvika Agencies,2026-07-14,13:20,30,New onboarding,
V05763,BDM008,Sathya N,OA0740,New Star Agencies,2026-05-27,14:24,45,Stock check,
V05764,BDM006,Jegan R,OA0299,Vinayaga Gadgets,2026-07-15,14:06,30,Complaint,
V05765,BDM008,Sathya N,OA0432,Ram Electronics,19/05/2026,12:12,25,,shop closed
V05766,BDM006,Jegan R,OA0658,Thangam Traders,27/05/2026,13:24,15,Routine visit,owner not available
V05767,BDM007,Mohan Raj,OA0549,Royal Gadgets,25/05/2026,14:07,45,New onboarding,
V05768,BDM010,Praveen K,OA0633,Chennai Silks Cellpoint,2026-06-04,11:47,20,Routine visit,shop closed
V05769,BDM007,Mohan Raj,OA0069,Mobile World Infotech,01/07/2026,15:00,30,Routine visit,collection pending
V05770,BDM005,Dhanush P,OA0704,Royal Infotech,24/05/2026,10:30,20,followup,owner not available
V05771,BDM007,Mohan Raj,OA0787,Ram Mobiles,08/07/2026,14:12,8,Routine visit,collection pending
V05772,BDM003,Vetri S,OA0678,Kumaran Electronics,16/06/2026,11:29,12,Follow up,
V05773,BDM009,Gowtham S,OA0603,Amman Enterprises,27/05/2026,11:53,20,followup,
V05774,BDM010,Praveen K,OA0126,iStore Electronics,2026-06-04,11:21,10,Stock check,
V05775,BDM002,Prakash M,OA0675,Jeyam Enterprises,07/05/2026,15:27,10,Follow up,display not as per norms
V05776,BDM002,Prakash M,OA0774,Meenakshi Agencies,10/06/2026,12:27,5,routine,
V05777,BDM009,Gowtham S,OA0782,City Mobiles,07/05/2026,17:09,20,Complaint,
V05778,BDM003,Vetri S,OA0064,Sakthi Cellpoint,2026-05-06,16:43,12,Follow up,collection pending
V05779,BDM002,Prakash M,OA0215,Sri Krishna Electronics,2026-05-23,13:02,30,Order,will order next week
V05780,BDM011,Ilango M,OA0022,Chennai Silks Mobiles,27/06/2026,14:00,30,Routine visit,
V05781,BDM004,Ashok Kumar,OA0066,Universal Traders,2026-06-21,10:11,10,followup,display not as per norms
V05782,BDM006,Jegan R,OA0662,Vinayaga Mobile,2026-06-20,13:43,5,Routine visit,display not as per norms
V05783,BDM009,Gowtham S,OA0013,Ganesh Digital,12/06/2026,12:43,5,Order,asked for better margin
V05784,BDM006,Jegan R,OA0247,,07/05/2026,10:54,5,followup,display not as per norms
V05785,BDM008,Sathya N,OA0164,Ganesh Electronics,20/06/2026,11:55,5,followup,will order next week
V05786,BDM007,Mohan Raj,OA0106,Sri Krishna Mobile,19/06/2026,12:52,,Complaint,shop closed
V05787,BDM012,Yuvaraj S,OA0770,Sri Krishna Agencies,13/06/2026,14:59,5,Routine visit,owner not available
V05788,BDM004,Ashok Kumar,OA0363,Saravana Mobiles,18/05/2026,10:48,12,Collection,stock displayed
V05789,BDM004,Ashok Kumar,OA0745,Thangam Telecom,25/07/2026,15:27,5,routine,
V05790,BDM006,Jegan R,OA0058,New Star Telecom,2026-06-30,16:38,15,Complaint,stock displayed
V05791,BDM009,Gowtham S,OA0386,Prime Mobiles,05/05/2026,12:53,30,,collection pending
V05792,BDM009,Gowtham S,OA0366,Jeyam Agencies,03/07/2026,14:27,,Collection,
V05793,BDM008,Sathya N,OA0272,Amman Telecom,02/07/2026,11:54,20,Collection,asked for better margin
V05794,BDM012,Yuvaraj S,OA0302,Saravana Telecom,2026-06-18,16:34,,New onboarding,
V05795,BDM003,Vetri S,OA0786,Vasanth Electronics,21/07/2026,15:48,,Collection,
V05796,BDM010,Praveen K,OA0324,Sri Balaji Traders,2026-05-15,11:20,,,
V05797,BDM002,Prakash M,OA0420,Saravana Mobile,21/05/2026,11:41,,Collection,collection pending
V05798,BDM005,Dhanush P,OA0250,,24/05/2026,11:25,5,Order,
V05799,BDM004,Ashok Kumar,OA0225,Karpagam Cellpoint,25/07/2026,14:01,12,followup,
V05800,BDM007,Mohan Raj,OA0018,Amman Agencies,24/06/2026,13:26,12,Collection,collection pending
V05801,BDM006,Jegan R,OA0517,Sri Balaji Gadgets,03/06/2026,12:41,12,New onboarding,
V05802,BDM011,Ilango M,OA0759,Ram Infotech,30/07/2026,12:36,10,routine,
V05803,BDM008,Sathya N,OA0220,Chennai Silks Enterprises,2026-05-23,15:37,25,Order,
V05804,BDM007,Mohan Raj,OA0061,Sri Balaji Communications,29/06/2026,12:24,5,New onboarding,
V05805,BDM011,Ilango M,OA0577,Saravana Digital,25/06/2026,15:49,10,Order,
V05806,BDM008,Sathya N,OA0624,Saravana Enterprises,13/06/2026,12:04,20,Complaint,display not as per norms
V05807,BDM003,Vetri S,OA0362,Big C Telecom,25/07/2026,13:46,,,collection pending
V05808,BDM010,Praveen K,OA0135,Selvam Mobiles,2026-06-06,10:59,10,,asked for better margin
V05809,BDM008,Sathya N,OA0501,Big C Cellpoint,2026-05-01,10:19,20,New onboarding,discussed scheme
V05810,BDM009,Gowtham S,OA0793,Ram Digital,01/05/2026,10:47,15,Stock check,will order next week
V05811,BDM005,Dhanush P,OA0233,Galaxy Agencies,2026-07-28,10:48,15,Follow up,discussed scheme
V05812,BDM009,Gowtham S,OA0793,Ram Digital,14/07/2026,13:15,10,Stock check,shop closed
V05813,BDM002,Prakash M,OA0562,Big C Gadgets,2026-05-08,15:04,20,Order,
V05814,BDM012,Yuvaraj S,OA0742,Lakshmi Enterprises,2026-06-19,15:49,10,Follow up,owner not available
V05815,BDM002,Prakash M,OA0562,Big C Gadgets,23/07/2026,12:04,30,followup,
V05816,BDM011,Ilango M,OA0653,City Communications,08/06/2026,11:47,,,
V05817,BDM001,Sundar R,OA0009,Jeyam Enterprises,12/06/2026,11:32,10,followup,collection pending
V05818,BDM003,Vetri S,OA0541,Chennai Silks Mobiles,14/07/2026,11:07,12,Routine visit,stock displayed
V05819,BDM001,Sundar R,OA0617,Bharath Agencies,08/06/2026,15:27,45,routine,collection pending
V05820,BDM005,Dhanush P,OA0744,Jeyam Communications,27/05/2026,14:02,,Complaint,will order next week
V05821,BDM004,Ashok Kumar,OA0225,Karpagam Cellpoint,28/05/2026,12:35,5,followup,asked for better margin
V05822,BDM009,Gowtham S,OA0609,Kumaran Infotech,20/07/2026,16:45,30,,asked for better margin
V05823,BDM012,Yuvaraj S,OA0208,Universal Mobile,07/07/2026,12:17,8,Complaint,
V05824,BDM010,Praveen K,OA0135,Selvam Mobiles,09/07/2026,13:21,10,Stock check,owner not available
V05825,BDM004,Ashok Kumar,OA0777,City Communications,2026-07-25,12:02,45,New onboarding,asked for better margin
V05826,BDM002,Prakash M,OA0147,Jeyam Enterprises,29/06/2026,13:51,20,Routine visit,
V05827,BDM005,Dhanush P,OA0347,Thangam Mobiles,25/06/2026,15:53,45,,discussed scheme
V05828,BDM001,Sundar R,OA0065,,2026-07-03,14:02,12,,
V05829,BDM001,Sundar R,OA0029,Lakshmi Traders,13/07/2026,15:00,15,Follow up,
V05830,BDM012,Yuvaraj S,OA0046,Selvam Infotech,24/06/2026,16:36,5,New onboarding,will order next week
V05831,BDM010,Praveen K,OA0348,Poorvika Mobile,2026-06-04,12:52,,New onboarding,discussed scheme
V05832,BDM006,Jegan R,OA0423,Bharath Electronics,04/06/2026,12:36,20,followup,
V05833,BDM001,Sundar R,OA0408,Galaxy Infotech,11/07/2026,11:35,,followup,
V05834,BDM007,Mohan Raj,OA0012,Ram Enterprises,2026-06-26,11:09,30,Collection,
V05835,BDM003,Vetri S,OA0476,Anandha Telecom,03/07/2026,10:57,25,Routine visit,
V05836,BDM005,Dhanush P,OA0465,Vasanth Electronics,25/05/2026,13:16,8,Follow up,display not as per norms
V05837,BDM005,Dhanush P,OA0753,Big C Traders,16/07/2026,13:52,10,Order,
V05838,BDM009,Gowtham S,OA0479,Vasanth Cellpoint,06/07/2026,11:54,8,,
V05839,BDM008,Sathya N,OA0312,Meenakshi Traders,05/06/2026,12:53,45,Stock check,
V05840,BDM003,Vetri S,OA0341,Prime Electronics,2026-07-11,12:48,30,Stock check,
V05841,BDM006,Jegan R,OA0145,Ganesh Agencies,2026-07-14,10:26,12,Complaint,will order next week
V05842,BDM009,Gowtham S,OA0404,Saravana Gadgets,2026-05-06,16:00,25,Routine visit,
V05843,BDM005,Dhanush P,OA0233,Galaxy Agencies,27/07/2026,12:31,,New onboarding,display not as per norms
V05844,BDM006,Jegan R,OA0648,Vinayaga Digital,2026-05-08,12:28,10,,discussed scheme
V05845,BDM005,Dhanush P,OA0093,Vinayaga Cellpoint,22/06/2026,12:14,25,Complaint,owner not available
V05846,BDM001,Sundar R,OA0529,iStore Enterprises,25/07/2026,10:13,,Order,asked for better margin
V05847,BDM007,Mohan Raj,OA0625,Karpagam Agencies,04/06/2026,10:35,8,Follow up,will order next week
V05848,BDM012,Yuvaraj S,OA0768,City Telecom,16/07/2026,14:20,10,Follow up,stock displayed
V05849,BDM011,Ilango M,OA0409,Amman Mobile,2026-05-23,16:07,45,followup,discussed scheme
V05850,BDM012,Yuvaraj S,OA0808,Sakthi Communications - Branch,27/06/2026,13:56,20,Follow up,owner not available
V05851,BDM006,Jegan R,OA0518,Thangam Mobile,29/07/2026,14:11,8,New onboarding,
V05852,BDM009,Gowtham S,OA0656,Ram Cellpoint,16/07/2026,13:26,20,Stock check,will order next week
V05853,BDM005,Dhanush P,OA0647,Devi Infotech,25/07/2026,10:04,,Follow up,discussed scheme
V05854,BDM009,Gowtham S,OA0257,Vinayaga Mobiles,03/06/2026,12:51,20,Complaint,
V05855,BDM006,Jegan R,OA0247,,27/05/2026,10:38,20,,discussed scheme
V05856,BDM008,Sathya N,OA0260,,2026-05-08,11:19,25,New onboarding,display not as per norms
V05857,BDM005,Dhanush P,OA0033,,2026-05-16,01:34,15,followup,
V05858,BDM001,Sundar R,OA0141,Muthu Electronics,01/07/2026,15:02,15,Stock check,
V05859,BDM010,Praveen K,OA0518,Thangam Mobile,21/05/2026,12:00,25,Routine visit,
V05860,BDM008,Sathya N,OA0241,Muthu Digital,08/07/2026,15:29,25,Routine visit,
V05861,BDM008,Sathya N,OA0030,Big C Mobile,25/05/2026,12:55,10,Follow up,
V05862,BDM002,Prakash M,OA0818,Selvam Agencies ,2026-05-23,10:34,10,Complaint,asked for better margin
V05863,BDM007,Mohan Raj,OA0739,Sangeetha Communications,04/06/2026,11:45,25,Complaint,display not as per norms
V05864,BDM011,Ilango M,OA0495,iStore Gadgets,25/06/2026,10:37,20,New onboarding,shop closed
V05865,BDM010,Praveen K,OA0524,Vasanth Electronics,05/05/2026,12:30,45,New onboarding,collection pending
V05866,BDM011,Ilango M,OA0300,Sri Krishna Gadgets,04/07/2026,13:33,25,followup,display not as per norms
V05867,BDM012,Yuvaraj S,OA0527,Devi Mobile,23/06/2026,16:00,20,Routine visit,
V05868,BDM003,Vetri S,OA0053,Big C Agencies,18/05/2026,11:04,12,New onboarding,asked for better margin
V05869,BDM009,Gowtham S,OA0013,Ganesh Digital,2026-07-28,12:24,15,Stock check,collection pending
V05870,BDM010,Praveen K,OA0717,Poorvika Traders,30/07/2026,13:00,20,Routine visit,
V05871,BDM009,Gowtham S,OA0291,Big C Mobiles,2026-05-02,11:02,10,routine,shop closed
V05872,BDM008,Sathya N,OA0014,Ganesh Cellpoint,29/05/2026,12:02,10,Routine visit,display not as per norms
V05873,BDM005,Dhanush P,OA0591,City Traders,06/06/2026,13:50,5,routine,collection pending
V05874,BDM005,Dhanush P,OA0150,Universal Communications,30/06/2026,11:48,30,Collection,owner not available
V05875,BDM007,Mohan Raj,OA0526,Galaxy Cellpoint,23/05/2026,13:00,5,Stock check,will order next week
V05876,BDM007,Mohan Raj,OA0756,Modern Telecom,29/07/2026,12:08,,Collection,shop closed
V05877,BDM010,Praveen K,OA0265,Chennai Silks Cellpoint,07/07/2026,15:26,30,Stock check,
V05878,BDM009,Gowtham S,OA0607,Jeyam Digital,15/05/2026,10:00,30,Complaint,
V05879,BDM001,Sundar R,OA0483,Ram Gadgets,10/07/2026,12:31,12,,
V05880,BDM006,Jegan R,OA0091,Bharath Mobile,29/07/2026,11:33,20,Stock check,stock displayed
V05881,BDM009,Gowtham S,OA0609,Kumaran Infotech,04/06/2026,10:09,25,routine,
V05882,BDM012,Yuvaraj S,OA0764,Anandha Infotech,08/07/2026,11:32,15,New onboarding,
V05883,BDM006,Jegan R,OA0384,Bharath Mobile,04/05/2026,11:57,,Stock check,stock displayed
V05884,BDM011,Ilango M,OA0534,Royal Traders,24/07/2026,11:48,,routine,stock displayed
V05885,BDM012,Yuvaraj S,OA0764,Anandha Infotech,28/05/2026,12:12,45,Complaint,
V05886,BDM009,Gowtham S,OA0537,Selvam Digital,18/07/2026,14:45,30,Routine visit,
V05887,BDM010,Praveen K,OA0217,Devi Electronics,26/05/2026,11:28,15,followup,
V05888,BDM005,Dhanush P,OA0706,iStore Infotech,11/07/2026,11:11,30,Order,
V05889,BDM003,Vetri S,OA0750,Vasanth Cellpoint,28/07/2026,11:24,5,,
V05890,BDM006,Jegan R,OA0715,Kumaran Electronics,09/05/2026,13:07,25,Routine visit,display not as per norms
V05891,BDM012,Yuvaraj S,OA0365,Meenakshi Telecom,2026-06-06,13:01,20,Stock check,
V05892,BDM001,Sundar R,OA0214,Sri Krishna Telecom,2026-06-02,14:19,8,,will order next week
V05893,BDM012,Yuvaraj S,OA0295,Sakthi Communications,2026-07-20,11:50,5,,discussed scheme
V05894,BDM007,Mohan Raj,OA0027,Universal Cellpoint,2026-07-04,12:05,8,Complaint,
V05895,BDM007,Mohan Raj,OA0103,New Star Enterprises,04/05/2026,11:38,,,collection pending
V05896,BDM009,Gowtham S,OA0361,Universal Mobile,29/05/2026,11:51,8,Stock check,
V05897,BDM004,Ashok Kumar,OA0490,Amman Mobiles,15/07/2026,15:29,30,Follow up,
V05898,BDM011,Ilango M,OA0280,Poorvika Cellpoint,2026-07-13,11:22,45,Order,discussed scheme
V05899,BDM010,Praveen K,OA0179,Ram Agencies,08/05/2026,15:06,,Complaint,shop closed
V05900,BDM008,Sathya N,OA0017,Mobile World Infotech,2026-05-28,10:26,20,Follow up,display not as per norms
V05901,BDM006,Jegan R,OA0299,Vinayaga Gadgets,25/05/2026,13:01,45,Stock check,stock displayed
V05902,BDM012,Yuvaraj S,OA0365,Meenakshi Telecom,2026-07-02,10:56,30,Complaint,stock displayed
V05903,BDM001,Sundar R,OA0712,Devi Gadgets,29/06/2026,13:59,12,New onboarding,
V05904,BDM009,Gowtham S,OA0285,Sakthi Mobiles,14/05/2026,13:07,45,Order,shop closed
